name,rating,genre,year,released,score,votes,director,writer,star,country,budget,gross,company,runtime
The Departed,R,Crime,2006,"October 6, 2006 (United States)",8.5,1200000.0,Martin Scorsese,William Monahan,Leonardo DiCaprio,United States,90000000.0,291465373.0,Warner Bros.,151.0
The Fast and the Furious: Tokyo Drift,PG-13,Action,2006,"June 16, 2006 (United States)",6.0,252000.0,Justin Lin,Chris Morgan,Lucas Black,United States,85000000.0,158964610.0,Universal Pictures,104.0
Talladega Nights: the Ballad of Ricky Bobby,PG-13,Comedy,2006,"August 4, 2006 (United States)",6.6,172000.0,Adam McKay,Will Ferrell,Will Ferrell,United States,72500000.0,163362095.0,Columbia Pictures,108.0
The Prestige,PG-13,Drama,2006,"October 20, 2006 (United States)",8.5,1200000.0,Christopher Nolan,Jonathan Nolan,Christian Bale,United Kingdom,40000000.0,109676311.0,Touchstone Pictures,130.0
Cars,G,Animation,2006,"June 9, 2006 (United States)",7.1,381000.0,John Lasseter,John Lasseter,Owen Wilson,United States,120000000.0,461991867.0,Pixar Animation Studios,117.0
300,R,Action,2006,"March 9, 2007 (United States)",7.6,750000.0,Zack Snyder,Zack Snyder,Gerard Butler,United States,65000000.0,456068181.0,Warner Bros.,117.0
The Devil Wears Prada,PG-13,Comedy,2006,"June 30, 2006 (United States)",6.9,385000.0,David Frankel,Aline Brosh McKenna,Anne Hathaway,United States,35000000.0,326706115.0,Fox 2000 Pictures,109.0
Casino Royale,PG-13,Action,2006,"November 17, 2006 (United States)",8.0,594000.0,Martin Campbell,Neal Purvis,Daniel Craig,United Kingdom,150000000.0,616502912.0,Columbia Pictures,144.0
Pan's Labyrinth,R,Drama,2006,"January 19, 2007 (United States)",8.2,631000.0,Guillermo del Toro,Guillermo del Toro,Ivana Baquero,Spain,19000000.0,83850267.0,Estudios Picasso,118.0
Pirates of the Caribbean: Dead Man's Chest,PG-13,Action,2006,"July 7, 2006 (United States)",7.3,668000.0,Gore Verbinski,Ted Elliott,Johnny Depp,United States,225000000.0,1066179747.0,Walt Disney Pictures,151.0
Apocalypto,R,Action,2006,"December 8, 2006 (United States)",7.8,297000.0,Mel Gibson,Mel Gibson,Gerardo Taracena,United States,40000000.0,120673227.0,Icon Productions,139.0
She's the Man,PG-13,Comedy,2006,"March 17, 2006 (United States)",6.3,149000.0,Andy Fickman,Ewan Leslie,Amanda Bynes,United States,20000000.0,57194667.0,Dreamworks Pictures,105.0
Little Children,R,Drama,2006,"February 9, 2007 (United States)",7.5,107000.0,Todd Field,Todd Field,Kate Winslet,United States,26000000.0,14821658.0,New Line Cinema,137.0
Children of Men,R,Adventure,2006,"January 5, 2007 (United States)",7.9,474000.0,Alfonso Cuarón,Alfonso Cuarón,Julianne Moore,United States,76000000.0,70595464.0,Universal Pictures,109.0
The Da Vinci Code,PG-13,Mystery,2006,"May 19, 2006 (United States)",6.6,410000.0,Ron Howard,Akiva Goldsman,Tom Hanks,United States,125000000.0,760006945.0,Columbia Pictures,149.0
The Pursuit of Happyness,PG-13,Biography,2006,"December 15, 2006 (United States)",8.0,465000.0,Gabriele Muccino,Steve Conrad,Will Smith,United States,55000000.0,307127625.0,Columbia Pictures,117.0
Little Miss Sunshine,R,Comedy,2006,"August 18, 2006 (United States)",7.8,450000.0,Jonathan Dayton,Michael Arndt,Steve Carell,United States,8000000.0,101058954.0,Fox Searchlight Pictures,101.0
The Last King of Scotland,R,Biography,2006,"January 19, 2007 (United States)",7.7,179000.0,Kevin Macdonald,Peter Morgan,James McAvoy,United Kingdom,6000000.0,48618191.0,Fox Searchlight Pictures,123.0
Blood Diamond,R,Adventure,2006,"December 8, 2006 (United States)",8.0,511000.0,Edward Zwick,Charles Leavitt,Leonardo DiCaprio,United States,100000000.0,171720398.0,Warner Bros.,143.0
The Lives of Others,R,Drama,2006,"March 30, 2007 (United States)",8.4,368000.0,Florian Henckel von Donnersmarck,Florian Henckel von Donnersmarck,Ulrich Mühe,Germany,2000000.0,77356942.0,Wiedemann & Berg Filmproduktion,137.0
Night at the Museum,PG,Adventure,2006,"December 22, 2006 (United States)",6.4,323000.0,Shawn Levy,Robert Ben Garant,Ben Stiller,United States,110000000.0,574481229.0,Twentieth Century Fox,108.0
Mission: Impossible III,PG-13,Action,2006,"May 5, 2006 (United States)",6.9,337000.0,J.J. Abrams,Alex Kurtzman,Tom Cruise,United States,150000000.0,398479497.0,Paramount Pictures,126.0
Marie Antoinette,PG-13,Biography,2006,"October 20, 2006 (United States)",6.5,104000.0,Sofia Coppola,Sofia Coppola,Kirsten Dunst,United States,40000000.0,60917189.0,Columbia Pictures,123.0
Inside Man,R,Crime,2006,"March 24, 2006 (United States)",7.6,350000.0,Spike Lee,Russell Gewirtz,Denzel Washington,United States,45000000.0,186003591.0,Universal Pictures,129.0
Running Scared,R,Action,2006,"February 24, 2006 (United States)",7.3,98000.0,Wayne Kramer,Wayne Kramer,Paul Walker,Germany,15000000.0,9380029.0,New Line Cinema,122.0
Accepted,PG-13,Comedy,2006,"August 18, 2006 (United States)",6.4,127000.0,Steve Pink,Adam Cooper,Justin Long,United States,23000000.0,38623262.0,Universal Pictures,93.0
Superman Returns,PG-13,Action,2006,"June 28, 2006 (United States)",6.0,274000.0,Bryan Singer,Michael Dougherty,Brandon Routh,United States,270000000.0,391081192.0,Warner Bros.,154.0
Slither,R,Comedy,2006,"March 31, 2006 (United States)",6.5,76000.0,James Gunn,James Gunn,Nathan Fillion,Canada,15000000.0,12834936.0,Gold Circle Films,95.0
Nacho Libre,PG,Comedy,2006,"June 16, 2006 (United States)",5.8,83000.0,Jared Hess,Jared Hess,Jack Black,United States,35000000.0,99255460.0,Paramount Pictures,92.0
The Covenant,PG-13,Action,2006,"September 8, 2006 (United States)",5.3,48000.0,Renny Harlin,J.S. Cardone,Steven Strait,United States,20000000.0,37598767.0,Screen Gems,97.0
The Hills Have Eyes,R,Horror,2006,"March 10, 2006 (United States)",6.4,162000.0,Alexandre Aja,Wes Craven,Ted Levine,United States,15000000.0,70009308.0,Craven-Maddalena Films,107.0
The Fountain,PG-13,Drama,2006,"November 22, 2006 (United States)",7.2,232000.0,Darren Aronofsky,Darren Aronofsky,Hugh Jackman,Canada,35000000.0,16468343.0,Warner Bros.,97.0
X-Men: the Last Stand,PG-13,Action,2006,"May 26, 2006 (United States)",6.7,491000.0,Brett Ratner,Simon Kinberg,Patrick Stewart,United States,210000000.0,460435291.0,Twentieth Century Fox,104.0
Underworld: Evolution,R,Action,2006,"January 20, 2006 (United States)",6.7,193000.0,Len Wiseman,Danny McBride,Kate Beckinsale,United States,50000000.0,111476513.0,Screen Gems,106.0
Click,PG-13,Comedy,2006,"June 23, 2006 (United States)",6.4,313000.0,Frank Coraci,Steve Koren,Adam Sandler,United States,82500000.0,240685326.0,Columbia Pictures,107.0
The Holiday,PG-13,Comedy,2006,"December 8, 2006 (United States)",6.9,258000.0,Nancy Meyers,Nancy Meyers,Kate Winslet,United States,85000000.0,205850134.0,Columbia Pictures,136.0
Silent Hill,R,Horror,2006,"April 21, 2006 (United States)",6.5,217000.0,Christophe Gans,Roger Avary,Radha Mitchell,Canada,50000000.0,100605135.0,TriStar Pictures,125.0
Basic Instinct 2,R,Drama,2006,"March 31, 2006 (United States)",4.3,38000.0,Michael Caton-Jones,Joe Eszterhas,Sharon Stone,United Kingdom,70000000.0,38629478.0,Metro-Goldwyn-Mayer (MGM),114.0
The Black Dahlia,R,Crime,2006,"September 15, 2006 (United States)",5.6,72000.0,Brian De Palma,Josh Friedman,Josh Hartnett,United States,50000000.0,49332692.0,Universal Pictures,121.0
Perfume: The Story of a Murderer,R,Crime,2006,"January 5, 2007 (United States)",7.5,239000.0,Tom Tykwer,Andrew Birkin,Ben Whishaw,Germany,60000000.0,135039924.0,DreamWorks,147.0
Lucky Number Slevin,R,Crime,2006,"April 7, 2006 (United States)",7.7,303000.0,Paul McGuigan,Jason Smilovic,Josh Hartnett,United States,27000000.0,56308881.0,The Weinstein Company,110.0
Smokin' Aces,R,Action,2006,"January 26, 2007 (United States)",6.7,140000.0,Joe Carnahan,Joe Carnahan,Jeremy Piven,United Kingdom,17000000.0,57232879.0,Universal Pictures,108.0
Deja Vu,PG-13,Action,2006,"November 22, 2006 (United States)",7.0,298000.0,Tony Scott,Bill Marsilii,Denzel Washington,United States,75000000.0,180557550.0,Touchstone Pictures,126.0
RV,PG,Adventure,2006,"April 28, 2006 (United States)",5.5,57000.0,Barry Sonnenfeld,Geoff Rodkey,Robin Williams,United Kingdom,50000000.0,87528173.0,Columbia Pictures,99.0
Tenacious D in the Pick of Destiny,R,Adventure,2006,"November 22, 2006 (United States)",6.8,104000.0,Liam Lynch,Jack Black,Jack Black,United States,20000000.0,13939963.0,Red Hour Films,93.0
Black Book,R,Drama,2006,"May 18, 2007 (United States)",7.7,74000.0,Paul Verhoeven,Gerard Soeteman,Carice van Houten,Netherlands,21000000.0,26768563.0,Fu Works,145.0
Step Up,PG-13,Crime,2006,"August 11, 2006 (United States)",6.5,113000.0,Anne Fletcher,Duane Adler,Channing Tatum,United States,12000000.0,114197742.0,Touchstone Pictures,104.0
Borat: Cultural Learnings of America for Make Benefit Glorious Nation of Kazakhstan,R,Comedy,2006,"November 3, 2006 (United States)",7.3,387000.0,Larry Charles,Sacha Baron Cohen,Sacha Baron Cohen,United States,18000000.0,262552893.0,Everyman Pictures,84.0
Snakes on a Plane,R,Action,2006,"August 18, 2006 (United States)",5.4,134000.0,David R. Ellis,John Heffernan,Samuel L. Jackson,United States,33000000.0,62022014.0,New Line Cinema,105.0
Lady in the Water,PG-13,Drama,2006,"July 21, 2006 (United States)",5.5,96000.0,M. Night Shyamalan,M. Night Shyamalan,Paul Giamatti,United States,70000000.0,72785169.0,Warner Bros.,110.0
Crank,R,Action,2006,"September 1, 2006 (United States)",6.9,239000.0,Mark Neveldine,Mark Neveldine,Jason Statham,United States,12000000.0,42931041.0,Lakeshore Entertainment,88.0
The Illusionist,PG-13,Drama,2006,"September 1, 2006 (United States)",7.6,360000.0,Neil Burger,Neil Burger,Edward Norton,United States,16500000.0,87892388.0,Bull's Eye Entertainment,110.0
Over the Hedge,PG,Animation,2006,"May 19, 2006 (United States)",6.7,164000.0,Tim Johnson,Len Blum,Bruce Willis,United States,80000000.0,339795890.0,DreamWorks Animation,83.0
Final Destination 3,R,Horror,2006,"February 10, 2006 (United States)",5.8,133000.0,James Wong,Glen Morgan,Mary Elizabeth Winstead,United States,25000000.0,118890272.0,New Line Cinema,93.0
Stranger Than Fiction,PG-13,Comedy,2006,"November 10, 2006 (United States)",7.5,222000.0,Marc Forster,Zach Helm,Will Ferrell,United States,30000000.0,53653224.0,Columbia Pictures,113.0
Aquamarine,PG,Comedy,2006,"March 3, 2006 (United States)",5.4,39000.0,Elizabeth Allen Rosenbaum,John Quaintance,Emma Roberts,United States,12000000.0,22989957.0,Fox 2000 Pictures,110.0
Scary Movie 4,PG-13,Comedy,2006,"April 14, 2006 (United States)",5.1,116000.0,David Zucker,Craig Mazin,Anna Faris,United States,45000000.0,178262620.0,Dimension Films,83.0
The Fall,R,Adventure,2006,"May 30, 2008 (United States)",7.9,109000.0,Tarsem Singh,Dan Gilroy,Lee Pace,United States,30000000.0,3669465.0,Googly Films,117.0
John Tucker Must Die,PG-13,Comedy,2006,"July 28, 2006 (United States)",5.8,81000.0,Betty Thomas,Jeff Lowell,Jesse Metcalfe,United States,18000000.0,68844775.0,Twentieth Century Fox,89.0
The Good Shepherd,R,Drama,2006,"December 22, 2006 (United States)",6.7,100000.0,Robert De Niro,Eric Roth,Matt Damon,United States,110000000.0,100266865.0,Universal Pictures,167.0
Rocky Balboa,PG,Action,2006,"December 20, 2006 (United States)",7.1,208000.0,Sylvester Stallone,Sylvester Stallone,Sylvester Stallone,United States,24000000.0,155929020.0,Metro-Goldwyn-Mayer (MGM),102.0
Eragon,PG,Action,2006,"December 15, 2006 (United States)",5.1,123000.0,Stefen Fangmeier,Peter Buchman,Ed Speleers,United States,100000000.0,250425512.0,Fox 2000 Pictures,104.0
Dreamgirls,PG-13,Drama,2006,"December 25, 2006 (United States)",6.5,71000.0,Bill Condon,Tom Eyen,Beyoncé,United States,70000000.0,155430335.0,Dreamworks Pictures,130.0
Babel,R,Drama,2006,"November 10, 2006 (United States)",7.4,293000.0,Alejandro G. Iñárritu,Guillermo Arriaga,Brad Pitt,United States,25000000.0,135330182.0,Paramount Pictures,143.0
A Good Year,PG-13,Comedy,2006,"November 10, 2006 (United States)",7.0,91000.0,Ridley Scott,Marc Klein,Russell Crowe,United States,35000000.0,42269923.0,Fox 2000 Pictures,117.0
Miami Vice,R,Action,2006,"July 28, 2006 (United States)",6.0,112000.0,Michael Mann,Michael Mann,Colin Farrell,Germany,135000000.0,163794509.0,Universal Pictures,132.0
Saw III,R,Crime,2006,"October 27, 2006 (United States)",6.2,183000.0,Darren Lynn Bousman,Leigh Whannell,Tobin Bell,Canada,10000000.0,164874275.0,Twisted Pictures,108.0
Happy Feet,PG,Animation,2006,"November 17, 2006 (United States)",6.4,174000.0,George Miller,George Miller,Elijah Wood,United States,100000000.0,384336108.0,Warner Bros.,108.0
The Texas Chainsaw Massacre: the Beginning,R,Horror,2006,"October 6, 2006 (United States)",5.8,69000.0,Jonathan Liebesman,Sheldon Turner,Jordana Brewster,United States,16000000.0,51764406.0,New Line Cinema,91.0
Black Snake Moan,R,Drama,2006,"March 2, 2007 (United States)",6.9,62000.0,Craig Brewer,Craig Brewer,Christina Ricci,United States,15000000.0,10907485.0,Paramount Classics,116.0
Monster House,PG,Animation,2006,"July 21, 2006 (United States)",6.6,106000.0,Gil Kenan,Dan Harmon,Mitchel Musso,United States,75000000.0,141861243.0,Columbia Pictures,91.0
Scoop,PG-13,Comedy,2006,"July 28, 2006 (United States)",6.6,82000.0,Woody Allen,Woody Allen,Scarlett Johansson,United Kingdom,17300000.0,39220946.0,BBC Films,96.0
World Trade Center,PG-13,Drama,2006,"August 9, 2006 (United States)",5.9,79000.0,Oliver Stone,Andrea Berloff,Nicolas Cage,United States,65000000.0,163247198.0,Paramount Pictures,129.0
Employee of the Month,PG-13,Comedy,2006,"October 6, 2006 (United States)",5.5,46000.0,Greg Coolidge,Don Calame,Jessica Simpson,United States,12000000.0,38395414.0,Lionsgate,103.0
Little Man,PG-13,Comedy,2006,"July 14, 2006 (United States)",4.5,52000.0,Keenen Ivory Wayans,Keenen Ivory Wayans,Shawn Wayans,United States,64000000.0,104003322.0,Revolution Studios,98.0
The Benchwarmers,PG-13,Comedy,2006,"April 7, 2006 (United States)",5.5,49000.0,Dennis Dugan,Allen Covert,David Spade,United States,33000000.0,64962629.0,Revolution Studios,85.0
Poseidon,PG-13,Action,2006,"May 12, 2006 (United States)",5.7,100000.0,Wolfgang Petersen,Mark Protosevich,Richard Dreyfuss,United States,160000000.0,181674817.0,Warner Bros.,98.0
Flushed Away,PG,Animation,2006,"November 3, 2006 (United States)",6.6,117000.0,David Bowers,Dick Clement,Hugh Jackman,United Kingdom,149000000.0,178281554.0,Aardman Animations,85.0
The Guardian,PG-13,Action,2006,"September 29, 2006 (United States)",6.9,89000.0,Andrew Davis,Ron L. Brinkerhoff,Kevin Costner,United States,70000000.0,94973540.0,Touchstone Pictures,139.0
Rescue Dawn,PG-13,Action,2006,"July 27, 2007 (United States)",7.3,103000.0,Werner Herzog,Werner Herzog,Christian Bale,United States,10000000.0,7177143.0,Metro-Goldwyn-Mayer (MGM),120.0
When a Stranger Calls,PG-13,Horror,2006,"February 3, 2006 (United States)",5.1,44000.0,Simon West,Jake Wade Wall,Camilla Belle,United States,15000000.0,67062123.0,Screen Gems,87.0
A Scanner Darkly,R,Animation,2006,"July 28, 2006 (United States)",7.1,108000.0,Richard Linklater,Philip K. Dick,Keanu Reeves,United States,8700000.0,7659918.0,Warner Independent Pictures (WIP),100.0
DOA: Dead or Alive,PG-13,Action,2006,"June 15, 2007 (United States)",4.8,44000.0,Corey Yuen,J.F. Lawton,Jaime Pressly,United Kingdom,21000000.0,7563172.0,Dimension Films,87.0
Shortbus,Not Rated,Comedy,2006,"October 20, 2006 (United States)",6.4,32000.0,John Cameron Mitchell,John Cameron Mitchell,Sook-Yin Lee,United States,2000000.0,5526675.0,THINKFilm,101.0
Catch and Release,PG-13,Comedy,2006,"January 26, 2007 (United States)",6.0,25000.0,Susannah Grant,Susannah Grant,Jennifer Garner,United States,25000000.0,16162580.0,Columbia Pictures,124.0
The Break-Up,PG-13,Comedy,2006,"June 2, 2006 (United States)",5.8,128000.0,Peyton Reed,Jeremy Garelick,Jennifer Aniston,United States,52000000.0,205668210.0,Universal Pictures,106.0
United 93,R,Action,2006,"April 28, 2006 (United States)",7.6,100000.0,Paul Greengrass,Paul Greengrass,David Alan Basche,United States,15000000.0,76700659.0,Universal Pictures,111.0
The Pink Panther,PG,Adventure,2006,"February 10, 2006 (United States)",5.7,83000.0,Shawn Levy,Len Blum,Steve Martin,United States,80000000.0,164115897.0,Metro-Goldwyn-Mayer (MGM),93.0
Letters from Iwo Jima,R,Action,2006,"February 2, 2007 (United States)",7.9,156000.0,Clint Eastwood,Iris Yamashita,Ken Watanabe,United States,19000000.0,68673228.0,Dreamworks Pictures,141.0
Southland Tales,R,Comedy,2006,"December 7, 2007 (United Kingdom)",5.4,38000.0,Richard Kelly,Richard Kelly,Dwayne Johnson,France,17000000.0,374743.0,Universal Pictures,145.0
Flags of Our Fathers,R,Action,2006,"October 20, 2006 (United States)",7.1,119000.0,Clint Eastwood,William Broyles Jr.,Ryan Phillippe,United States,90000000.0,65900249.0,Dreamworks Pictures,135.0
Failure to Launch,PG-13,Comedy,2006,"March 10, 2006 (United States)",5.6,76000.0,Tom Dey,Tom J. Astle,Matthew McConaughey,United States,50000000.0,130224158.0,Paramount Pictures,97.0
Clerks II,R,Comedy,2006,"July 21, 2006 (United States)",7.3,131000.0,Kevin Smith,Kevin Smith,Brian O'Halloran,United States,5000000.0,26986174.0,The Weinstein Company,97.0
16 Blocks,PG-13,Action,2006,"March 3, 2006 (United States)",6.6,128000.0,Richard Donner,Richard Wenk,Bruce Willis,United States,52000000.0,65664721.0,Alcon Entertainment,102.0
My Super Ex-Girlfriend,PG-13,Comedy,2006,"July 21, 2006 (United States)",5.1,63000.0,Ivan Reitman,Don Payne,Uma Thurman,United States,30000000.0,61108981.0,New Regency Productions,96.0
The Lake House,PG,Drama,2006,"June 16, 2006 (United States)",6.8,143000.0,Alejandro Agresti,David Auburn,Keanu Reeves,United States,40000000.0,114830111.0,Warner Bros.,99.0
The Wicker Man,PG-13,Horror,2006,"September 1, 2006 (United States)",3.7,65000.0,Neil LaBute,Neil LaBute,Nicolas Cage,United States,40000000.0,38805380.0,Warner Bros.,102.0
Open Season,PG,Animation,2006,"September 29, 2006 (United States)",6.1,89000.0,Roger Allers,Steve Bencich,Ashton Kutcher,United States,85000000.0,200811689.0,Columbia Pictures,86.0
Charlotte's Web,G,Adventure,2006,"December 15, 2006 (United States)",6.3,39000.0,Gary Winick,Susannah Grant,Dakota Fanning,United States,85000000.0,148963822.0,Paramount Pictures,97.0
The Omen,R,Action,2006,"June 6, 2006 (United States)",5.5,57000.0,John Moore,David Seltzer,Liev Schreiber,United States,25000000.0,119974972.0,Twentieth Century Fox,110.0
Penelope,PG,Comedy,2006,"February 29, 2008 (United States)",6.7,61000.0,Mark Palansky,Leslie Caveny,Christina Ricci,United Kingdom,15000000.0,21156270.0,Summit Entertainment,104.0
Ice Age: the Meltdown,PG,Animation,2006,"March 31, 2006 (United States)",6.8,262000.0,Carlos Saldanha,Peter Gaulke,Ray Romano,United States,80000000.0,667094506.0,Twentieth Century Fox Animation,91.0
Beerfest,R,Comedy,2006,"August 25, 2006 (United States)",6.3,65000.0,Jay Chandrasekhar,Jay Chandrasekhar,Jay Chandrasekhar,United States,17500000.0,20387597.0,Warner Bros.,110.0
Stay Alive,PG-13,Fantasy,2006,"March 24, 2006 (United States)",5.1,31000.0,William Brent Bell,William Brent Bell,Jon Foster,United States,7000000.0,27298695.0,Hollywood Pictures,85.0
Bug,R,Drama,2006,"May 25, 2007 (United States)",6.1,34000.0,William Friedkin,Tracy Letts,Ashley Judd,United States,4000000.0,8095658.0,Lions Gate Films,102.0
Turistas,R,Horror,2006,"December 1, 2006 (United States)",5.4,37000.0,John Stockwell,Michael Arlen Ross,Josh Duhamel,United States,10000000.0,14756513.0,Fox Atomic,93.0
Notes on a Scandal,R,Crime,2006,"January 26, 2007 (United States)",7.4,76000.0,Richard Eyre,Patrick Marber,Cate Blanchett,United Kingdom,15000000.0,49814392.0,Fox Searchlight Pictures,92.0
"Paris, je t'aime",R,Comedy,2006,"June 15, 2007 (United States)",7.2,71000.0,Directors,Tristan Carné,Juliette Binoche,France,13000000.0,17471727.0,Victoires International,120.0
Seraphim Falls,R,Action,2006,"April 13, 2007 (Taiwan)",6.7,30000.0,David Von Ancken,David Von Ancken,Pierce Brosnan,United States,18000000.0,1220058.0,Icon Productions,115.0
Invincible,PG,Biography,2006,"August 25, 2006 (United States)",7.1,68000.0,Ericson Core,Brad Gann,Mark Wahlberg,United States,40000000.0,58480828.0,Walt Disney Pictures,105.0
Firewall,PG-13,Action,2006,"February 10, 2006 (United States)",5.8,57000.0,Richard Loncraine,Joe Forte,Harrison Ford,United States,50000000.0,82751189.0,Warner Bros.,105.0
Hatchet,R,Comedy,2006,"April 2, 2010 (Italy)",5.7,30000.0,Adam Green,Adam Green,Kane Hodder,United States,1500000.0,208550.0,ArieScope Pictures,93.0
We Are Marshall,PG,Drama,2006,"December 22, 2006 (United States)",7.1,59000.0,McG,Jamie Linden,Matthew McConaughey,United States,65000000.0,43545364.0,Warner Bros.,131.0
Just My Luck,PG-13,Comedy,2006,"May 12, 2006 (United States)",5.4,55000.0,Donald Petrie,I. Marlene King,Lindsay Lohan,United States,28000000.0,38159905.0,New Regency Productions,103.0
Madea's Family Reunion,PG-13,Comedy,2006,"February 24, 2006 (United States)",5.3,11000.0,Tyler Perry,Tyler Perry,Tyler Perry,United States,6000000.0,63368939.0,Lions Gate Films,107.0
The Marine,PG-13,Action,2006,"October 13, 2006 (United States)",4.7,33000.0,John Bonito,Michelle Gallagher,John Cena,United States,20000000.0,22165608.0,Twentieth Century Fox,92.0
The Painted Veil,PG-13,Drama,2006,"January 19, 2007 (United States)",7.5,90000.0,John Curran,Ron Nyswaner,Naomi Watts,China,19400000.0,26910847.0,WIP,125.0
Ultraviolet,PG-13,Action,2006,"March 3, 2006 (United States)",4.4,80000.0,Kurt Wimmer,Kurt Wimmer,Milla Jovovich,United States,30000000.0,31070211.0,Screen Gems,88.0
Factory Girl,R,Biography,2006,"February 16, 2007 (United States)",6.4,21000.0,George Hickenlooper,Captain Mauzner,Sienna Miller,United States,7000000.0,3572632.0,The Weinstein Company,90.0
Akeelah and the Bee,PG,Drama,2006,"April 28, 2006 (United States)",7.4,19000.0,Doug Atchison,Doug Atchison,Angela Bassett,United States,8000000.0,18948425.0,Out of the Blue... Entertainment,112.0
Barnyard,PG,Animation,2006,"August 4, 2006 (United States)",5.6,29000.0,Steve Oedekerk,Steve Oedekerk,Kevin James,United States,51000000.0,116755080.0,O Entertainment,90.0
Arthur and the Invisibles,PG,Animation,2006,"January 12, 2007 (United States)",6.0,34000.0,Luc Besson,Céline Garcia,Freddie Highmore,France,86000000.0,108605609.0,EuropaCorp,94.0
Zoom,PG,Action,2006,"August 11, 2006 (United States)",4.4,19000.0,Peter Hewitt,Adam Rifkin,Tim Allen,United States,35000000.0,12506362.0,Revolution Studios,83.0
Eight Below,PG,Adventure,2006,"February 17, 2006 (United States)",7.3,62000.0,Frank Marshall,David DiGilio,Paul Walker,United States,40000000.0,120455994.0,Walt Disney Pictures,120.0
Curse of the Golden Flower,R,Action,2006,"January 12, 2007 (United States)",7.0,43000.0,Yimou Zhang,Zhihong Bian,Chow Yun-Fat,Hong Kong,45000000.0,78568977.0,Film Partner International,114.0
Date Movie,PG-13,Comedy,2006,"February 17, 2006 (United States)",2.8,58000.0,Aaron Seltzer,Jason Friedberg,Alyson Hannigan,United States,20000000.0,85749034.0,New Regency Productions,83.0
Flyboys,PG-13,Action,2006,"September 22, 2006 (United States)",6.5,42000.0,Tony Bill,Phil Sears,James Franco,United Kingdom,60000000.0,17858059.0,Electric Entertainment,140.0
Find Me Guilty,R,Biography,2006,"March 17, 2006 (United States)",7.0,33000.0,Sidney Lumet,Sidney Lumet,Vin Diesel,Germany,13000000.0,2636637.0,Yari Film Group Releasing,125.0
"You, Me and Dupree",PG-13,Comedy,2006,"July 14, 2006 (United States)",5.6,79000.0,Anthony Russo,Michael LeSieur,Kate Hudson,United States,54000000.0,130628903.0,Universal Pictures,110.0
Curious George,G,Animation,2006,"February 10, 2006 (United States)",6.5,16000.0,Matthew O'Callaghan,Ken Kaufman,Will Ferrell,United States,50000000.0,69865924.0,Imagine Entertainment,87.0
Flicka,PG,Adventure,2006,"October 20, 2006 (United States)",6.1,7600.0,Michael Mayer,Mark Rosenthal,Alison Lohman,United States,15000000.0,21893591.0,Fox 2000 Pictures,95.0
Black Christmas,R,Horror,2006,"December 25, 2006 (United States)",4.6,25000.0,Glen Morgan,Glen Morgan,Michelle Trachtenberg,Canada,9000000.0,21510851.0,Dimension Films,95.0
Wristcutters: A Love Story,R,Comedy,2006,"November 2, 2007 (United States)",7.3,54000.0,Goran Dukic,Goran Dukic,Patrick Fugit,United States,1000000.0,454026.0,No Matter Pictures,88.0
See No Evil,R,Action,2006,"May 19, 2006 (United States)",5.1,26000.0,Gregory Dark,Dan Madigan,Glenn Jacobs,United States,8000000.0,18707966.0,World Wrestling Entertainment (WWE),84.0
Last Holiday,PG-13,Comedy,2006,"January 13, 2006 (United States)",6.5,30000.0,Wayne Wang,Jeffrey Price,Queen Latifah,United States,45000000.0,43451846.0,Last Holiday Productions,112.0
Friends with Money,R,Comedy,2006,"April 21, 2006 (United States)",5.8,29000.0,Nicole Holofcener,Nicole Holofcener,Jennifer Aniston,United States,6500000.0,18245244.0,This Is That Productions,88.0
All the King's Men,PG-13,Drama,2006,"September 22, 2006 (United States)",6.2,24000.0,Steven Zaillian,Steven Zaillian,Sean Penn,Germany,55000000.0,9451623.0,Columbia Pictures,128.0
Hollywoodland,R,Biography,2006,"September 8, 2006 (United States)",6.5,33000.0,Allen Coulter,Paul Bernbaum,Adrien Brody,United States,28000000.0,16800438.0,Focus Features,126.0
ATL,PG-13,Comedy,2006,"March 31, 2006 (United States)",6.2,11000.0,Chris Robinson,Tina Gordon,T.I.,United States,20000000.0,21170563.0,Sweet Tea Pictures LLC,105.0
Bobby,R,Biography,2006,"November 23, 2006 (United States)",7.0,41000.0,Emilio Estevez,Emilio Estevez,Anthony Hopkins,United States,14000000.0,20718608.0,The Weinstein Company,117.0
Half Nelson,R,Drama,2006,"September 22, 2006 (United States)",7.2,85000.0,Ryan Fleck,Ryan Fleck,Ryan Gosling,United States,700000.0,4660481.0,Hunting Lane Films,106.0
The Wild,G,Animation,2006,"April 14, 2006 (United States)",5.2,25000.0,Steve 'Spaz' Williams,Ed Decter,Kiefer Sutherland,Canada,80000000.0,102338515.0,C.O.R.E. Feature Animation,82.0
Infamous,R,Biography,2006,"October 13, 2006 (United States)",7.1,17000.0,Douglas McGrath,Douglas McGrath,Toby Jones,United States,13000000.0,2689799.0,Warner Independent Pictures (WIP),110.0
Take the Lead,PG-13,Drama,2006,"April 7, 2006 (United States)",6.6,25000.0,Liz Friedlander,Dianne Houston,Antonio Banderas,United States,30000000.0,66500090.0,New Line Cinema,118.0
Gridiron Gang,PG-13,Biography,2006,"September 15, 2006 (United States)",6.9,58000.0,Phil Joanou,Jeff Maguire,Dwayne Johnson,United States,30000000.0,41480851.0,Columbia Pictures Industries,125.0
The Ant Bully,PG,Animation,2006,"July 28, 2006 (United States)",5.8,38000.0,John A. Davis,John A. Davis,Paul Giamatti,United States,50000000.0,55181129.0,Warner Bros.,88.0
Fur: an Imaginary Portrait of Diane Arbus,R,Biography,2006,"October 20, 2006 (Italy)",6.4,15000.0,Steven Shainberg,Erin Cressida Wilson,Nicole Kidman,United States,16800000.0,2312717.0,Pressman Film,122.0
Peaceful Warrior,PG-13,Drama,2006,"June 23, 2006 (United States)",7.3,27000.0,Victor Salva,Kevin Bernhardt,Scott Mechlowicz,United States,10000000.0,4326927.0,DEJ Productions,120.0
The Santa Clause 3: The Escape Clause,G,Adventure,2006,"November 3, 2006 (United States)",4.8,34000.0,Michael Lembeck,Ed Decter,Tim Allen,United States,12000000.0,110768122.0,Walt Disney Pictures,92.0
Miss Potter,PG,Biography,2006,"March 9, 2007 (United States)",7.0,28000.0,Chris Noonan,Richard Maltby Jr.,Renée Zellweger,United Kingdom,30000000.0,35078241.0,Phoenix Pictures,88.0
Big Momma's House 2,PG-13,Comedy,2006,"January 27, 2006 (United States)",4.8,41000.0,John Whitesell,Don Rhymer,Martin Lawrence,United States,40000000.0,141522961.0,Twentieth Century Fox,99.0
Pulse,PG-13,Horror,2006,"August 11, 2006 (United States)",4.8,28000.0,Jim Sonzero,Kiyoshi Kurosawa,Kristen Bell,United States,20500000.0,29907685.0,Dimension Films,90.0
The Last Kiss,R,Comedy,2006,"September 15, 2006 (United States)",6.4,41000.0,Tony Goldwyn,Paul Haggis,Zach Braff,United States,20000000.0,15852401.0,Lakeshore Entertainment,104.0
The Astronaut Farmer,PG,Adventure,2006,"February 23, 2007 (United States)",6.3,22000.0,Michael Polish,Mark Polish,Billy Bob Thornton,United States,13000000.0,11130889.0,Warner Bros.,104.0
Mini's First Time,R,Comedy,2006,"July 14, 2006 (Canada)",5.8,8100.0,Nick Guthe,Nick Guthe,Alec Baldwin,United States,6000000.0,156318.0,Bold Films,91.0
Lonely Hearts,R,Biography,2006,"October 21, 2006 (Taiwan)",6.4,20000.0,Todd Robinson,Todd Robinson,John Travolta,Germany,18000000.0,2520835.0,Millennium Films,108.0
Everyone's Hero,G,Animation,2006,"September 15, 2006 (United States)",5.7,8300.0,Colin Brady,Robert Kurtz,Jake T. Austin,Canada,35000000.0,16627188.0,Arc Productions,87.0
Old Joy,Unrated,Drama,2006,"January 26, 2007 (United Kingdom)",6.8,7000.0,Kelly Reichardt,Jonathan Raymond,Daniel London,United States,300000.0,301047.0,Film Science,76.0
The Grudge 2,PG-13,Horror,2006,"October 13, 2006 (United States)",5.1,48000.0,Takashi Shimizu,Stephen Susco,Amber Tamblyn,United States,20000000.0,70711175.0,Columbia Pictures,102.0
For Your Consideration,PG-13,Comedy,2006,"November 22, 2006 (United States)",6.3,14000.0,Christopher Guest,Christopher Guest,Catherine O'Hara,United States,12000000.0,5925637.0,Shangri-La Entertainment,86.0
The Sentinel,PG-13,Action,2006,"April 21, 2006 (United States)",6.1,49000.0,Clark Johnson,George Nolfi,Michael Douglas,United States,60000000.0,78810595.0,Twentieth Century Fox,108.0
Hoot,PG,Adventure,2006,"May 5, 2006 (United States)",5.5,8000.0,Wil Shriner,Wil Shriner,Logan Lerman,United States,15000000.0,8224998.0,Hoot Productions LLC,91.0
Garfield: A Tail of Two Kitties,PG,Animation,2006,"June 16, 2006 (United States)",5.0,40000.0,Tim Hill,Joel Cohen,Breckin Meyer,United Kingdom,60000000.0,143325970.0,Twentieth Century Fox,82.0
There Will Be Blood,R,Drama,2007,"January 25, 2008 (United States)",8.2,535000.0,Paul Thomas Anderson,Paul Thomas Anderson,Daniel Day-Lewis,United States,25000000.0,76182388.0,Paramount Vantage,158.0
No Country for Old Men,R,Crime,2007,"November 21, 2007 (United States)",8.1,886000.0,Ethan Coen,Joel Coen,Tommy Lee Jones,United States,25000000.0,171627166.0,Paramount Vantage,122.0
Stardust,PG-13,Adventure,2007,"August 10, 2007 (United States)",7.6,260000.0,Matthew Vaughn,Jane Goldman,Charlie Cox,United Kingdom,70000000.0,137515140.0,Paramount Pictures,127.0
Gone Baby Gone,R,Crime,2007,"October 19, 2007 (United States)",7.6,258000.0,Ben Affleck,Ben Affleck,Morgan Freeman,United States,19000000.0,34612443.0,Miramax,114.0
Disturbia,PG-13,Crime,2007,"April 13, 2007 (United States)",6.8,226000.0,D.J. Caruso,Christopher Landon,Shia LaBeouf,United States,20000000.0,118114220.0,Dreamworks Pictures,105.0
Zodiac,R,Crime,2007,"March 2, 2007 (United States)",7.7,486000.0,David Fincher,James Vanderbilt,Jake Gyllenhaal,United States,65000000.0,84785914.0,Paramount Pictures,157.0
Superbad,R,Comedy,2007,"August 17, 2007 (United States)",7.6,535000.0,Greg Mottola,Seth Rogen,Michael Cera,United States,20000000.0,170812526.0,Columbia Pictures,113.0
Transformers,PG-13,Action,2007,"July 3, 2007 (United States)",7.0,607000.0,Michael Bay,Roberto Orci,Shia LaBeouf,United States,150000000.0,709709780.0,Dreamworks Pictures,144.0
Harry Potter and the Order of the Phoenix,PG-13,Action,2007,"July 11, 2007 (United States)",7.5,527000.0,David Yates,Michael Goldenberg,Daniel Radcliffe,United Kingdom,150000000.0,942172396.0,Warner Bros.,138.0
Into the Wild,R,Adventure,2007,"October 19, 2007 (United States)",8.1,588000.0,Sean Penn,Sean Penn,Emile Hirsch,United States,15000000.0,56675895.0,Paramount Vantage,148.0
Ratatouille,G,Animation,2007,"June 29, 2007 (United States)",8.0,660000.0,Brad Bird,Brad Bird,Brad Garrett,United States,150000000.0,623726085.0,Walt Disney Pictures,111.0
Atonement,R,Drama,2007,"January 11, 2008 (United States)",7.8,259000.0,Joe Wright,Ian McEwan,Keira Knightley,United Kingdom,30000000.0,131016624.0,Universal Pictures,123.0
Shooter,R,Action,2007,"March 23, 2007 (United States)",7.2,317000.0,Antoine Fuqua,Jonathan Lemkin,Mark Wahlberg,United States,61000000.0,95696996.0,Paramount Pictures,124.0
American Gangster,R,Biography,2007,"November 2, 2007 (United States)",7.8,401000.0,Ridley Scott,Steven Zaillian,Denzel Washington,United States,100000000.0,269755430.0,Universal Pictures,157.0
Spider-Man 3,PG-13,Action,2007,"May 4, 2007 (United States)",6.2,513000.0,Sam Raimi,Sam Raimi,Tobey Maguire,United States,258000000.0,894983373.0,Columbia Pictures,139.0
Live Free or Die Hard,PG-13,Action,2007,"June 27, 2007 (United States)",7.1,394000.0,Len Wiseman,John Carlin,Bruce Willis,United States,110000000.0,388156011.0,Twentieth Century Fox,128.0
Pirates of the Caribbean: at World's End,PG-13,Action,2007,"May 25, 2007 (United States)",7.1,608000.0,Gore Verbinski,Ted Elliott,Johnny Depp,United States,300000000.0,960996492.0,Walt Disney Pictures,169.0
I Am Legend,PG-13,Action,2007,"December 14, 2007 (United States)",7.2,704000.0,Francis Lawrence,Mark Protosevich,Will Smith,United States,150000000.0,585410052.0,Warner Bros.,101.0
Juno,PG-13,Comedy,2007,"December 25, 2007 (United States)",7.4,499000.0,Jason Reitman,Diablo Cody,Elliot Page,United States,7500000.0,232372681.0,Fox Searchlight Pictures,96.0
28 Weeks Later,R,Horror,2007,"May 11, 2007 (United States)",7.0,263000.0,Juan Carlos Fresnadillo,Rowan Joffe,Jeremy Renner,United Kingdom,15000000.0,65048678.0,Fox Atomic,100.0
Hitman,R,Action,2007,"November 21, 2007 (United States)",6.3,163000.0,Xavier Gens,Skip Woods,Timothy Olyphant,France,24000000.0,101276318.0,Twentieth Century Fox,100.0
Enchanted,PG,Comedy,2007,"November 21, 2007 (United States)",7.0,181000.0,Kevin Lima,Bill Kelly,Amy Adams,United States,85000000.0,340487836.0,Walt Disney Pictures,107.0
The Mist,R,Horror,2007,"November 21, 2007 (United States)",7.1,287000.0,Frank Darabont,Frank Darabont,Thomas Jane,United States,18000000.0,57470220.0,Dimension Films,126.0
Hairspray,PG,Comedy,2007,"July 20, 2007 (United States)",6.6,122000.0,Adam Shankman,Leslie Dixon,John Travolta,United States,75000000.0,203553311.0,New Line Cinema,117.0
Knocked Up,R,Comedy,2007,"June 1, 2007 (United States)",6.9,356000.0,Judd Apatow,Judd Apatow,Seth Rogen,United States,30000000.0,219922417.0,Universal Pictures,129.0
Sweeney Todd: the Demon Barber of Fleet Street,R,Drama,2007,"December 21, 2007 (United States)",7.3,350000.0,Tim Burton,John Logan,Johnny Depp,United States,50000000.0,153383627.0,Dreamworks Pictures,116.0
Grindhouse,R,Action,2007,"April 6, 2007 (United States)",7.5,180000.0,Directors,Robert Rodriguez,Kurt Russell,United States,67000000.0,25422088.0,Dimension Films,191.0
Ghost Rider,PG-13,Action,2007,"February 16, 2007 (United States)",5.3,227000.0,Mark Steven Johnson,Mark Steven Johnson,Nicolas Cage,United States,110000000.0,228738393.0,Columbia Pictures,110.0
The Darjeeling Limited,R,Adventure,2007,"October 26, 2007 (United States)",7.2,186000.0,Wes Anderson,Wes Anderson,Owen Wilson,United States,16000000.0,35310019.0,Fox Searchlight Pictures,91.0
Bridge to Terabithia,PG,Drama,2007,"February 16, 2007 (United States)",7.1,147000.0,Gabor Csupo,Jeff Stockwell,Josh Hutcherson,United States,17000000.0,137587063.0,Walden Media,96.0
The Nanny Diaries,PG-13,Comedy,2007,"August 24, 2007 (United States)",6.2,57000.0,Shari Springer Berman,Emma McLaughlin,Scarlett Johansson,United States,20000000.0,47817020.0,The Weinstein Company,105.0
Funny Games,R,Crime,2007,"April 4, 2008 (United Kingdom)",6.6,93000.0,Michael Haneke,Michael Haneke,Naomi Watts,United States,15000000.0,7938872.0,Celluloid Dreams,111.0
Halloween,R,Horror,2007,"August 31, 2007 (United States)",6.1,111000.0,Rob Zombie,Rob Zombie,Scout Taylor-Compton,United States,15000000.0,80460948.0,Dimension Films,109.0
The Bourne Ultimatum,PG-13,Action,2007,"August 3, 2007 (United States)",8.0,612000.0,Paul Greengrass,Tony Gilroy,Matt Damon,United States,110000000.0,444100035.0,Universal Pictures,115.0
Norbit,PG-13,Comedy,2007,"February 9, 2007 (United States)",4.1,71000.0,Brian Robbins,Eddie Murphy,Eddie Murphy,United States,60000000.0,159814490.0,Dreamworks Pictures,102.0
Beowulf,PG-13,Animation,2007,"November 16, 2007 (United States)",6.2,163000.0,Robert Zemeckis,Neil Gaiman,Ray Winstone,United States,150000000.0,196393745.0,Paramount Pictures,115.0
Next,PG-13,Action,2007,"April 27, 2007 (United States)",6.2,152000.0,Lee Tamahori,Gary Goldman,Nicolas Cage,United States,70000000.0,77621983.0,Paramount Pictures,96.0
3:10 to Yuma,R,Action,2007,"September 7, 2007 (United States)",7.7,295000.0,James Mangold,Halsted Welles,Russell Crowe,United States,55000000.0,70016220.0,Lionsgate,122.0
Across the Universe,PG-13,Drama,2007,"October 12, 2007 (United States)",7.3,107000.0,Julie Taymor,Dick Clement,Evan Rachel Wood,United States,45000000.0,29625761.0,Revolution Studios,133.0
Ocean's Thirteen,PG-13,Crime,2007,"June 8, 2007 (United States)",6.9,328000.0,Steven Soderbergh,Brian Koppelman,George Clooney,United States,85000000.0,311312624.0,Warner Bros.,122.0
Blades of Glory,PG-13,Comedy,2007,"March 30, 2007 (United States)",6.3,161000.0,Josh Gordon,Jeff Cox,Will Ferrell,United States,61000000.0,145710347.0,Dreamworks Pictures,93.0
Surf's Up,PG,Animation,2007,"June 8, 2007 (United States)",6.7,72000.0,Ash Brannon,Don Rhymer,Shia LaBeouf,United States,100000000.0,152005713.0,Columbia Pictures,85.0
Resident Evil: Extinction,R,Action,2007,"September 21, 2007 (United States)",6.2,187000.0,Russell Mulcahy,Paul W.S. Anderson,Milla Jovovich,France,45000000.0,147717833.0,Screen Gems,94.0
30 Days of Night,R,Action,2007,"October 19, 2007 (United States)",6.6,168000.0,David Slade,Steve Niles,Josh Hartnett,United States,30000000.0,75513170.0,Columbia Pictures,113.0
Awake,R,Crime,2007,"November 30, 2007 (United States)",6.5,73000.0,Joby Harold,Joby Harold,Hayden Christensen,United States,8600000.0,32730062.0,The Weinstein Company,84.0
Dead Silence,R,Horror,2007,"March 16, 2007 (United States)",6.2,89000.0,James Wan,Leigh Whannell,Ryan Kwanten,United States,20000000.0,22382047.0,Universal Pictures,89.0
Bee Movie,PG,Animation,2007,"November 2, 2007 (United States)",6.1,148000.0,Simon J. Smith,Jerry Seinfeld,Jerry Seinfeld,United States,150000000.0,293514336.0,DreamWorks Animation,91.0
The Heartbreak Kid,R,Comedy,2007,"October 5, 2007 (United States)",5.8,88000.0,Bobby Farrelly,Scot Armstrong,Ben Stiller,United States,60000000.0,128453183.0,Dreamworks Pictures,116.0
Aliens vs. Predator: Requiem,R,Action,2007,"December 25, 2007 (United States)",4.6,118000.0,Colin Strause,Shane Salerno,Reiko Aylesworth,United States,40000000.0,130290885.0,Twentieth Century Fox,94.0
Shrek the Third,PG,Animation,2007,"May 18, 2007 (United States)",6.1,288000.0,Chris Miller,Jeffrey Price,Mike Myers,United States,160000000.0,813367380.0,DreamWorks,93.0
1408,PG-13,Fantasy,2007,"June 22, 2007 (United States)",6.8,260000.0,Mikael Håfström,Matt Greenberg,John Cusack,United States,25000000.0,132963417.0,Dimension Films,104.0
The Kingdom,R,Action,2007,"September 28, 2007 (United States)",7.0,121000.0,Peter Berg,Matthew Michael Carnahan,Jamie Foxx,United States,70000000.0,87019158.0,Universal Pictures,110.0
The Assassination of Jesse James by the Coward Robert Ford,R,Biography,2007,"October 19, 2007 (United States)",7.5,173000.0,Andrew Dominik,Andrew Dominik,Brad Pitt,United States,30000000.0,15001776.0,Warner Bros.,160.0
Good Luck Chuck,R,Comedy,2007,"September 21, 2007 (United States)",5.6,87000.0,Mark Helfrich,Josh Stolberg,Dane Cook,United States,25000000.0,59768495.0,Lionsgate,96.0
Hostel: Part II,R,Horror,2007,"June 8, 2007 (United States)",5.5,87000.0,Eli Roth,Eli Roth,Lauren German,United States,10200000.0,35728183.0,Lionsgate,94.0
Fantastic 4: Rise of the Silver Surfer,PG,Action,2007,"June 15, 2007 (United States)",5.6,254000.0,Tim Story,Don Payne,Ioan Gruffudd,United States,130000000.0,301913131.0,Twentieth Century Fox,92.0
The Golden Compass,PG-13,Adventure,2007,"December 7, 2007 (United States)",6.1,182000.0,Chris Weitz,Chris Weitz,Nicole Kidman,United Kingdom,180000000.0,372234864.0,New Line Cinema,113.0
Rush Hour 3,PG-13,Action,2007,"August 10, 2007 (United States)",6.2,157000.0,Brett Ratner,Jeff Nathanson,Jackie Chan,United States,140000000.0,258097122.0,New Line Cinema,91.0
Timecrimes,R,Horror,2007,"June 27, 2008 (Spain)",7.2,60000.0,Nacho Vigalondo,Nacho Vigalondo,Karra Elejalde,Spain,2600000.0,553198.0,Karbo Vantas Entertainment,92.0
Epic Movie,PG-13,Adventure,2007,"January 26, 2007 (United States)",2.4,103000.0,Jason Friedberg,Jason Friedberg,Kal Penn,United States,20000000.0,87238158.0,New Regency Productions,86.0
Meet the Robinsons,G,Animation,2007,"March 30, 2007 (United States)",6.8,91000.0,Stephen J. Anderson,Jon Bernstein,Daniel Hansen,United States,150000000.0,169333034.0,Walt Disney Animation Studios,95.0
Michael Clayton,R,Crime,2007,"October 12, 2007 (United States)",7.2,159000.0,Tony Gilroy,Tony Gilroy,George Clooney,United States,25000000.0,92991835.0,Samuels Media,119.0
The Bucket List,PG-13,Adventure,2007,"January 11, 2008 (United States)",7.4,235000.0,Rob Reiner,Justin Zackham,Jack Nicholson,United States,45000000.0,175372502.0,Warner Bros.,97.0
"Lust, Caution",NC-17,Drama,2007,"October 26, 2007 (United States)",7.5,38000.0,Ang Lee,Eileen Chang,Tony Chiu-Wai Leung,Taiwan,15000000.0,67091915.0,Haishang Films,157.0
Charlie Wilson's War,R,Biography,2007,"December 21, 2007 (United States)",7.0,113000.0,Mike Nichols,Aaron Sorkin,Tom Hanks,United States,75000000.0,119483446.0,Universal Pictures,102.0
Paranormal Activity,R,Horror,2007,"October 16, 2009 (United States)",6.3,225000.0,Oren Peli,Oren Peli,Katie Featherston,United States,15000.0,193355800.0,Solana Films,86.0
Freedom Writers,PG-13,Biography,2007,"January 5, 2007 (United States)",7.6,72000.0,Richard LaGravenese,Richard LaGravenese,Hilary Swank,Germany,21000000.0,43095175.0,Paramount Pictures,123.0
Before the Devil Knows You're Dead,R,Crime,2007,"October 26, 2007 (United States)",7.3,99000.0,Sidney Lumet,Kelly Masterson,Philip Seymour Hoffman,United States,18000000.0,25038466.0,Capitol Films,117.0
Alvin and the Chipmunks,PG,Animation,2007,"December 14, 2007 (United States)",5.2,79000.0,Tim Hill,Jon Vitti,Jason Lee,United States,60000000.0,365352546.0,Fox 2000 Pictures,92.0
P.S. I Love You,PG-13,Comedy,2007,"December 21, 2007 (United States)",7.0,203000.0,Richard LaGravenese,Richard LaGravenese,Hilary Swank,United States,30000000.0,156835339.0,Alcon Entertainment,126.0
Walk Hard: the Dewey Cox Story,R,Comedy,2007,"December 21, 2007 (United States)",6.8,69000.0,Jake Kasdan,Judd Apatow,John C. Reilly,United States,35000000.0,20576198.0,Apatow Productions,96.0
National Treasure: Book of Secrets,PG,Action,2007,"December 21, 2007 (United States)",6.5,223000.0,Jon Turteltaub,Marianne Wibberley,Nicolas Cage,United States,130000000.0,459242249.0,Walt Disney Pictures,124.0
Lars and the Real Girl,PG-13,Comedy,2007,"November 2, 2007 (United States)",7.3,141000.0,Craig Gillespie,Nancy Oliver,Ryan Gosling,United States,12000000.0,11293663.0,Metro-Goldwyn-Mayer (MGM),106.0
The Game Plan,PG,Comedy,2007,"September 28, 2007 (United States)",6.1,61000.0,Andy Fickman,Nichole Millard,Dwayne Johnson,United States,22000000.0,147880543.0,Walt Disney Pictures,110.0
Hannibal Rising,R,Action,2007,"February 9, 2007 (United States)",6.2,106000.0,Peter Webber,Thomas Harris,Gaspard Ulliel,Czech Republic,50000000.0,82169884.0,Young Hannibal Productions,121.0
Saw IV,R,Crime,2007,"October 26, 2007 (United States)",5.9,144000.0,Darren Lynn Bousman,Patrick Melton,Tobin Bell,Canada,10000000.0,139352633.0,Twisted Pictures,93.0
Premonition,PG-13,Drama,2007,"March 16, 2007 (United States)",5.9,74000.0,Mennan Yapo,Bill Kelly,Sandra Bullock,United States,20000000.0,84297309.0,TriStar Pictures,96.0
The Simpsons Movie,PG-13,Animation,2007,"July 27, 2007 (United States)",7.3,314000.0,David Silverman,James L. Brooks,Dan Castellaneta,United States,75000000.0,536414293.0,Twentieth Century Fox,87.0
Death at a Funeral,R,Comedy,2007,"September 7, 2007 (United States)",7.4,111000.0,Frank Oz,Dean Craig,Matthew Macfadyen,United States,9000000.0,46789413.0,Sidney Kimmel Entertainment,90.0
Mr. Brooks,R,Crime,2007,"June 1, 2007 (United States)",7.3,146000.0,Bruce A. Evans,Bruce A. Evans,Kevin Costner,United States,20000000.0,48443734.0,Metro-Goldwyn-Mayer (MGM),120.0
Vacancy,R,Horror,2007,"April 20, 2007 (United States)",6.2,96000.0,Nimród Antal,Mark L. Smith,Kate Beckinsale,United States,19000000.0,35442935.0,Screen Gems,85.0
Mr. Bean's Holiday,G,Comedy,2007,"August 24, 2007 (United States)",6.4,119000.0,Steve Bendelack,Rowan Atkinson,Rowan Atkinson,United Kingdom,25000000.0,232225908.0,Universal Pictures,90.0
Perfect Stranger,R,Crime,2007,"April 13, 2007 (United States)",5.7,46000.0,James Foley,Todd Komarnicki,Halle Berry,United States,60795000.0,73534117.0,Revolution Studios,109.0
The Brothers Solomon,R,Comedy,2007,"September 7, 2007 (United States)",5.3,11000.0,Bob Odenkirk,Will Forte,Will Arnett,United States,10000000.0,1035056.0,Carsey-Werner Company,93.0
August Rush,PG,Drama,2007,"November 21, 2007 (United States)",7.5,105000.0,Kirsten Sheridan,Nick Castle,Freddie Highmore,United States,30000000.0,66122026.0,Warner Bros.,114.0
Music and Lyrics,PG-13,Comedy,2007,"February 14, 2007 (United States)",6.5,99000.0,Marc Lawrence,Marc Lawrence,Hugh Grant,United States,40000000.0,145896422.0,Castle Rock Entertainment,104.0
Reservation Road,R,Crime,2007,"June 19, 2008 (Germany)",6.7,23000.0,Terry George,John Burnham Schwartz,Joaquin Phoenix,United States,11000000.0,1783226.0,Focus Features,102.0
I'm Not There,R,Biography,2007,"December 7, 2007 (United States)",6.9,57000.0,Todd Haynes,Todd Haynes,Christian Bale,Germany,20000000.0,11792542.0,Killer Films,135.0
Reno 911! Miami,R,Comedy,2007,"February 23, 2007 (United States)",5.9,26000.0,Robert Ben Garant,Robert Ben Garant,Thomas Lennon,United States,10000000.0,22021262.0,Twentieth Century Fox,84.0
The Number 23,R,Crime,2007,"February 23, 2007 (United States)",6.4,196000.0,Joel Schumacher,Fernley Phillips,Jim Carrey,United States,30000000.0,77677553.0,New Line Cinema,98.0
Shoot 'Em Up,R,Action,2007,"September 7, 2007 (United States)",6.6,146000.0,Michael Davis,Michael Davis,Clive Owen,United States,39000000.0,27122238.0,New Line Cinema,86.0
Evan Almighty,PG,Comedy,2007,"June 22, 2007 (United States)",5.4,142000.0,Tom Shadyac,Steve Oedekerk,Steve Carell,United States,175000000.0,174440724.0,Universal Pictures,96.0
Dan in Real Life,PG-13,Comedy,2007,"October 26, 2007 (United States)",6.7,99000.0,Peter Hedges,Pierce Gardner,Steve Carell,United States,25000000.0,68474305.0,Touchstone Pictures,98.0
The Lookout,R,Crime,2007,"March 30, 2007 (United States)",7.0,57000.0,Scott Frank,Scott Frank,Joseph Gordon-Levitt,United States,16000000.0,5371181.0,Miramax,99.0
The Brave One,R,Action,2007,"September 14, 2007 (United States)",6.7,59000.0,Neil Jordan,Roderick Taylor,Jodie Foster,United States,70000000.0,69787394.0,Warner Bros.,122.0
I Now Pronounce You Chuck & Larry,PG-13,Comedy,2007,"July 20, 2007 (United States)",5.9,143000.0,Dennis Dugan,Barry Fanaro,Adam Sandler,United States,85000000.0,187134117.0,Universal Pictures,115.0
La Vie En Rose,PG-13,Biography,2007,"July 20, 2007 (United States)",7.6,84000.0,Olivier Dahan,Isabelle Sobelman,Marion Cotillard,France,25000000.0,86274793.0,Légende Films,140.0
Once,R,Drama,2007,"June 15, 2007 (United States)",7.8,112000.0,John Carney,John Carney,Glen Hansard,Ireland,150000.0,20936722.0,Bórd Scannán na hÉireann,86.0
War,R,Action,2007,"August 24, 2007 (United States)",6.2,87000.0,Philip G. Atwell,Lee Anthony Smith,Jet Li,Canada,25000000.0,40481352.0,Lionsgate,103.0
The Visitor,PG-13,Drama,2007,"May 23, 2008 (United States)",7.6,42000.0,Tom McCarthy,Tom McCarthy,Richard Jenkins,United States,4000000.0,18197518.0,Groundswell Productions,104.0
Elizabeth: The Golden Age,PG-13,Biography,2007,"October 12, 2007 (United States)",6.8,69000.0,Shekhar Kapur,William Nicholson,Cate Blanchett,United Kingdom,55000000.0,75782758.0,Universal Pictures,114.0
Waitress,PG-13,Comedy,2007,"May 25, 2007 (United States)",7.0,44000.0,Adrienne Shelly,Adrienne Shelly,Keri Russell,United States,1500000.0,22240529.0,Night and Day Pictures,108.0
The Seeker: the Dark Is Rising,PG,Adventure,2007,"October 5, 2007 (United States)",4.8,15000.0,David L. Cunningham,John Hodge,Alexander Ludwig,United States,45000000.0,31852619.0,Twentieth Century Fox,99.0
No Reservations,PG,Comedy,2007,"July 27, 2007 (United States)",6.3,72000.0,Scott Hicks,Carol Fuchs,Catherine Zeta-Jones,United States,28000000.0,92601050.0,Castle Rock Entertainment,104.0
TMNT,PG,Animation,2007,"March 23, 2007 (United States)",6.2,62000.0,Kevin Munroe,Kevin Munroe,Patrick Stewart,Hong Kong,34000000.0,95802916.0,4Kids Entertainment,103.0
The Hills Have Eyes 2,R,Horror,2007,"March 23, 2007 (United States)",5.1,62000.0,Martin Weisz,Wes Craven,Daniella Alonso,United States,15000000.0,37697773.0,Fox Atomic,89.0
The Hitcher,R,Crime,2007,"January 19, 2007 (United States)",5.6,41000.0,Dave Meyers,Eric Red,Sean Bean,United States,10000000.0,25399945.0,Focus Features,84.0
Sydney White,PG-13,Comedy,2007,"September 21, 2007 (United States)",6.2,47000.0,Joe Nussbaum,Chad Gomez Creasey,Amanda Bynes,United States,16500000.0,13620075.0,Morgan Creek Entertainment,108.0
The Kite Runner,PG-13,Drama,2007,"January 11, 2008 (United States)",7.6,78000.0,Marc Forster,David Benioff,Khalid Abdalla,United States,20000000.0,75011029.0,Dreamworks Pictures,128.0
Reign Over Me,R,Drama,2007,"March 23, 2007 (United States)",7.4,94000.0,Mike Binder,Mike Binder,Adam Sandler,United States,20000000.0,22242388.0,Relativity Media,124.0
Bratz,PG,Comedy,2007,"August 3, 2007 (United States)",3.1,18000.0,Sean McNamara,Susan Estelle Jansen,Skyler Shaye,United States,20000000.0,26013153.0,Avi Arad & Associates,110.0
Daddy's Little Girls,PG-13,Drama,2007,"February 14, 2007 (United States)",5.8,7200.0,Tyler Perry,Tyler Perry,Gabrielle Union,United States,10000000.0,31609243.0,Lions Gate Films,100.0
Becoming Jane,PG,Biography,2007,"August 10, 2007 (United States)",7.0,59000.0,Julian Jarrold,Jane Austen,Anne Hathaway,United Kingdom,16500000.0,37407812.0,HanWay Films,120.0
In the Name of the King: A Dungeon Siege Tale,PG-13,Action,2007,"January 11, 2008 (United States)",3.8,45000.0,Uwe Boll,Doug Taylor,Jason Statham,Germany,60000000.0,13097915.0,Boll Kino Beteiligungs GmbH & Co. KG,127.0
Pathfinder,R,Action,2007,"April 13, 2007 (United States)",5.4,43000.0,Marcus Nispel,Laeta Kalogridis,Karl Urban,United States,45000000.0,30984583.0,Twentieth Century Fox,99.0
The Comebacks,PG-13,Comedy,2007,"October 19, 2007 (United States)",4.3,11000.0,Tom Brady,Ed Yeager,David Koechner,United States,20000000.0,13539154.0,Fox Atomic,84.0
We Own the Night,R,Action,2007,"October 12, 2007 (United States)",6.8,86000.0,James Gray,James Gray,Joaquin Phoenix,United States,21000000.0,55033767.0,Columbia Pictures,117.0
Savage Grace,Not Rated,Drama,2007,"January 25, 2008 (Spain)",5.8,11000.0,Tom Kalin,Howard A. Rodman,Julianne Moore,France,4600000.0,1432799.0,Celluloid Dreams,97.0
Death Sentence,R,Action,2007,"August 31, 2007 (United States)",6.7,70000.0,James Wan,Ian Mackenzie Jeffers,Kevin Bacon,United States,20000000.0,16974459.0,Twentieth Century Fox,105.0
The Water Horse,PG,Adventure,2007,"December 25, 2007 (United States)",6.4,39000.0,Jay Russell,Robert Nelson Jacobs,Emily Watson,New Zealand,40000000.0,103967384.0,Revolution Studios,112.0
Elite Squad,R,Action,2007,"October 12, 2007 (Brazil)",8.0,100000.0,José Padilha,André Batista,Wagner Moura,Brazil,4000000.0,14759148.0,Zazen Produções,115.0
My Blueberry Nights,PG-13,Drama,2007,"November 28, 2007 (France)",6.6,53000.0,Kar-Wai Wong,Kar-Wai Wong,Norah Jones,China,10000000.0,22007671.0,Block 2 Pictures,95.0
Margot at the Wedding,R,Comedy,2007,"February 21, 2008 (Australia)",6.0,20000.0,Noah Baumbach,Noah Baumbach,Nicole Kidman,United States,10000000.0,2900156.0,Scott Rudin Productions,91.0
The Messengers,PG-13,Drama,2007,"February 2, 2007 (United States)",5.4,39000.0,Danny Pang,Mark Wheaton,Dylan McDermott,United States,16000000.0,55060212.0,Screen Gems,90.0
Tyler Perry's Why Did I Get Married?,PG-13,Comedy,2007,"October 12, 2007 (United States)",5.9,12000.0,Tyler Perry,Tyler Perry,Tyler Perry,United States,15000000.0,55862886.0,Lions Gate Films,113.0
Love in the Time of Cholera,R,Drama,2007,"November 16, 2007 (United States)",6.4,23000.0,Mike Newell,Ronald Harwood,Javier Bardem,United States,45000000.0,31575877.0,New Line Cinema,139.0
P2,R,Crime,2007,"November 9, 2007 (United States)",5.9,33000.0,Franck Khalfoun,Alexandre Aja,Rachel Nichols,United States,8000000.0,7766240.0,P2 Productions,98.0
The Reaping,R,Horror,2007,"April 5, 2007 (United States)",5.6,42000.0,Stephen Hopkins,Carey W. Hayes,Hilary Swank,United States,40000000.0,62771059.0,Warner Bros.,99.0
The Invasion,PG-13,Sci-Fi,2007,"August 17, 2007 (United States)",5.9,75000.0,Oliver Hirschbiegel,David Kajganich,Nicole Kidman,United States,80000000.0,40170558.0,Warner Bros.,99.0
Redacted,R,Crime,2007,"November 16, 2007 (Spain)",6.1,10000.0,Brian De Palma,Brian De Palma,Patrick Carroll,United States,5000000.0,784604.0,HDNet Films,90.0
Who's Your Caddy?,PG-13,Comedy,2007,"July 27, 2007 (United States)",2.2,15000.0,Don Michael Paul,Don Michael Paul,Big Boi,United States,7000000.0,5713425.0,Ascendant Pictures,93.0
Persepolis,PG-13,Animation,2007,"February 22, 2008 (United States)",8.0,90000.0,Vincent Paronnaud,Marjane Satrapi,Chiara Mastroianni,France,7300000.0,22783978.0,2.4.7. Films,96.0
The Great Debaters,PG-13,Biography,2007,"December 25, 2007 (United States)",7.5,57000.0,Denzel Washington,Robert Eisele,Denzel Washington,United States,15000000.0,30271556.0,Harpo Films,126.0
Georgia Rule,R,Comedy,2007,"May 11, 2007 (United States)",5.8,24000.0,Garry Marshall,Mark Andrus,Jane Fonda,United States,20000000.0,25000167.0,Morgan Creek Entertainment,113.0
I Know Who Killed Me,R,Crime,2007,"July 27, 2007 (United States)",3.6,26000.0,Chris Sivertson,Jeff Hammond,Lindsay Lohan,United States,12000000.0,9669758.0,360 Pictures,105.0
Mr. Magorium's Wonder Emporium,G,Comedy,2007,"November 16, 2007 (United States)",6.2,44000.0,Zach Helm,Zach Helm,Natalie Portman,United States,65000000.0,69474661.0,Mandate Pictures,93.0
Hotel for Dogs,PG,Comedy,2007,"January 16, 2009 (United States)",5.4,22000.0,Thor Freudenthal,Jeff Lowell,Emma Roberts,Germany,35000000.0,117252578.0,Dreamworks Pictures,100.0
Fred Claus,PG,Comedy,2007,"November 9, 2007 (United States)",5.6,41000.0,David Dobkin,Dan Fogelman,Vince Vaughn,United States,100000000.0,97838349.0,Warner Bros.,116.0
Sex and Death 101,R,Comedy,2007,"February 22, 2008 (United States)",5.9,11000.0,Daniel Waters,Daniel Waters,Robert Wisdom,United States,5000000.0,1229330.0,Avenue Pictures,117.0
Lions for Lambs,R,Crime,2007,"November 9, 2007 (United States)",6.2,48000.0,Robert Redford,Matthew Michael Carnahan,Tom Cruise,United States,35000000.0,64811540.0,Metro-Goldwyn-Mayer (MGM),92.0
Captivity,R,Crime,2007,"July 13, 2007 (United States)",4.6,23000.0,Roland Joffé,Larry Cohen,Elisha Cuthbert,United States,17000000.0,10921200.0,Captivity Productions,96.0
Charlie Bartlett,R,Comedy,2007,"February 22, 2008 (United States)",7.0,64000.0,Jon Poll,Gustin Nash,Anton Yelchin,United States,12000000.0,5254986.0,Metro-Goldwyn-Mayer (MGM),97.0
The Invisible,PG-13,Crime,2007,"April 27, 2007 (United States)",6.2,35000.0,David S. Goyer,Mick Davis,Justin Chatwin,United States,30000000.0,26810113.0,Hollywood Pictures,102.0
The Last Legion,PG-13,Action,2007,"August 17, 2007 (United States)",5.4,35000.0,Doug Lefler,Jez Butterworth,Colin Firth,United Kingdom,35000000.0,25303038.0,Dino De Laurentiis Company,101.0
Diary of the Dead,R,Fantasy,2007,"February 22, 2008 (United States)",5.6,46000.0,George A. Romero,George A. Romero,Michelle Morgan,United States,2000000.0,5540941.0,Artfire Films,95.0
Mongol: The Rise of Genghis Khan,R,Action,2007,"July 4, 2008 (United States)",7.2,45000.0,Sergei Bodrov,Arif Aliev,Tadanobu Asano,Russia,18000000.0,26527510.0,CTB Film Company,126.0
The Life Before Her Eyes,R,Drama,2007,"September 5, 2008 (Poland)",6.3,14000.0,Vadim Perelman,Laura Kasischke,Uma Thurman,United States,13000000.0,7248490.0,2929 Productions,90.0
Nancy Drew,PG,Comedy,2007,"June 15, 2007 (United States)",5.9,20000.0,Andrew Fleming,Andrew Fleming,Emma Roberts,United States,20000000.0,30666930.0,Warner Bros.,99.0
In the Land of Women,PG-13,Comedy,2007,"April 20, 2007 (United States)",6.4,31000.0,Jonathan Kasdan,Jonathan Kasdan,Adam Brody,United States,10000000.0,17562071.0,Castle Rock Entertainment,97.0
Rendition,R,Drama,2007,"October 19, 2007 (United States)",6.8,55000.0,Gavin Hood,Kelley Sane,Reese Witherspoon,United States,27500000.0,27066382.0,Anonymous Content,122.0
License to Wed,PG-13,Comedy,2007,"July 3, 2007 (United States)",5.3,38000.0,Ken Kwapis,Kim Barker,Mandy Moore,United States,35000000.0,70181325.0,Warner Bros.,91.0
88 Minutes,R,Crime,2007,"April 18, 2008 (United States)",5.9,75000.0,Jon Avnet,Gary Scott Thompson,Al Pacino,United States,30000000.0,32593385.0,Millennium Films,108.0
Stomp the Yard,PG-13,Drama,2007,"January 12, 2007 (United States)",5.4,22000.0,Sylvain White,Robert Adetuyi,Columbus Short,United States,13000000.0,75511123.0,Rainforest Films,115.0
Hounddog,R,Drama,2007,"January 22, 2007 (United States)",6.3,6000.0,Deborah Kampmeier,Deborah Kampmeier,Dakota Fanning,United States,3750000.0,131961.0,Deerjen Films,102.0
Postal,R,Action,2007,"October 18, 2007 (Germany)",4.5,22000.0,Uwe Boll,Uwe Boll,Zack Ward,United States,15000000.0,146741.0,Boll Kino Beteiligungs GmbH & Co. KG,100.0
The Hunting Party,R,Adventure,2007,"September 21, 2007 (United States)",6.8,25000.0,Richard Shepard,Richard Shepard,Richard Gere,United States,25000000.0,7674033.0,Intermedia,101.0
Things We Lost in the Fire,R,Drama,2007,"October 19, 2007 (United States)",7.2,28000.0,Susanne Bier,Allan Loeb,Halle Berry,United States,16000000.0,8591255.0,Dreamworks Pictures,118.0
The Dark Knight,PG-13,Action,2008,"July 18, 2008 (United States)",9.0,2400000.0,Christopher Nolan,Jonathan Nolan,Christian Bale,United States,185000000.0,1005973645.0,Warner Bros.,152.0
Twilight,PG-13,Drama,2008,"November 21, 2008 (United States)",5.2,435000.0,Catherine Hardwicke,Melissa Rosenberg,Kristen Stewart,United States,37000000.0,408430415.0,Summit Entertainment,122.0
Iron Man,PG-13,Action,2008,"May 2, 2008 (United States)",7.9,969000.0,Jon Favreau,Mark Fergus,Robert Downey Jr.,United States,140000000.0,585796247.0,Paramount Pictures,126.0
The Incredible Hulk,PG-13,Action,2008,"June 13, 2008 (United States)",6.7,448000.0,Louis Leterrier,Zak Penn,Edward Norton,United States,150000000.0,264770996.0,Universal Pictures,112.0
Kung Fu Panda,PG,Animation,2008,"June 6, 2008 (United States)",7.6,432000.0,Mark Osborne,Jonathan Aibel,Jack Black,United States,130000000.0,631746197.0,DreamWorks Animation,92.0
Tropic Thunder,R,Action,2008,"August 13, 2008 (United States)",7.0,390000.0,Ben Stiller,Justin Theroux,Ben Stiller,United States,92000000.0,195702963.0,Dreamworks Pictures,107.0
Step Brothers,R,Comedy,2008,"July 25, 2008 (United States)",6.9,274000.0,Adam McKay,Will Ferrell,Will Ferrell,United States,65000000.0,128108211.0,Columbia Pictures,98.0
Quantum of Solace,PG-13,Action,2008,"November 14, 2008 (United States)",6.6,412000.0,Marc Forster,Paul Haggis,Daniel Craig,United Kingdom,200000000.0,589580482.0,Metro-Goldwyn-Mayer (MGM),106.0
Mamma Mia!,PG-13,Comedy,2008,"July 18, 2008 (United States)",6.4,224000.0,Phyllida Lloyd,Catherine Johnson,Meryl Streep,United States,52000000.0,611257819.0,Universal Pictures,108.0
The Strangers,R,Horror,2008,"May 30, 2008 (United States)",6.2,121000.0,Bryan Bertino,Bryan Bertino,Scott Speedman,United States,9000000.0,82410456.0,Rogue Pictures,86.0
Indiana Jones and the Kingdom of the Crystal Skull,PG-13,Action,2008,"May 22, 2008 (United States)",6.1,433000.0,Steven Spielberg,David Koepp,Harrison Ford,United States,185000000.0,790653942.0,Paramount Pictures,122.0
Taken,PG-13,Action,2008,"January 30, 2009 (United States)",7.8,575000.0,Pierre Morel,Luc Besson,Liam Neeson,France,25000000.0,226837760.0,EuropaCorp,90.0
The Curious Case of Benjamin Button,PG-13,Drama,2008,"December 25, 2008 (United States)",7.8,605000.0,David Fincher,Eric Roth,Brad Pitt,United States,150000000.0,335802786.0,Warner Bros.,166.0
Wanted,R,Action,2008,"June 27, 2008 (United States)",6.7,369000.0,Timur Bekmambetov,Michael Brandt,Angelina Jolie,United States,75000000.0,342463063.0,Universal Pictures,110.0
Burn After Reading,R,Comedy,2008,"September 12, 2008 (United States)",7.0,317000.0,Ethan Coen,Joel Coen,Brad Pitt,United States,37000000.0,163728902.0,Focus Features,96.0
Revolutionary Road,R,Drama,2008,"January 23, 2009 (United States)",7.3,202000.0,Sam Mendes,Justin Haythe,Leonardo DiCaprio,United States,35000000.0,75981180.0,Dreamworks Pictures,119.0
Zack and Miri Make a Porno,R,Comedy,2008,"October 31, 2008 (United States)",6.5,174000.0,Kevin Smith,Kevin Smith,Seth Rogen,United States,24000000.0,42784344.0,Blue Askew,101.0
WALL·E,G,Animation,2008,"June 27, 2008 (United States)",8.4,1000000.0,Andrew Stanton,Andrew Stanton,Ben Burtt,United States,180000000.0,521311890.0,FortyFour Studios,98.0
Forgetting Sarah Marshall,R,Comedy,2008,"April 18, 2008 (United States)",7.1,271000.0,Nicholas Stoller,Jason Segel,Kristen Bell,United States,30000000.0,105833257.0,Universal Pictures,111.0
Seven Pounds,PG-13,Drama,2008,"December 19, 2008 (United States)",7.6,291000.0,Gabriele Muccino,Grant Nieporte,Will Smith,United States,55000000.0,169748929.0,Columbia Pictures,123.0
Vicky Cristina Barcelona,PG-13,Comedy,2008,"August 15, 2008 (United States)",7.1,246000.0,Woody Allen,Woody Allen,Rebecca Hall,Spain,15500000.0,96409300.0,The Weinstein Company,96.0
In Bruges,R,Comedy,2008,"February 29, 2008 (United States)",7.9,398000.0,Martin McDonagh,Martin McDonagh,Colin Farrell,United Kingdom,15000000.0,34085749.0,Focus Features,107.0
Sex and the City,R,Comedy,2008,"May 30, 2008 (United States)",5.6,117000.0,Michael Patrick King,Michael Patrick King,Sarah Jessica Parker,United States,65000000.0,418765519.0,New Line Cinema,145.0
Slumdog Millionaire,R,Drama,2008,"December 25, 2008 (United States)",8.0,812000.0,Danny Boyle,Simon Beaufoy,Dev Patel,United Kingdom,15000000.0,378410542.0,Celador Films,120.0
The House Bunny,PG-13,Comedy,2008,"August 22, 2008 (United States)",5.5,81000.0,Fred Wolf,Karen McCullah,Anna Faris,United States,25000000.0,70439696.0,Columbia Pictures,97.0
RocknRolla,R,Action,2008,"October 31, 2008 (United States)",7.3,241000.0,Guy Ritchie,Guy Ritchie,Gerard Butler,United Kingdom,18000000.0,25740863.0,Warner Bros.,114.0
Gran Torino,R,Drama,2008,"January 9, 2009 (United States)",8.1,734000.0,Clint Eastwood,Nick Schenk,Clint Eastwood,Germany,33000000.0,269958228.0,Matten Productions,116.0
The Reader,R,Drama,2008,"January 30, 2009 (United States)",7.6,234000.0,Stephen Daldry,David Hare,Kate Winslet,Germany,32000000.0,108902486.0,The Weinstein Company,124.0
The Hurt Locker,R,Drama,2008,"July 31, 2009 (United States)",7.5,430000.0,Kathryn Bigelow,Mark Boal,Jeremy Renner,United States,15000000.0,49259766.0,Voltage Pictures,131.0
Rambo,R,Action,2008,"January 25, 2008 (United States)",7.0,222000.0,Sylvester Stallone,Art Monterastelli,Sylvester Stallone,Germany,50000000.0,113244290.0,Lionsgate,92.0
The Happening,R,Drama,2008,"June 13, 2008 (United States)",5.0,199000.0,M. Night Shyamalan,M. Night Shyamalan,Mark Wahlberg,United States,48000000.0,163403799.0,Twentieth Century Fox,91.0
The Wrestler,R,Drama,2008,"January 30, 2009 (United States)",7.9,294000.0,Darren Aronofsky,Robert Siegel,Mickey Rourke,United States,6000000.0,44734660.0,Wild Bunch,109.0
Cloverfield,PG-13,Action,2008,"January 18, 2008 (United States)",7.0,379000.0,Matt Reeves,Drew Goddard,Mike Vogel,United States,25000000.0,172394180.0,Paramount Pictures,85.0
Changeling,R,Biography,2008,"October 31, 2008 (United States)",7.7,244000.0,Clint Eastwood,J. Michael Straczynski,Angelina Jolie,United States,55000000.0,113398237.0,Imagine Entertainment,141.0
Eagle Eye,PG-13,Action,2008,"September 26, 2008 (United States)",6.6,180000.0,D.J. Caruso,John Glenn,Shia LaBeouf,United States,80000000.0,178767383.0,Dreamworks Pictures,118.0
The Ruins,R,Adventure,2008,"April 4, 2008 (United States)",5.9,72000.0,Carter Smith,Scott B. Smith,Shawn Ashmore,United States,8000000.0,22818256.0,Dreamworks Pictures,90.0
The Other Boleyn Girl,PG-13,Biography,2008,"February 29, 2008 (United States)",6.7,107000.0,Justin Chadwick,Peter Morgan,Natalie Portman,United Kingdom,35000000.0,78201830.0,Columbia Pictures,115.0
21,PG-13,Crime,2008,"March 28, 2008 (United States)",6.8,235000.0,Robert Luketic,Peter Steinfeld,Jim Sturgess,United States,35000000.0,159808370.0,Columbia Pictures,123.0
Never Back Down,PG-13,Action,2008,"March 14, 2008 (United States)",6.6,98000.0,Jeff Wadlow,Chris Hauty,Sean Faris,United States,20000000.0,41627431.0,Summit Entertainment,113.0
The Mummy: Tomb of the Dragon Emperor,PG-13,Action,2008,"August 1, 2008 (United States)",5.2,154000.0,Rob Cohen,Alfred Gough,Brendan Fraser,United States,145000000.0,403449830.0,Universal Pictures,112.0
Hancock,PG-13,Action,2008,"July 2, 2008 (United States)",6.4,454000.0,Peter Berg,Vy Vincent Ngo,Will Smith,United States,150000000.0,629443428.0,Columbia Pictures,92.0
Journey to the Center of the Earth,PG,Action,2008,"July 11, 2008 (United States)",5.8,116000.0,Eric Brevig,Michael D. Weiss,Brendan Fraser,United States,60000000.0,244232688.0,New Line Cinema,93.0
Bolt,PG,Animation,2008,"November 21, 2008 (United States)",6.8,196000.0,Byron Howard,Dan Fogelman,John Travolta,United States,150000000.0,309979994.0,Walt Disney Animation Studios,96.0
Sex Drive,R,Comedy,2008,"October 17, 2008 (United States)",6.5,85000.0,Sean Anders,Sean Anders,Josh Zuckerman,United States,19000000.0,18755936.0,Summit Entertainment,109.0
Death Race,R,Action,2008,"August 22, 2008 (United States)",6.3,201000.0,Paul W.S. Anderson,Paul W.S. Anderson,Jason Statham,United States,45000000.0,76014335.0,Universal Pictures,105.0
The Chronicles of Narnia: Prince Caspian,PG,Action,2008,"May 16, 2008 (United States)",6.5,199000.0,Andrew Adamson,Andrew Adamson,Ben Barnes,United States,225000000.0,419665568.0,Walt Disney Pictures,150.0
Pineapple Express,R,Action,2008,"August 6, 2008 (United States)",6.9,322000.0,David Gordon Green,Seth Rogen,Seth Rogen,United States,27000000.0,101624843.0,Columbia Pictures,111.0
The Boy in the Striped Pajamas,PG-13,Drama,2008,"November 26, 2008 (United States)",7.8,196000.0,Mark Herman,John Boyne,Asa Butterfield,United Kingdom,12500000.0,40416563.0,Miramax,94.0
Valkyrie,PG-13,Drama,2008,"December 25, 2008 (United States)",7.1,233000.0,Bryan Singer,Christopher McQuarrie,Tom Cruise,United States,75000000.0,201545517.0,Metro-Goldwyn-Mayer (MGM),121.0
27 Dresses,PG-13,Comedy,2008,"January 18, 2008 (United States)",6.1,157000.0,Anne Fletcher,Aline Brosh McKenna,Katherine Heigl,United States,30000000.0,162655351.0,Fox 2000 Pictures,111.0
Let the Right One In,R,Crime,2008,"December 12, 2008 (United States)",7.9,208000.0,Tomas Alfredson,John Ajvide Lindqvist,Kåre Hedebrant,Sweden,4000000.0,11227336.0,EFTI,114.0
Role Models,R,Comedy,2008,"November 7, 2008 (United States)",6.8,223000.0,David Wain,Timothy Dowling,Paul Rudd,Germany,28000000.0,92649419.0,Universal Pictures,99.0
Defiance,R,Action,2008,"January 16, 2009 (United States)",7.2,141000.0,Edward Zwick,Clayton Frohman,Daniel Craig,United States,32000000.0,51262751.0,Paramount Vantage,137.0
Wild Child,PG-13,Comedy,2008,"August 15, 2008 (United Kingdom)",6.1,52000.0,Nick Moore,Lucy Dahl,Emma Roberts,United States,20000000.0,21972336.0,Universal Pictures,98.0
The Forbidden Kingdom,PG-13,Action,2008,"April 18, 2008 (United States)",6.6,103000.0,Rob Minkoff,John Fusco,Jackie Chan,United States,55000000.0,128792411.0,Casey Silver Productions,104.0
Bronson,R,Action,2008,"March 13, 2009 (United Kingdom)",7.1,123000.0,Nicolas Winding Refn,Brock Norman Brock,Tom Hardy,United Kingdom,230000.0,2260712.0,Vertigo Films,92.0
Australia,PG-13,Adventure,2008,"November 26, 2008 (United States)",6.6,121000.0,Baz Luhrmann,Stuart Beattie,Nicole Kidman,United Kingdom,130000000.0,211787511.0,Twentieth Century Fox,165.0
Yes Man,PG-13,Comedy,2008,"December 19, 2008 (United States)",6.8,343000.0,Peyton Reed,Nicholas Stoller,Jim Carrey,United States,70000000.0,223241637.0,Warner Bros.,104.0
Body of Lies,R,Action,2008,"October 10, 2008 (United States)",7.1,218000.0,Ridley Scott,William Monahan,Leonardo DiCaprio,United States,70000000.0,115900897.0,Warner Bros.,128.0
Disaster Movie,PG-13,Comedy,2008,"August 29, 2008 (United States)",1.9,88000.0,Jason Friedberg,Jason Friedberg,Carmen Electra,United States,20000000.0,34816824.0,Lionsgate,87.0
Superhero Movie,PG-13,Action,2008,"March 28, 2008 (United States)",4.6,65000.0,Craig Mazin,Craig Mazin,Drake Bell,United States,35000000.0,71571300.0,Dimension Films,75.0
Ponyo,G,Animation,2008,"August 14, 2009 (United States)",7.7,131000.0,Hayao Miyazaki,Hayao Miyazaki,Cate Blanchett,Japan,34000000.0,204826668.0,Studio Ghibli,101.0
Jumper,PG-13,Action,2008,"February 14, 2008 (United States)",6.1,292000.0,Doug Liman,David S. Goyer,Hayden Christensen,United States,85000000.0,225132113.0,Twentieth Century Fox,88.0
Speed Racer,PG,Action,2008,"May 9, 2008 (United States)",6.0,70000.0,Lana Wachowski,Lilly Wachowski,Emile Hirsch,United States,120000000.0,93945766.0,Warner Bros.,135.0
The Bank Job,R,Crime,2008,"March 7, 2008 (United States)",7.2,176000.0,Roger Donaldson,Dick Clement,Jason Statham,United Kingdom,20000000.0,64828421.0,Mosaic,111.0
Street Kings,R,Action,2008,"April 11, 2008 (United States)",6.8,109000.0,David Ayer,James Ellroy,Keanu Reeves,United States,20000000.0,66476363.0,Fox Searchlight Pictures,109.0
Get Smart,PG-13,Action,2008,"June 20, 2008 (United States)",6.5,208000.0,Peter Segal,Tom J. Astle,Steve Carell,United States,80000000.0,230685453.0,Warner Bros.,110.0
Punisher: War Zone,R,Action,2008,"December 5, 2008 (United States)",5.9,61000.0,Lexi Alexander,Nick Santora,Ray Stevenson,United States,35000000.0,10161493.0,Lionsgate,103.0
You Don't Mess with the Zohan,PG-13,Comedy,2008,"June 6, 2008 (United States)",5.5,194000.0,Dennis Dugan,Adam Sandler,Adam Sandler,United States,90000000.0,204313400.0,Columbia Pictures,113.0
Hellboy II: the Golden Army,PG-13,Action,2008,"July 11, 2008 (United States)",7.0,260000.0,Guillermo del Toro,Guillermo del Toro,Ron Perlman,United States,85000000.0,168319243.0,Universal Pictures,120.0
"Synecdoche, New York",R,Drama,2008,"February 5, 2009 (Netherlands)",7.6,86000.0,Charlie Kaufman,Charlie Kaufman,Philip Seymour Hoffman,United States,20000000.0,4658401.0,Sidney Kimmel Entertainment,124.0
Marley & Me,PG,Comedy,2008,"December 25, 2008 (United States)",7.1,150000.0,David Frankel,Scott Frank,Owen Wilson,United States,60000000.0,255743093.0,Fox 2000 Pictures,115.0
Fool's Gold,PG-13,Action,2008,"February 8, 2008 (United States)",5.7,76000.0,Andy Tennant,John Claflin,Matthew McConaughey,United States,70000000.0,111231041.0,Warner Bros.,112.0
The Secret Life of Bees,PG-13,Drama,2008,"October 17, 2008 (United States)",7.3,25000.0,Gina Prince-Bythewood,Gina Prince-Bythewood,Dakota Fanning,United States,11000000.0,39952437.0,Fox Searchlight Pictures,114.0
Nick and Norah's Infinite Playlist,PG-13,Comedy,2008,"October 3, 2008 (United States)",6.6,90000.0,Peter Sollett,Lorene Scafaria,Michael Cera,United States,10000000.0,33556631.0,Screen Gems,90.0
The Spiderwick Chronicles,PG,Action,2008,"February 14, 2008 (United States)",6.5,91000.0,Mark Waters,Karey Kirkpatrick,Freddie Highmore,United States,90000000.0,164170327.0,Paramount Pictures,96.0
Doomsday,R,Action,2008,"March 14, 2008 (United States)",5.9,75000.0,Neil Marshall,Neil Marshall,Rhona Mitra,United Kingdom,30000000.0,22472631.0,Rogue Pictures,105.0
Max Payne,PG-13,Action,2008,"October 17, 2008 (United States)",5.3,123000.0,John Moore,Beau Thorne,Mark Wahlberg,United States,35000000.0,87066930.0,Abandon Entertainment,100.0
The Day the Earth Stood Still,PG-13,Drama,2008,"December 12, 2008 (United States)",5.5,165000.0,Scott Derrickson,David Scarpa,Keanu Reeves,United States,80000000.0,233093859.0,Twentieth Century Fox,104.0
Milk,R,Biography,2008,"January 30, 2009 (United States)",7.5,167000.0,Gus Van Sant,Dustin Lance Black,Sean Penn,United States,20000000.0,54589558.0,Focus Features,128.0
Madagascar: Escape 2 Africa,PG,Animation,2008,"November 7, 2008 (United States)",6.6,211000.0,Eric Darnell,Etan Cohen,Ben Stiller,United States,150000000.0,603900354.0,DreamWorks Animation,89.0
The Spirit,PG-13,Action,2008,"December 25, 2008 (United States)",4.8,60000.0,Frank Miller,Frank Miller,Gabriel Macht,United States,60000000.0,39164441.0,Lionsgate,103.0
Ghost Town,PG-13,Comedy,2008,"September 19, 2008 (United States)",6.7,71000.0,David Koepp,David Koepp,Ricky Gervais,United States,20000000.0,27090159.0,DreamWorks,102.0
Bottle Shock,PG-13,Comedy,2008,"September 5, 2008 (United States)",6.8,16000.0,Randall Miller,Jody Savin,Chris Pine,United States,5000000.0,4629770.0,Shocking Bottle,110.0
The Rocker,PG-13,Comedy,2008,"August 20, 2008 (United States)",6.2,37000.0,Peter Cattaneo,Maya Forbes,Rainn Wilson,United States,15000000.0,8808935.0,Fox Atomic,102.0
Step Up 2: the Streets,PG-13,Drama,2008,"February 14, 2008 (United States)",6.2,81000.0,Jon M. Chu,Toni Ann Johnson,Robert Hoffman,United States,17500000.0,150988382.0,Touchstone Pictures,98.0
Semi-Pro,R,Comedy,2008,"February 29, 2008 (United States)",5.8,80000.0,Kent Alterman,Scot Armstrong,Will Ferrell,United States,55000000.0,44004502.0,New Line Cinema,91.0
Repo! The Genetic Opera,R,Horror,2008,"November 20, 2008 (Czech Republic)",6.6,24000.0,Darren Lynn Bousman,Darren Smith,Paul Sorvino,United States,8500000.0,188126.0,Twisted Pictures,98.0
Outlander,R,Action,2008,"July 11, 2008 (Latvia)",6.2,73000.0,Howard McCain,Dirk Blackman,Jim Caviezel,United States,50000000.0,7034698.0,The Weinstein Company,115.0
Saw V,R,Crime,2008,"October 24, 2008 (United States)",5.8,118000.0,David Hackl,Patrick Melton,Scott Patterson,Canada,10800000.0,113864059.0,Twisted Pictures,92.0
Horton Hears a Who!,G,Animation,2008,"March 14, 2008 (United States)",6.8,132000.0,Jimmy Hayward,Cinco Paul,Jim Carrey,United States,85000000.0,298572799.0,Blue Sky Studios,86.0
The Women,PG-13,Comedy,2008,"September 12, 2008 (United States)",5.0,21000.0,Diane English,Diane English,Meg Ryan,United States,16000000.0,50007546.0,Picturehouse,114.0
Choke,R,Comedy,2008,"October 30, 2008 (Australia)",6.4,32000.0,Clark Gregg,Clark Gregg,Sam Rockwell,United States,3000000.0,3982459.0,Fox Searchlight Pictures,92.0
Doubt,PG-13,Drama,2008,"December 25, 2008 (United States)",7.5,124000.0,John Patrick Shanley,John Patrick Shanley,Meryl Streep,United States,20000000.0,51699984.0,Goodspeed Productions,104.0
Bedtime Stories,PG,Adventure,2008,"December 25, 2008 (United States)",6.0,90000.0,Adam Shankman,Matt Lopez,Adam Sandler,United States,80000000.0,212874864.0,Walt Disney Pictures,99.0
"10,000 BC",PG-13,Action,2008,"March 7, 2008 (United States)",5.1,127000.0,Roland Emmerich,Roland Emmerich,Camilla Belle,United States,105000000.0,269784201.0,Warner Bros.,109.0
The Midnight Meat Train,R,Horror,2008,"October 31, 2008 (United Kingdom)",6.0,61000.0,Ryûhei Kitamura,Jeff Buhler,Vinnie Jones,United States,15000000.0,3534313.0,Lakeshore Entertainment,100.0
Drillbit Taylor,PG-13,Action,2008,"March 21, 2008 (United States)",5.7,59000.0,Steven Brill,Kristofor Brown,Owen Wilson,United States,40000000.0,49944325.0,Paramount Pictures,110.0
Made of Honor,PG-13,Comedy,2008,"May 2, 2008 (United States)",5.9,69000.0,Paul Weiland,Adam Sztykiel,Patrick Dempsey,United States,40000000.0,106407672.0,Columbia Pictures,101.0
What Happens in Vegas,PG-13,Comedy,2008,"May 9, 2008 (United States)",6.1,168000.0,Tom Vaughan,Dana Fox,Cameron Diaz,United States,35000000.0,219375562.0,Twentieth Century Fox,99.0
The Brothers Bloom,PG-13,Action,2008,"June 19, 2009 (United States)",6.8,49000.0,Rian Johnson,Rian Johnson,Rachel Weisz,United States,20000000.0,5530764.0,Endgame Entertainment,114.0
Inkheart,PG,Adventure,2008,"January 23, 2009 (United States)",6.1,75000.0,Iain Softley,David Lindsay-Abaire,Brendan Fraser,Germany,60000000.0,62803180.0,New Line Cinema,106.0
Appaloosa,R,Action,2008,"October 3, 2008 (United States)",6.7,59000.0,Ed Harris,Robert Knott,Ed Harris,United States,20000000.0,27712362.0,New Line Cinema,115.0
Vantage Point,PG-13,Action,2008,"February 22, 2008 (United States)",6.6,146000.0,Pete Travis,Barry L. Levy,Dennis Quaid,United States,40000000.0,152039882.0,Columbia Pictures,90.0
W.,PG-13,Biography,2008,"October 17, 2008 (United States)",6.3,47000.0,Oliver Stone,Stanley Weiser,Josh Brolin,United States,25100000.0,29560587.0,Lionsgate,129.0
Untraceable,R,Crime,2008,"January 25, 2008 (United States)",6.2,48000.0,Gregory Hoblit,Robert Fyvolent,Diane Lane,United States,35000000.0,52933513.0,Screen Gems,101.0
Sunshine Cleaning,R,Comedy,2008,"April 17, 2009 (United States)",6.8,70000.0,Christine Jeffs,Megan Holley,Amy Adams,United States,8000000.0,16580250.0,Overture Films,91.0
How to Lose Friends & Alienate People,R,Biography,2008,"October 3, 2008 (United States)",6.4,68000.0,Robert B. Weide,Peter Straughan,Simon Pegg,United Kingdom,28000000.0,19152009.0,Number 9 Films,110.0
Transporter 3,PG-13,Action,2008,"November 26, 2008 (United States)",6.1,160000.0,Olivier Megaton,Luc Besson,Jason Statham,France,30000000.0,108979549.0,EuropaCorp,104.0
Prom Night,PG-13,Horror,2008,"April 11, 2008 (United States)",3.9,35000.0,Nelson McCormick,J.S. Cardone,Brittany Snow,United States,20000000.0,57197876.0,Screen Gems,88.0
High School Musical 3: Senior Year,G,Comedy,2008,"October 24, 2008 (United States)",4.9,59000.0,Kenny Ortega,Peter Barsocchini,Zac Efron,United States,11000000.0,252909177.0,Walt Disney Pictures,112.0
Righteous Kill,R,Crime,2008,"September 12, 2008 (United States)",6.0,86000.0,Jon Avnet,Russell Gewirtz,Robert De Niro,United States,60000000.0,79498846.0,Millennium Films,101.0
Leatherheads,PG-13,Comedy,2008,"April 4, 2008 (United States)",6.0,32000.0,George Clooney,Duncan Brantley,George Clooney,United States,58000000.0,41319039.0,Universal Pictures,114.0
Meet the Spartans,PG-13,Comedy,2008,"January 25, 2008 (United States)",2.8,103000.0,Jason Friedberg,Jason Friedberg,Sean Maguire,United States,30000000.0,85897593.0,New Regency Productions,87.0
Star Wars: The Clone Wars,PG,Animation,2008,"August 15, 2008 (United States)",5.9,61000.0,Dave Filoni,Henry Gilroy,Matt Lanter,United States,8500000.0,68282844.0,Lucasfilm Animation,98.0
Mirrors,R,Horror,2008,"August 15, 2008 (United States)",6.1,104000.0,Alexandre Aja,Alexandre Aja,Kiefer Sutherland,United States,35000000.0,78094714.0,New Regency Productions,110.0
Harold & Kumar Escape from Guantanamo Bay,R,Adventure,2008,"April 25, 2008 (United States)",6.6,132000.0,Jon Hurwitz,Jon Hurwitz,John Cho,United States,12000000.0,43495888.0,New Line Cinema,114.0
Baby Mama,PG-13,Comedy,2008,"April 25, 2008 (United States)",6.0,43000.0,Michael McCullers,Michael McCullers,Tina Fey,United States,30000000.0,64444713.0,Broadway Video,99.0
Nim's Island,PG,Adventure,2008,"April 4, 2008 (United States)",6.0,34000.0,Jennifer Flackett,Joseph Kwong,Jodie Foster,United States,37000000.0,100104565.0,Walden Media,96.0
City of Ember,PG,Adventure,2008,"October 10, 2008 (United States)",6.5,64000.0,Gil Kenan,Caroline Thompson,Saoirse Ronan,United States,55000000.0,17929684.0,Playtone,90.0
Quarantine,R,Horror,2008,"October 10, 2008 (United States)",5.9,71000.0,John Erick Dowdle,John Erick Dowdle,Jennifer Carpenter,United States,12000000.0,41319906.0,Screen Gems,89.0
Bangkok Dangerous,R,Action,2008,"September 5, 2008 (United States)",5.4,55000.0,Danny Pang,Jason Richman,Nicolas Cage,United States,45000000.0,42487390.0,Initial Entertainment Group (IEG),99.0
Nights in Rodanthe,PG-13,Drama,2008,"September 26, 2008 (United States)",6.0,24000.0,George C. Wolfe,Ann Peacock,Diane Lane,United States,30000000.0,84375346.0,Warner Bros.,97.0
Four Christmases,PG-13,Comedy,2008,"November 26, 2008 (United States)",5.7,67000.0,Seth Gordon,Matt Allen,Reese Witherspoon,Germany,80000000.0,164112721.0,New Line Cinema,88.0
The Sisterhood of the Traveling Pants 2,PG-13,Comedy,2008,"August 6, 2008 (United States)",6.2,28000.0,Sanaa Hamri,Elizabeth Chandler,America Ferrera,United States,27000000.0,44352417.0,Alcon Entertainment,119.0
Pride and Glory,R,Crime,2008,"October 24, 2008 (United States)",6.6,60000.0,Gavin O'Connor,Joe Carnahan,Edward Norton,United States,30000000.0,31200557.0,New Line Cinema,130.0
Blindness,R,Drama,2008,"October 3, 2008 (United States)",6.6,71000.0,Fernando Meirelles,José Saramago,Julianne Moore,Brazil,25000000.0,19844979.0,Rhombus Media,121.0
Che: Part One,Not Rated,Biography,2008,"January 24, 2009 (United States)",7.2,45000.0,Steven Soderbergh,Peter Buchman,Julia Ormond,France,35000000.0,34209066.0,Wild Bunch,134.0
Strange Wilderness,R,Adventure,2008,"February 1, 2008 (United States)",5.3,21000.0,Fred Wolf,Peter Gaulke,Steve Zahn,United States,20000000.0,6964734.0,Pelican Productions LLC (I),87.0
Frost/Nixon,R,Biography,2008,"January 23, 2009 (United States)",7.7,105000.0,Ron Howard,Peter Morgan,Frank Langella,United Kingdom,25000000.0,27426335.0,Universal Pictures,122.0
Stop-Loss,R,Drama,2008,"March 28, 2008 (United States)",6.4,20000.0,Kimberly Peirce,Mark Richard,Ryan Phillippe,United States,25000000.0,11212953.0,Paramount Pictures,112.0
Two Lovers,R,Drama,2008,"March 20, 2009 (United States)",7.0,39000.0,James Gray,James Gray,Joaquin Phoenix,United States,9800000.0,16303643.0,2929 Productions,110.0
Babylon A.D.,PG-13,Action,2008,"August 29, 2008 (United States)",5.6,94000.0,Mathieu Kassovitz,Maurice G. Dantec,Vin Diesel,France,70000000.0,72109200.0,Babylon,90.0
The Good the Bad the Weird,R,Action,2008,"July 17, 2008 (South Korea)",7.3,34000.0,Jee-woon Kim,Jee-woon Kim,Kang-ho Song,South Korea,10000000.0,44261209.0,Barunson E&A,130.0
Passengers,PG-13,Romance,2008,"September 26, 2008 (Spain)",5.9,35000.0,Rodrigo García,Ronnie Christensen,Anne Hathaway,United States,25000000.0,5798974.0,TriStar Pictures,93.0
Shutter,PG-13,Horror,2008,"March 21, 2008 (United States)",5.2,33000.0,Masayuki Ochiai,Luke Dawson,Joshua Jackson,United States,8000000.0,48555306.0,New Regency Productions,85.0
Deception,R,Crime,2008,"April 25, 2008 (United States)",6.1,38000.0,Marcel Langenegger,Mark Bomback,Hugh Jackman,United States,25000000.0,18024545.0,Rifkin-Eberts,107.0
The Eye,PG-13,Drama,2008,"February 1, 2008 (United States)",5.4,52000.0,David Moreau,Sebastian Gutierrez,Jessica Alba,United States,12000000.0,58010320.0,Lionsgate,98.0
The Love Guru,PG-13,Comedy,2008,"June 20, 2008 (United States)",3.8,51000.0,Marco Schnabel,Mike Myers,Mike Myers,United Kingdom,62000000.0,40877556.0,Paramount Pictures,87.0
The Informers,R,Crime,2008,"April 24, 2009 (United States)",5.0,16000.0,Gregor Jordan,Bret Easton Ellis,Billy Bob Thornton,United States,18000000.0,382174.0,Senator Entertainment Co,98.0
The X Files: I Want to Believe,PG-13,Crime,2008,"July 25, 2008 (United States)",5.9,89000.0,Chris Carter,Frank Spotnitz,David Duchovny,United States,30000000.0,69363381.0,Twentieth Century Fox,104.0
Wendy and Lucy,R,Drama,2008,"March 6, 2009 (United Kingdom)",7.1,17000.0,Kelly Reichardt,Jonathan Raymond,Michelle Williams,United States,200000.0,1192995.0,Field Guide Films,80.0
One Missed Call,PG-13,Horror,2008,"January 4, 2008 (United States)",4.0,31000.0,Eric Valette,Andrew Klavan,Edward Burns,United States,20000000.0,45847751.0,Alcon Entertainment,87.0
Transsiberian,R,Crime,2008,"September 5, 2008 (United States)",6.7,51000.0,Brad Anderson,Brad Anderson,Woody Harrelson,United Kingdom,15000000.0,5926410.0,Filmax International,111.0
Lakeview Terrace,PG-13,Crime,2008,"September 19, 2008 (United States)",6.1,50000.0,Neil LaBute,David Loughery,Samuel L. Jackson,United States,20000000.0,44655002.0,Screen Gems,110.0
Fireproof,PG,Drama,2008,"September 26, 2008 (United States)",6.5,22000.0,Alex Kendrick,Alex Kendrick,Kirk Cameron,United States,500000.0,33473297.0,Samuel Goldwyn Films,122.0
Traitor,PG-13,Action,2008,"August 27, 2008 (United States)",7.0,56000.0,Jeffrey Nachmanoff,Jeffrey Nachmanoff,Don Cheadle,United States,22000000.0,27675014.0,Overture Films,114.0
My Best Friend's Girl,R,Comedy,2008,"September 19, 2008 (United States)",5.9,43000.0,Howard Deutch,Jordan Cahan,Kate Hudson,United States,20000000.0,41624687.0,Lionsgate,101.0
"New York, I Love You",R,Comedy,2008,"October 16, 2009 (United States)",6.2,45000.0,Directors,Hu Hong,Shia LaBeouf,United States,14700000.0,14603177.0,Vivendi Entertainment,103.0
Nothing But the Truth,R,Crime,2008,"July 29, 2009 (Philippines)",7.2,37000.0,Rod Lurie,Rod Lurie,Kate Beckinsale,United States,11500000.0,409832.0,Yari Film Group (YFG),108.0
Cadillac Records,R,Biography,2008,"December 5, 2008 (United States)",7.0,21000.0,Darnell Martin,Darnell Martin,Adrien Brody,United States,12000000.0,8883644.0,LightWave Entertainment,109.0
Pontypool,Not Rated,Fantasy,2008,"September 18, 2009 (Turkey)",6.6,30000.0,Bruce McDonald,Tony Burgess,Stephen McHattie,Canada,1500000.0,32118.0,Ponty Up Pictures,93.0
Beverly Hills Chihuahua,PG,Adventure,2008,"October 3, 2008 (United States)",3.8,23000.0,Raja Gosnell,Analisa LaBianco,Drew Barrymore,United States,20000000.0,149292488.0,Mandeville Films,91.0
Waltz with Bashir,R,Animation,2008,"June 12, 2008 (Israel)",8.0,56000.0,Ari Folman,Ari Folman,Ari Folman,Israel,1500000.0,11179372.0,Bridgit Folman Film Gang,90.0
Redbelt,R,Drama,2008,"May 9, 2008 (United States)",6.7,21000.0,David Mamet,David Mamet,Chiwetel Ejiofor,United States,7000000.0,2674090.0,Sony Pictures Classics,99.0
Mad Money,PG-13,Comedy,2008,"January 18, 2008 (United States)",5.8,21000.0,Callie Khouri,Glenn Gers,Diane Keaton,United States,22000000.0,26412163.0,Big City Pictures,104.0
The Burning Plain,R,Crime,2008,"November 5, 2009 (Argentina)",6.8,19000.0,Guillermo Arriaga,Guillermo Arriaga,Charlize Theron,United States,20000000.0,5642478.0,2929 Productions,107.0
Brideshead Revisited,PG-13,Drama,2008,"August 15, 2008 (United States)",6.7,12000.0,Julian Jarrold,Andrew Davies,Matthew Goode,United Kingdom,20000000.0,13451186.0,Ecosse Films,133.0
The Tale of Despereaux,G,Animation,2008,"December 19, 2008 (United States)",6.1,36000.0,Sam Fell,Kate DiCamillo,Matthew Broderick,United Kingdom,60000000.0,86957280.0,Universal Pictures,93.0
Pathology,R,Crime,2008,"April 11, 2008 (United Kingdom)",6.0,32000.0,Marc Schölermann,Mark Neveldine,Alyssa Milano,United States,8000000.0,3234706.0,Metro-Goldwyn-Mayer (MGM),95.0
Be Kind Rewind,PG-13,Comedy,2008,"February 22, 2008 (United States)",6.4,89000.0,Michel Gondry,Michel Gondry,Jack Black,United Kingdom,20000000.0,30579406.0,New Line Cinema,102.0
The Express,PG,Biography,2008,"October 10, 2008 (United States)",7.3,20000.0,Gary Fleder,Charles Leavitt,Rob Brown,United States,40000000.0,9808124.0,Davis Entertainment,130.0
What Just Happened,R,Comedy,2008,"October 31, 2008 (United States)",5.6,27000.0,Barry Levinson,Art Linson,Robert De Niro,United States,25000000.0,6759057.0,2929 Productions,104.0
Meet Dave,PG,Adventure,2008,"July 11, 2008 (United States)",5.0,39000.0,Brian Robbins,Rob Greenberg,Eddie Murphy,United States,60000000.0,51339567.0,Twentieth Century Fox,90.0
Igor,PG,Animation,2008,"September 19, 2008 (United States)",6.0,23000.0,Tony Leondis,Chris McKenna,John Cusack,United States,25000000.0,30893885.0,Metro-Goldwyn-Mayer (MGM),87.0
The Wackness,R,Comedy,2008,"August 1, 2008 (United States)",7.0,30000.0,Jonathan Levine,Jonathan Levine,Josh Peck,United Kingdom,6000000.0,3175469.0,Occupant Entertainment,99.0
Shorts,PG,Adventure,2008,"August 21, 2009 (United States)",4.7,7000.0,Robert Rodriguez,Robert Rodriguez,Jimmy Bennett,United States,40000000.0,28972508.0,Warner Bros.,89.0
Frozen River,R,Crime,2008,"September 5, 2008 (United States)",7.1,25000.0,Courtney Hunt,Courtney Hunt,Melissa Leo,United States,1000000.0,5457664.0,Cohen Media Group,97.0
"Surfer, Dude",R,Comedy,2008,"September 5, 2008 (United States)",4.7,8500.0,S.R. Bindler,S.R. Bindler,Matthew McConaughey,United States,6000000.0,52132.0,Berk/Lane Entertainment,85.0
"Welcome Home, Roscoe Jenkins",PG-13,Comedy,2008,"February 8, 2008 (United States)",5.5,14000.0,Malcolm D. Lee,Malcolm D. Lee,Martin Lawrence,United States,35000000.0,43655418.0,Universal Pictures,114.0
Surveillance,R,Crime,2008,"July 31, 2008 (Germany)",6.3,17000.0,Jennifer Lynch,Kent Harper,Julia Ormond,United States,3500000.0,1138322.0,Lago Film,97.0
Inglourious Basterds,R,Adventure,2009,"August 21, 2009 (United States)",8.3,1300000.0,Quentin Tarantino,Quentin Tarantino,Brad Pitt,United States,70000000.0,321457747.0,Universal Pictures,153.0
Star Trek,PG-13,Action,2009,"May 8, 2009 (United States)",7.9,585000.0,J.J. Abrams,Roberto Orci,Chris Pine,United States,150000000.0,385680446.0,Paramount Pictures,127.0
Avatar,PG-13,Action,2009,"December 18, 2009 (United States)",7.8,1100000.0,James Cameron,James Cameron,Sam Worthington,United States,237000000.0,2847246203.0,Twentieth Century Fox,162.0
Jennifer's Body,R,Comedy,2009,"September 18, 2009 (United States)",5.3,121000.0,Karyn Kusama,Diablo Cody,Megan Fox,United States,16000000.0,31556061.0,Fox Atomic,102.0
Watchmen,R,Action,2009,"March 6, 2009 (United States)",7.6,520000.0,Zack Snyder,David Hayter,Jackie Earle Haley,United States,130000000.0,185382813.0,Warner Bros.,162.0
Fast & Furious,PG-13,Action,2009,"April 3, 2009 (United States)",6.6,271000.0,Justin Lin,Chris Morgan,Vin Diesel,United States,85000000.0,360366870.0,Universal Pictures,107.0
G.I. Joe: The Rise of Cobra,PG-13,Action,2009,"August 7, 2009 (United States)",5.8,202000.0,Stephen Sommers,Stuart Beattie,Dennis Quaid,United States,175000000.0,302469017.0,Paramount Pictures,118.0
The Hangover,R,Comedy,2009,"June 5, 2009 (United States)",7.7,733000.0,Todd Phillips,Jon Lucas,Zach Galifianakis,United States,35000000.0,469310836.0,Warner Bros.,100.0
Harry Potter and the Half-Blood Prince,PG,Action,2009,"July 15, 2009 (United States)",7.6,492000.0,David Yates,Steve Kloves,Daniel Radcliffe,United Kingdom,250000000.0,934454096.0,Warner Bros.,153.0
He's Just Not That Into You,PG-13,Comedy,2009,"February 6, 2009 (United States)",6.4,165000.0,Ken Kwapis,Abby Kohn,Ginnifer Goodwin,Germany,40000000.0,178866158.0,New Line Cinema,129.0
2012,PG-13,Action,2009,"November 13, 2009 (United States)",5.8,360000.0,Roland Emmerich,Roland Emmerich,John Cusack,United States,200000000.0,791217826.0,Columbia Pictures,158.0
The Lovely Bones,PG-13,Drama,2009,"January 15, 2010 (United States)",6.7,162000.0,Peter Jackson,Fran Walsh,Rachel Weisz,United States,65000000.0,93621340.0,Dreamworks Pictures,135.0
Zombieland,R,Adventure,2009,"October 2, 2009 (United States)",7.6,534000.0,Ruben Fleischer,Rhett Reese,Jesse Eisenberg,United States,23600000.0,102392080.0,Columbia Pictures,88.0
500 Days of Summer,PG-13,Comedy,2009,"August 7, 2009 (United States)",7.7,483000.0,Marc Webb,Scott Neustadter,Zooey Deschanel,United States,7500000.0,60800444.0,Fox Searchlight Pictures,95.0
Sherlock Holmes,PG-13,Action,2009,"December 25, 2009 (United States)",7.6,596000.0,Guy Ritchie,Michael Robert Johnson,Robert Downey Jr.,United States,90000000.0,524028679.0,Warner Bros.,128.0
District 9,R,Action,2009,"August 14, 2009 (United States)",7.9,648000.0,Neill Blomkamp,Neill Blomkamp,Sharlto Copley,South Africa,30000000.0,210888950.0,TriStar Pictures,112.0
The Blind Side,PG-13,Biography,2009,"November 20, 2009 (United States)",7.6,303000.0,John Lee Hancock,John Lee Hancock,Quinton Aaron,United States,29000000.0,309208309.0,Alcon Entertainment,129.0
Up,PG,Animation,2009,"May 29, 2009 (United States)",8.2,962000.0,Pete Docter,Pete Docter,Edward Asner,United States,175000000.0,735099102.0,Pixar Animation Studios,96.0
X-Men Origins: Wolverine,PG-13,Action,2009,"May 1, 2009 (United States)",6.6,477000.0,Gavin Hood,David Benioff,Hugh Jackman,United States,150000000.0,373062864.0,Twentieth Century Fox,107.0
Fantastic Mr. Fox,PG,Animation,2009,"November 25, 2009 (United States)",7.9,208000.0,Wes Anderson,Roald Dahl,George Clooney,United States,40000000.0,46474181.0,Twentieth Century Fox,87.0
Brothers,R,Action,2009,"December 4, 2009 (United States)",7.1,115000.0,Jim Sheridan,David Benioff,Jake Gyllenhaal,United States,26000000.0,43474578.0,Lionsgate,105.0
Fanboys,PG-13,Adventure,2009,"February 13, 2009 (Iceland)",6.6,57000.0,Kyle Newman,Ernest Cline,Dan Fogler,United States,3900000.0,961203.0,The Weinstein Company,90.0
Transformers: Revenge of the Fallen,PG-13,Action,2009,"June 24, 2009 (United States)",6.0,390000.0,Michael Bay,Ehren Kruger,Shia LaBeouf,United States,200000000.0,836303693.0,Dreamworks Pictures,149.0
Up in the Air,R,Comedy,2009,"December 23, 2009 (United States)",7.4,324000.0,Jason Reitman,Walter Kirn,George Clooney,United States,25000000.0,166842739.0,Paramount Pictures,109.0
The Twilight Saga: New Moon,PG-13,Adventure,2009,"November 20, 2009 (United States)",4.7,271000.0,Chris Weitz,Melissa Rosenberg,Kristen Stewart,United States,50000000.0,711025481.0,Temple Hill Entertainment,130.0
Antichrist,Not Rated,Drama,2009,"May 20, 2009 (Denmark)",6.6,119000.0,Lars von Trier,Lars von Trier,Willem Dafoe,Denmark,11000000.0,7413863.0,Zentropa Entertainments,108.0
Friday the 13th,R,Horror,2009,"February 13, 2009 (United States)",5.5,100000.0,Marcus Nispel,Victor Miller,Jared Padalecki,United States,19000000.0,91509154.0,New Line Cinema,97.0
The Princess and the Frog,G,Animation,2009,"December 11, 2009 (United States)",7.1,130000.0,Ron Clements,Ron Clements,Anika Noni Rose,United States,105000000.0,267045765.0,Walt Disney Animation Studios,97.0
Terminator Salvation,PG-13,Action,2009,"May 21, 2009 (United States)",6.5,348000.0,McG,John Brancato,Christian Bale,United States,200000000.0,371353001.0,The Halcyon Company,115.0
Coraline,PG,Animation,2009,"February 6, 2009 (United States)",7.7,204000.0,Henry Selick,Henry Selick,Dakota Fanning,United States,60000000.0,124596837.0,Focus Features,100.0
Moon,R,Drama,2009,"July 10, 2009 (United States)",7.8,342000.0,Duncan Jones,Duncan Jones,Sam Rockwell,United Kingdom,5000000.0,9760107.0,Sony Pictures Classics,97.0
"I Love You, Man",R,Comedy,2009,"March 20, 2009 (United States)",7.0,197000.0,John Hamburg,John Hamburg,Paul Rudd,United States,40000000.0,91980359.0,Dreamworks Pictures,105.0
Public Enemies,R,Biography,2009,"July 1, 2009 (United States)",7.0,287000.0,Michael Mann,Ronan Bennett,Christian Bale,United States,100000000.0,214104620.0,Universal Pictures,140.0
Law Abiding Citizen,R,Action,2009,"October 16, 2009 (United States)",7.4,279000.0,F. Gary Gray,Kurt Wimmer,Gerard Butler,United States,50000000.0,127944208.0,G-BASE,109.0
The Proposal,PG-13,Comedy,2009,"June 19, 2009 (United States)",6.7,303000.0,Anne Fletcher,Peter Chiarelli,Sandra Bullock,United States,40000000.0,317375031.0,Touchstone Pictures,108.0
Mr. Nobody,R,Drama,2009,"September 26, 2013 (United States)",7.8,222000.0,Jaco Van Dormael,Jaco Van Dormael,Jared Leto,Belgium,47000000.0,3559160.0,Pan Européenne,141.0
Enter the Void,Not Rated,Drama,2009,"May 5, 2010 (France)",7.3,74000.0,Gaspar Noé,Gaspar Noé,Nathaniel Brown,France,16000000.0,775385.0,Fidélité Films,161.0
17 Again,PG-13,Comedy,2009,"April 17, 2009 (United States)",6.4,187000.0,Burr Steers,Jason Filardi,Zac Efron,United States,20000000.0,136316880.0,New Line Cinema,102.0
Knowing,PG-13,Action,2009,"March 20, 2009 (United States)",6.2,225000.0,Alex Proyas,Ryne Douglas Pearson,Nicolas Cage,United States,50000000.0,183658498.0,Summit Entertainment,121.0
Fired Up!,PG-13,Comedy,2009,"February 20, 2009 (United States)",6.1,43000.0,Will Gluck,Will Gluck,Eric Christian Olsen,United States,20000000.0,18599102.0,Screen Gems,90.0
Angels & Demons,PG-13,Action,2009,"May 15, 2009 (United States)",6.7,280000.0,Ron Howard,David Koepp,Tom Hanks,United States,150000000.0,485930816.0,Columbia Pictures,138.0
The Road,R,Drama,2009,"November 25, 2009 (United States)",7.2,228000.0,John Hillcoat,Joe Penhall,Viggo Mortensen,United States,25000000.0,27639579.0,Dimension Films,111.0
Whip It,PG-13,Drama,2009,"October 2, 2009 (United States)",6.9,65000.0,Drew Barrymore,Shauna Cross,Elliot Page,United States,15000000.0,16691303.0,Fox Searchlight Pictures,111.0
The Secret in Their Eyes,R,Drama,2009,"May 21, 2010 (United States)",8.2,198000.0,Juan José Campanella,Eduardo Sacheri,Ricardo Darín,Argentina,2000000.0,35079650.0,Tornasol Films,129.0
Pandorum,R,Action,2009,"September 25, 2009 (United States)",6.7,146000.0,Christian Alvart,Travis Milloy,Dennis Quaid,Germany,33000000.0,20648328.0,Constantin Film,108.0
Monsters vs. Aliens,PG,Animation,2009,"March 27, 2009 (United States)",6.4,151000.0,Rob Letterman,Maya Forbes,Reese Witherspoon,United States,175000000.0,381509870.0,DreamWorks Animation,94.0
Underworld: Rise of the Lycans,R,Action,2009,"January 23, 2009 (United States)",6.6,154000.0,Patrick Tatopoulos,Danny McBride,Rhona Mitra,United States,35000000.0,92158961.0,Screen Gems,92.0
Couples Retreat,PG-13,Comedy,2009,"October 9, 2009 (United States)",5.5,104000.0,Peter Billingsley,Jon Favreau,Vince Vaughn,United States,70000000.0,171844840.0,Universal Pictures,113.0
Ondine,PG-13,Drama,2009,"March 5, 2010 (Ireland)",6.8,20000.0,Neil Jordan,Neil Jordan,Colin Farrell,Ireland,12000000.0,1790061.0,Wayfare Entertainment,111.0
Drag Me to Hell,PG-13,Horror,2009,"May 29, 2009 (United States)",6.5,192000.0,Sam Raimi,Sam Raimi,Alison Lohman,United States,30000000.0,90842646.0,Universal Pictures,99.0
The Last House on the Left,R,Horror,2009,"March 13, 2009 (United States)",6.5,88000.0,Dennis Iliadis,Adam Alleca,Garret Dillahunt,United States,15000000.0,45995223.0,Rogue Pictures,110.0
The Girl with the Dragon Tattoo,R,Crime,2009,"April 30, 2010 (United States)",7.8,211000.0,Niels Arden Oplev,Nikolaj Arcel,Michael Nyqvist,Sweden,13000000.0,104414200.0,Yellow Bird,152.0
The Stepfather,PG-13,Crime,2009,"October 16, 2009 (United States)",5.6,33000.0,Nelson McCormick,J.S. Cardone,Penn Badgley,United States,20000000.0,31198531.0,Screen Gems,101.0
Where the Wild Things Are,PG,Adventure,2009,"October 16, 2009 (United States)",6.7,102000.0,Spike Jonze,Spike Jonze,Max Records,Germany,100000000.0,100140916.0,Warner Bros.,101.0
Sorority Row,R,Horror,2009,"September 11, 2009 (United States)",5.1,29000.0,Stewart Hendler,Josh Stolberg,Briana Evigan,United States,12500000.0,27206120.0,House Row Productions,101.0
Gamer,R,Action,2009,"September 4, 2009 (United States)",5.8,131000.0,Mark Neveldine,Mark Neveldine,Gerard Butler,United States,50000000.0,40828540.0,Lionsgate,95.0
The Imaginarium of Doctor Parnassus,PG-13,Adventure,2009,"January 8, 2010 (United States)",6.8,146000.0,Terry Gilliam,Terry Gilliam,Christopher Plummer,United Kingdom,30000000.0,61808775.0,Infinity Features Entertainment,123.0
Night at the Museum: Battle of the Smithsonian,PG,Adventure,2009,"May 22, 2009 (United States)",6.0,183000.0,Shawn Levy,Robert Ben Garant,Ben Stiller,United States,150000000.0,413106170.0,Twentieth Century Fox,105.0
Year One,PG-13,Comedy,2009,"June 19, 2009 (United States)",4.9,94000.0,Harold Ramis,Harold Ramis,Jack Black,United States,60000000.0,62357900.0,Columbia Pictures,97.0
Precious,R,Drama,2009,"November 20, 2009 (United States)",7.3,107000.0,Lee Daniels,Geoffrey Fletcher,Gabourey Sidibe,United States,10000000.0,63649529.0,Lionsgate,110.0
The Time Traveler's Wife,PG-13,Drama,2009,"August 14, 2009 (United States)",7.1,144000.0,Robert Schwentke,Bruce Joel Rubin,Eric Bana,United States,39000000.0,101344412.0,New Line Cinema,107.0
Cloudy with a Chance of Meatballs,PG,Animation,2009,"September 18, 2009 (United States)",6.9,212000.0,Phil Lord,Phil Lord,Anna Faris,United States,100000000.0,243006126.0,Columbia Pictures,90.0
A Perfect Getaway,R,Drama,2009,"August 7, 2009 (United States)",6.5,69000.0,David Twohy,David Twohy,Milla Jovovich,United States,14000000.0,22955544.0,Rogue,98.0
Invictus,PG-13,Biography,2009,"December 11, 2009 (United States)",7.3,153000.0,Clint Eastwood,Anthony Peckham,Morgan Freeman,United States,60000000.0,122426792.0,Warner Bros.,134.0
Mother,R,Crime,2009,"May 28, 2009 (South Korea)",7.8,56000.0,Bong Joon Ho,Bong Joon Ho,Hye-ja Kim,South Korea,5000000.0,17203507.0,CJ Entertainment,129.0
The Ugly Truth,R,Comedy,2009,"July 24, 2009 (United States)",6.4,209000.0,Robert Luketic,Nicole Eastman,Katherine Heigl,United States,38000000.0,321682600.0,Columbia Pictures,96.0
The Invention of Lying,PG-13,Comedy,2009,"October 2, 2009 (United States)",6.4,133000.0,Ricky Gervais,Ricky Gervais,Ricky Gervais,United States,18500000.0,32406507.0,Warner Bros.,100.0
The Fourth Kind,PG-13,Horror,2009,"November 6, 2009 (United States)",5.9,75000.0,Olatunde Osunsanmi,Olatunde Osunsanmi,Milla Jovovich,United States,10000000.0,47719794.0,Universal Pictures,98.0
A Serious Man,R,Comedy,2009,"November 6, 2009 (United States)",7.1,137000.0,Ethan Coen,Joel Coen,Michael Stuhlbarg,United Kingdom,7000000.0,31430334.0,Focus Features,106.0
Extract,R,Comedy,2009,"September 4, 2009 (United States)",6.1,46000.0,Mike Judge,Mike Judge,Jason Bateman,United States,8000000.0,10848783.0,Ternion Pictures,92.0
The Collector,R,Horror,2009,"July 31, 2009 (United States)",6.4,61000.0,Marcus Dunstan,Patrick Melton,Josh Stewart,United States,6000000.0,10234475.0,LD Entertainment,90.0
Ninja Assassin,R,Action,2009,"November 25, 2009 (United States)",6.3,70000.0,James McTeigue,Matthew Sand,Rain,Germany,40000000.0,61601280.0,Warner Bros.,99.0
The Men Who Stare at Goats,R,Comedy,2009,"November 6, 2009 (United States)",6.2,129000.0,Grant Heslov,Jon Ronson,Ewan McGregor,United States,25000000.0,69095771.0,BBC Films,94.0
Land of the Lost,PG-13,Action,2009,"June 5, 2009 (United States)",5.3,68000.0,Brad Silberling,Chris Henchy,Will Ferrell,United States,100000000.0,68777554.0,Universal Pictures,102.0
A Single Man,R,Drama,2009,"February 5, 2010 (United States)",7.5,108000.0,Tom Ford,Christopher Isherwood,Colin Firth,United States,7000000.0,24964890.0,Fade to Black Productions,99.0
Pirate Radio,R,Comedy,2009,"November 13, 2009 (United States)",7.4,108000.0,Richard Curtis,Richard Curtis,Philip Seymour Hoffman,United Kingdom,50000000.0,36348784.0,Universal Pictures,117.0
Dragonball Evolution,PG,Action,2009,"April 10, 2009 (United States)",2.5,71000.0,James Wong,Ben Ramsey,Justin Chatwin,United States,30000000.0,55720772.0,Twentieth Century Fox,85.0
Case 39,R,Horror,2009,"October 1, 2010 (United States)",6.2,81000.0,Christian Alvart,Ray Wright,Renée Zellweger,United States,26000000.0,28190603.0,Paramount Vantage,109.0
The Taking of Pelham 123,R,Action,2009,"June 12, 2009 (United States)",6.4,189000.0,Tony Scott,Brian Helgeland,Denzel Washington,United States,100000000.0,150166126.0,Columbia Pictures,106.0
It's Complicated,R,Comedy,2009,"December 25, 2009 (United States)",6.5,88000.0,Nancy Meyers,Nancy Meyers,Meryl Streep,United States,85000000.0,219103655.0,Universal Pictures,120.0
Halloween II,R,Horror,2009,"August 28, 2009 (United States)",4.8,50000.0,Rob Zombie,Rob Zombie,Scout Taylor-Compton,United States,15000000.0,39421467.0,Dimension Films,105.0
The Final Destination,R,Action,2009,"August 28, 2009 (United States)",5.2,99000.0,David R. Ellis,Eric Bress,Nick Zano,United States,40000000.0,186167139.0,New Line Cinema,82.0
Chloe,R,Drama,2009,"March 10, 2010 (France)",6.3,71000.0,Atom Egoyan,Erin Cressida Wilson,Julianne Moore,United States,14000000.0,13657649.0,StudioCanal,96.0
Agora,R,Adventure,2009,"October 9, 2009 (Spain)",7.2,67000.0,Alejandro Amenábar,Alejandro Amenábar,Rachel Weisz,Spain,70000000.0,39457342.0,Mod Producciones,127.0
The Joneses,R,Comedy,2009,"April 23, 2010 (United States)",6.4,39000.0,Derrick Borte,Randy T. Dinzler,Demi Moore,United States,10000000.0,7043835.0,Echo Lake Entertainment,96.0
Daybreakers,R,Action,2009,"January 8, 2010 (United States)",6.4,124000.0,Michael Spierig,Michael Spierig,Ethan Hawke,Australia,20000000.0,51417188.0,Lionsgate,98.0
An Education,PG-13,Drama,2009,"February 5, 2010 (United States)",7.3,131000.0,Lone Scherfig,Lynn Barber,Carey Mulligan,United Kingdom,7500000.0,26096852.0,BBC Films,100.0
Crazy Heart,R,Drama,2009,"February 5, 2010 (United States)",7.2,86000.0,Scott Cooper,Scott Cooper,Jeff Bridges,United States,7000000.0,47405566.0,Fox Searchlight Pictures,112.0
Ice Age: Dawn of the Dinosaurs,PG,Animation,2009,"July 1, 2009 (United States)",6.9,230000.0,Carlos Saldanha,Michael Berg,Ray Romano,United States,90000000.0,886686817.0,Twentieth Century Fox Animation,94.0
Crank: High Voltage,R,Action,2009,"April 17, 2009 (United States)",6.2,143000.0,Mark Neveldine,Mark Neveldine,Jason Statham,United States,20000000.0,34572541.0,Lionsgate,96.0
The International,R,Action,2009,"February 13, 2009 (United States)",6.5,93000.0,Tom Tykwer,Eric Warren Singer,Clive Owen,United States,50000000.0,60253843.0,Columbia Pictures,118.0
My Bloody Valentine,R,Horror,2009,"January 16, 2009 (United States)",5.4,55000.0,Patrick Lussier,Todd Farmer,Jensen Ackles,United States,15000000.0,100734718.0,Lionsgate,101.0
Julie & Julia,PG-13,Biography,2009,"August 7, 2009 (United States)",7.0,111000.0,Nora Ephron,Nora Ephron,Amy Adams,United States,40000000.0,129540522.0,Columbia Pictures,123.0
Race to Witch Mountain,PG,Action,2009,"March 13, 2009 (United States)",5.7,57000.0,Andy Fickman,Matt Lopez,Dwayne Johnson,United States,65000000.0,106387141.0,Walt Disney Pictures,98.0
9,PG-13,Animation,2009,"September 9, 2009 (United States)",7.1,135000.0,Shane Acker,Pamela Pettler,Elijah Wood,United States,30000000.0,48428063.0,Focus Features,79.0
The Young Victoria,PG,Biography,2009,"January 8, 2010 (United States)",7.3,59000.0,Jean-Marc Vallée,Julian Fellowes,Emily Blunt,United Kingdom,35000000.0,29196409.0,GK Films,105.0
Splice,R,Drama,2009,"June 4, 2010 (United States)",5.7,95000.0,Vincenzo Natali,Vincenzo Natali,Adrien Brody,Canada,30000000.0,27127620.0,Canal+,104.0
A Prophet,R,Crime,2009,"March 26, 2010 (United States)",7.9,95000.0,Jacques Audiard,Thomas Bidegain,Tahar Rahim,France,13000000.0,17874044.0,Why Not Productions,155.0
My Sister's Keeper,PG-13,Drama,2009,"June 26, 2009 (United States)",7.4,91000.0,Nick Cassavetes,Jeremy Leven,Cameron Diaz,United States,30000000.0,95714875.0,Curmudgeon Films,109.0
Bride Wars,PG,Comedy,2009,"January 9, 2009 (United States)",5.5,102000.0,Gary Winick,Greg DePaul,Kate Hudson,United States,30000000.0,115375850.0,Fox 2000 Pictures,89.0
Surrogates,PG-13,Action,2009,"September 25, 2009 (United States)",6.3,171000.0,Jonathan Mostow,Michael Ferris,Bruce Willis,United States,80000000.0,122444772.0,Touchstone Pictures,89.0
Funny People,R,Comedy,2009,"July 31, 2009 (United States)",6.3,116000.0,Judd Apatow,Judd Apatow,Adam Sandler,United States,75000000.0,71585235.0,Universal Pictures,146.0
Saw VI,R,Horror,2009,"October 23, 2009 (United States)",6.0,105000.0,Kevin Greutert,Patrick Melton,Tobin Bell,Canada,11000000.0,68234154.0,Twisted Pictures,90.0
Fish Tank,Not Rated,Drama,2009,"September 11, 2009 (United Kingdom)",7.3,60000.0,Andrea Arnold,Andrea Arnold,Katie Jarvis,Netherlands,3000000.0,2404300.0,BBC Films,123.0
Push,PG-13,Action,2009,"February 6, 2009 (United States)",6.1,107000.0,Paul McGuigan,David Bourla,Camilla Belle,United States,38000000.0,48858618.0,Summit Entertainment,111.0
After.Life,R,Drama,2009,"December 16, 2009 (Brazil)",5.9,37000.0,Agnieszka Wojtowicz-Vosloo,Agnieszka Wojtowicz-Vosloo,Christina Ricci,United States,4500000.0,2425535.0,Lleju Productions,104.0
Nine,PG-13,Drama,2009,"December 25, 2009 (United States)",5.8,43000.0,Rob Marshall,Michael Tolkin,Daniel Day-Lewis,United Kingdom,80000000.0,54004950.0,The Weinstein Company,118.0
Obsessed,PG-13,Drama,2009,"April 24, 2009 (United States)",5.0,31000.0,Steve Shill,David Loughery,Beyoncé,United States,20000000.0,73830347.0,Screen Gems,108.0
Paul Blart: Mall Cop,PG,Action,2009,"January 16, 2009 (United States)",5.2,105000.0,Steve Carr,Kevin James,Kevin James,United States,26000000.0,183348429.0,Columbia Pictures,91.0
The Box,PG-13,Drama,2009,"November 6, 2009 (United States)",5.6,90000.0,Richard Kelly,Richard Kelly,Cameron Diaz,United States,30000000.0,33334176.0,Warner Bros.,115.0
Everybody's Fine,PG-13,Adventure,2009,"December 4, 2009 (United States)",7.1,60000.0,Kirk Jones,Kirk Jones,Robert De Niro,United States,21000000.0,16443609.0,Miramax,99.0
Brüno,R,Comedy,2009,"July 10, 2009 (United States)",5.8,146000.0,Larry Charles,Sacha Baron Cohen,Sacha Baron Cohen,United States,42000000.0,138805831.0,Universal Pictures,81.0
"I Love You, Beth Cooper",PG-13,Comedy,2009,"July 10, 2009 (United States)",5.3,34000.0,Chris Columbus,Larry Doyle,Hayden Panettiere,United States,18000000.0,15821907.0,Fox Atomic,102.0
The Unborn,PG-13,Drama,2009,"January 9, 2009 (United States)",4.8,50000.0,David S. Goyer,David S. Goyer,Odette Annable,United States,16000000.0,76514050.0,Rogue Pictures,88.0
Thirst,R,Drama,2009,"April 30, 2009 (South Korea)",7.1,44000.0,Park Chan-Wook,Émile Zola,Kang-ho Song,South Korea,5000000.0,13085023.0,CJ Entertainment,134.0
Notorious,R,Biography,2009,"January 16, 2009 (United States)",6.7,42000.0,George Tillman Jr.,Reggie Rock Bythewood,Jamal Woolard,United States,20000000.0,44420167.0,Fox Searchlight Pictures,122.0
All About Steve,PG-13,Comedy,2009,"September 4, 2009 (United States)",4.8,40000.0,Phil Traill,Kim Barker,Sandra Bullock,United States,15000000.0,40105542.0,Fox 2000 Pictures,99.0
Old Dogs,PG,Comedy,2009,"November 25, 2009 (United States)",5.3,37000.0,Walt Becker,David Diamond,Robin Williams,United States,35000000.0,96753696.0,Walt Disney Pictures,88.0
The Girlfriend Experience,R,Drama,2009,"July 8, 2009 (France)",5.5,16000.0,Steven Soderbergh,David Levien,Sasha Grey,United States,1700000.0,1060941.0,Magnolia Pictures,77.0
Ghosts of Girlfriends Past,PG-13,Comedy,2009,"May 1, 2009 (United States)",5.8,86000.0,Mark Waters,Jon Lucas,Matthew McConaughey,United States,37500000.0,102366815.0,Jon Shestack Productions,100.0
The Haunting in Connecticut,PG-13,Drama,2009,"March 27, 2009 (United States)",5.9,60000.0,Peter Cornwell,Adam Simon,Virginia Madsen,United States,10000000.0,77578320.0,Lionsgate,92.0
I Love You Phillip Morris,R,Biography,2009,"January 7, 2011 (United States)",6.6,93000.0,Glenn Ficarra,John Requa,Jim Carrey,France,13000000.0,20768906.0,EuropaCorp,98.0
Bad Lieutenant: Port of Call New Orleans,R,Crime,2009,"December 11, 2009 (United States)",6.6,75000.0,Werner Herzog,William M. Finkelstein,Nicolas Cage,United States,25000000.0,10606422.0,Millennium Films,122.0
Black Dynamite,R,Action,2009,"January 13, 2010 (France)",7.4,47000.0,Scott Sanders,Michael Jai White,Michael Jai White,United States,2900000.0,296557.0,Destination Films,84.0
Brooklyn's Finest,R,Action,2009,"March 5, 2010 (United States)",6.7,62000.0,Antoine Fuqua,Michael C. Martin,Richard Gere,United States,17000000.0,45719985.0,Millennium Films,132.0
The White Ribbon,R,Drama,2009,"March 5, 2010 (United States)",7.8,70000.0,Michael Haneke,Michael Haneke,Christian Friedel,Germany,18000000.0,19319671.0,X-Filme Creative Pool,144.0
The Boondock Saints II: All Saints Day,R,Action,2009,"December 11, 2009 (United States)",6.3,62000.0,Troy Duffy,Troy Duffy,Sean Patrick Flanery,United States,8000000.0,10629321.0,Stage 6 Films,118.0
Whatever Works,PG-13,Comedy,2009,"July 3, 2009 (United States)",7.1,72000.0,Woody Allen,Woody Allen,Evan Rachel Wood,United States,15000000.0,36020534.0,Sony Pictures Classics,93.0
Hannah Montana: The Movie,G,Comedy,2009,"April 10, 2009 (United States)",4.6,41000.0,Peter Chelsom,Dan Berendsen,Miley Cyrus,United States,30000000.0,155545279.0,It's a Laugh Productions,102.0
Alvin and the Chipmunks: the Squeakquel,PG,Animation,2009,"December 23, 2009 (United States)",4.5,45000.0,Betty Thomas,Jon Vitti,Jason Lee,United States,75000000.0,443140005.0,Fox 2000 Pictures,88.0
12 Rounds,PG-13,Action,2009,"March 27, 2009 (United States)",5.6,28000.0,Renny Harlin,Daniel Kunka,John Cena,United States,22000000.0,17280326.0,Fox Atomic,108.0
Survival of the Dead,R,Comedy,2009,"May 6, 2010 (Germany)",4.9,21000.0,George A. Romero,George A. Romero,Alan Van Sprang,United States,4000000.0,386078.0,Blank of the Dead Productions,90.0
Fame,PG,Comedy,2009,"September 25, 2009 (United States)",5.1,16000.0,Kevin Tancharoen,Allison Burnett,Kelsey Grammer,United States,18000000.0,77211836.0,Metro-Goldwyn-Mayer (MGM),107.0
The House of the Devil,R,Horror,2009,"April 25, 2009 (Brazil)",6.4,42000.0,Ti West,Ti West,Jocelin Donahue,United States,900000.0,101215.0,MPI Media Group,95.0
Middle Men,R,Comedy,2009,"August 6, 2010 (United States)",6.8,37000.0,George Gallo,George Gallo,Luke Wilson,United States,20000000.0,754301.0,Paramount Pictures,105.0
Astro Boy,PG,Animation,2009,"October 23, 2009 (United States)",6.3,34000.0,David Bowers,Osamu Tezuka,Freddie Highmore,Hong Kong,65000000.0,39886986.0,Imagi Animation Studios,94.0
My Life in Ruins,PG-13,Comedy,2009,"June 5, 2009 (United States)",5.9,19000.0,Donald Petrie,Mike Reiss,Nia Vardalos,United States,17000000.0,20458873.0,26 Films,95.0
G-Force,PG,Animation,2009,"July 24, 2009 (United States)",5.1,44000.0,Hoyt Yeatman,Cormac Wibberley,Will Arnett,United States,150000000.0,292817898.0,Jerry Bruckheimer Films,88.0
Did You Hear About the Morgans?,PG-13,Comedy,2009,"December 18, 2009 (United States)",4.9,39000.0,Marc Lawrence,Marc Lawrence,Hugh Grant,United States,58000000.0,85280250.0,Columbia Pictures,103.0
Away We Go,R,Adventure,2009,"June 26, 2009 (United States)",7.0,52000.0,Sam Mendes,Dave Eggers,John Krasinski,United States,17000000.0,15779455.0,Focus Features,98.0
Love Happens,PG-13,Drama,2009,"September 18, 2009 (United States)",5.7,32000.0,Brandon Camp,Brandon Camp,Jennifer Aniston,United States,18000000.0,36088028.0,Universal Pictures,109.0
Youth in Revolt,R,Comedy,2009,"January 8, 2010 (United States)",6.4,73000.0,Miguel Arteta,Gustin Nash,Michael Cera,United States,18000000.0,19651093.0,Dimension Films,90.0
Observe and Report,R,Comedy,2009,"April 10, 2009 (United States)",5.8,61000.0,Jody Hill,Jody Hill,Seth Rogen,United States,18000000.0,26973554.0,De Line Pictures,86.0
Bright Star,PG,Biography,2009,"October 9, 2009 (United States)",6.9,26000.0,Jane Campion,Jane Campion,Abbie Cornish,United Kingdom,8500000.0,14374652.0,Pathé Renn Productions,119.0
Harry Brown,R,Action,2009,"May 14, 2010 (United States)",7.2,85000.0,Daniel Barber,Gary Young,Michael Caine,United Kingdom,7300000.0,10371451.0,Marv Films,103.0
Duplicity,PG-13,Comedy,2009,"March 20, 2009 (United States)",6.2,49000.0,Tony Gilroy,Tony Gilroy,Julia Roberts,United States,60000000.0,78176181.0,Universal Pictures,125.0
The Pink Panther 2,PG,Action,2009,"February 6, 2009 (United States)",5.6,43000.0,Harald Zwart,Scott Neustadter,Steve Martin,United States,70000000.0,76025134.0,Metro-Goldwyn-Mayer (MGM),92.0
The Informant!,R,Biography,2009,"September 18, 2009 (United States)",6.4,64000.0,Steven Soderbergh,Scott Z. Burns,Matt Damon,United States,22000000.0,41771168.0,Warner Bros.,108.0
Planet 51,PG,Animation,2009,"November 20, 2009 (United States)",6.0,52000.0,Jorge Blanco,Joe Stillman,Dwayne Johnson,Spain,70000000.0,105647102.0,TriStar Pictures,91.0
Crossing Over,R,Crime,2009,"February 26, 2009 (Bahrain)",6.7,23000.0,Wayne Kramer,Wayne Kramer,Harrison Ford,United States,19000000.0,3676533.0,The Weinstein Company,113.0
A Christmas Carol,PG,Animation,2009,"November 6, 2009 (United States)",6.8,106000.0,Robert Zemeckis,Charles Dickens,Jim Carrey,United States,200000000.0,325286646.0,Walt Disney Pictures,96.0
City Island,PG-13,Comedy,2009,"April 30, 2010 (United States)",7.4,31000.0,Raymond De Felitta,Raymond De Felitta,Andy Garcia,United States,6000000.0,7878856.0,CineSon Entertainment,104.0
Coco Before Chanel,PG-13,Biography,2009,"November 6, 2009 (United States)",6.7,39000.0,Anne Fontaine,Edmonde Charles-Roux,Audrey Tautou,France,23000000.0,50812934.0,Haut et Court,105.0
Dead Snow,Not Rated,Comedy,2009,"January 9, 2009 (Norway)",6.3,65000.0,Tommy Wirkola,Tommy Wirkola,Jeppe Beck Laursen,Norway,800000.0,2166797.0,Euforia Film,91.0
The Messenger,R,Drama,2009,"December 4, 2009 (United States)",7.1,34000.0,Oren Moverman,Alessandro Camon,Ben Foster,United States,6500000.0,1595417.0,Oscilloscope,113.0
The Soloist,PG-13,Biography,2009,"April 24, 2009 (United States)",6.7,52000.0,Joe Wright,Susannah Grant,Jamie Foxx,United Kingdom,60000000.0,38332994.0,Dreamworks Pictures,117.0
Whiteout,R,Action,2009,"September 11, 2009 (United States)",5.5,38000.0,Dominic Sena,Jon Hoeber,Kate Beckinsale,United States,35000000.0,17976667.0,Warner Bros.,101.0
Beyond a Reasonable Doubt,PG-13,Crime,2009,"July 10, 2009 (Spain)",5.9,12000.0,Peter Hyams,Peter Hyams,Jesse Metcalfe,United States,25000000.0,4515258.0,Autonomous Films,106.0
The Secret of Kells,Not Rated,Animation,2009,"June 22, 2016 (United States)",7.6,33000.0,Tomm Moore,Tomm Moore,Evan McGuire,Ireland,8000000.0,1803412.0,Les Armateurs,75.0
The Disappearance of Alice Creed,R,Crime,2009,"April 30, 2010 (United Kingdom)",6.7,26000.0,J Blakeson,J Blakeson,Gemma Arterton,United Kingdom,800000.0,896919.0,CinemaNX,100.0
"The Goods: Live Hard, Sell Hard",R,Comedy,2009,"August 14, 2009 (United States)",5.8,21000.0,Neal Brennan,Andy Stock,Jeremy Piven,United States,10000000.0,15300885.0,Paramount Vantage,89.0
Miss March,R,Comedy,2009,"March 13, 2009 (United States)",5.0,21000.0,Zach Cregger,Zach Cregger,Zach Cregger,United States,6000000.0,4591629.0,Fox Atomic,90.0
Cirque du Freak: the Vampire's Assistant,PG-13,Action,2009,"October 23, 2009 (United States)",5.8,44000.0,Paul Weitz,Paul Weitz,Chris Massoglia,United States,40000000.0,39291383.0,Universal Pictures,109.0
Aliens in the Attic,PG,Adventure,2009,"July 31, 2009 (United States)",5.4,21000.0,John Schultz,Mark Burton,Ashley Tisdale,United States,45000000.0,57881056.0,Twentieth Century Fox,86.0
Street Fighter: The Legend of Chun-Li,PG-13,Action,2009,"February 27, 2009 (United States)",3.7,23000.0,Andrzej Bartkowiak,Justin Marks,Kristin Kreuk,Canada,18000000.0,12764201.0,Hyde Park Entertainment,96.0
Broken Embraces,R,Drama,2009,"January 15, 2010 (United States)",7.2,39000.0,Pedro Almodóvar,Pedro Almodóvar,Penélope Cruz,Spain,18000000.0,37472736.0,Universal Pictures International (UPI),127.0
The Damned United,R,Biography,2009,"March 27, 2009 (United Kingdom)",7.5,42000.0,Tom Hooper,Peter Morgan,Colm Meaney,United Kingdom,10000000.0,4091378.0,Columbia Pictures,98.0
Gentlemen Broncos,PG-13,Adventure,2009,"May 27, 2010 (Germany)",6.2,11000.0,Jared Hess,Jared Hess,Michael Angarano,United States,10000000.0,118492.0,Bronco Productions,90.0
Chéri,R,Comedy,2009,"July 17, 2009 (United States)",6.2,11000.0,Stephen Frears,Christopher Hampton,Michelle Pfeiffer,United Kingdom,23000000.0,9368242.0,Bill Kenwright Films,86.0
Tanner Hall,R,Drama,2009,"January 15, 2015 (Sweden)",5.8,3500.0,Francesca Gregorini,Tatiana von Fürstenberg,Rooney Mara,United States,3000000.0,5073.0,Two Prong Lesson,96.0
[Rec]²,R,Horror,2009,"October 2, 2009 (Spain)",6.5,70000.0,Jaume Balagueró,Jaume Balagueró,Jonathan D. Mellor,Spain,5600000.0,18853164.0,Filmax,85.0
Inception,PG-13,Action,2010,"July 16, 2010 (United States)",8.8,2100000.0,Christopher Nolan,Christopher Nolan,Leonardo DiCaprio,United States,160000000.0,836836967.0,Warner Bros.,148.0
Iron Man 2,PG-13,Action,2010,"May 7, 2010 (United States)",7.0,746000.0,Jon Favreau,Justin Theroux,Robert Downey Jr.,United States,200000000.0,623933331.0,Paramount Pictures,124.0
Shutter Island,R,Mystery,2010,"February 19, 2010 (United States)",8.2,1200000.0,Martin Scorsese,Laeta Kalogridis,Leonardo DiCaprio,United States,80000000.0,294805697.0,Paramount Pictures,138.0
Scott Pilgrim vs. the World,PG-13,Action,2010,"August 13, 2010 (United States)",7.5,394000.0,Edgar Wright,Michael Bacall,Michael Cera,United States,60000000.0,48917974.0,Universal Pictures,112.0
Grown Ups,PG-13,Comedy,2010,"June 25, 2010 (United States)",5.9,233000.0,Dennis Dugan,Adam Sandler,Adam Sandler,United States,80000000.0,271457301.0,Columbia Pictures,102.0
She's Out of My League,R,Comedy,2010,"March 12, 2010 (United States)",6.4,130000.0,Jim Field Smith,Sean Anders,Jay Baruchel,United States,20000000.0,49779728.0,Dreamworks Pictures,104.0
Kick-Ass,R,Action,2010,"April 16, 2010 (United States)",7.6,535000.0,Matthew Vaughn,Jane Goldman,Aaron Taylor-Johnson,United Kingdom,30000000.0,96188903.0,Marv Films,117.0
Black Swan,R,Drama,2010,"December 17, 2010 (United States)",8.0,716000.0,Darren Aronofsky,Mark Heyman,Natalie Portman,United States,13000000.0,329398046.0,Fox Searchlight Pictures,108.0
The Town,R,Crime,2010,"September 17, 2010 (United States)",7.5,363000.0,Ben Affleck,Peter Craig,Ben Affleck,United States,37000000.0,154026136.0,Warner Bros.,125.0
Flipped,PG,Comedy,2010,"September 10, 2010 (United States)",7.7,85000.0,Rob Reiner,Rob Reiner,Madeline Carroll,United States,14000000.0,4324817.0,Castle Rock Entertainment,90.0
The Social Network,PG-13,Biography,2010,"October 1, 2010 (United States)",7.7,645000.0,David Fincher,Aaron Sorkin,Jesse Eisenberg,United States,40000000.0,224920375.0,Columbia Pictures,120.0
Robin Hood,PG-13,Action,2010,"May 14, 2010 (United States)",6.6,257000.0,Ridley Scott,Brian Helgeland,Russell Crowe,United States,200000000.0,321669741.0,Universal Pictures,140.0
Monsters,R,Adventure,2010,"December 3, 2010 (United Kingdom)",6.4,89000.0,Gareth Edwards,Gareth Edwards,Scoot McNairy,United Kingdom,500000.0,5060438.0,Protagonist Pictures,94.0
Insidious,PG-13,Horror,2010,"April 1, 2011 (United States)",6.8,287000.0,James Wan,Leigh Whannell,Patrick Wilson,United States,1500000.0,99557032.0,FilmDistrict,103.0
Tangled,PG,Animation,2010,"November 24, 2010 (United States)",7.7,417000.0,Nathan Greno,Dan Fogelman,Mandy Moore,United States,260000000.0,592462816.0,Walt Disney Animation Studios,100.0
RED,PG-13,Action,2010,"October 15, 2010 (United States)",7.0,295000.0,Robert Schwentke,Jon Hoeber,Bruce Willis,United States,58000000.0,199006387.0,Summit Entertainment,111.0
I Spit on Your Grave,R,Horror,2010,"January 20, 2011 (Argentina)",6.3,79000.0,Steven R. Monroe,Adam Rockoff,Sarah Butler,United States,2000000.0,1278650.0,Cinetel Films,108.0
The Last Airbender,PG,Action,2010,"July 1, 2010 (United States)",4.0,156000.0,M. Night Shyamalan,M. Night Shyamalan,Noah Ringer,United States,150000000.0,319713881.0,Paramount Pictures,103.0
How to Train Your Dragon,PG,Animation,2010,"March 26, 2010 (United States)",8.1,685000.0,Dean DeBlois,William Davies,Jay Baruchel,United States,165000000.0,494879471.0,DreamWorks Animation,98.0
The American,R,Crime,2010,"September 1, 2010 (United States)",6.3,94000.0,Anton Corbijn,Rowan Joffe,George Clooney,United States,20000000.0,67876281.0,Focus Features,105.0
Incendies,R,Drama,2010,"January 12, 2011 (France)",8.3,158000.0,Denis Villeneuve,Denis Villeneuve,Lubna Azabal,Canada,6800000.0,7099598.0,micro_scope,131.0
Sex and the City 2,R,Comedy,2010,"May 27, 2010 (United States)",4.5,76000.0,Michael Patrick King,Michael Patrick King,Sarah Jessica Parker,United States,100000000.0,290745055.0,New Line Cinema,146.0
Burlesque,PG-13,Drama,2010,"November 24, 2010 (United States)",6.4,81000.0,Steve Antin,Steve Antin,Cher,United States,55000000.0,89520336.0,Screen Gems,119.0
Alice in Wonderland,PG,Adventure,2010,"March 5, 2010 (United States)",6.4,392000.0,Tim Burton,Linda Woolverton,Mia Wasikowska,United States,200000000.0,1025468216.0,Walt Disney Pictures,108.0
Despicable Me,PG,Animation,2010,"July 9, 2010 (United States)",7.6,512000.0,Pierre Coffin,Cinco Paul,Steve Carell,United States,69000000.0,543113985.0,Universal Pictures,95.0
Love & Other Drugs,R,Comedy,2010,"November 24, 2010 (United States)",6.7,186000.0,Edward Zwick,Charles Randolph,Jake Gyllenhaal,United States,30000000.0,102820008.0,Fox 2000 Pictures,112.0
True Grit,PG-13,Drama,2010,"December 22, 2010 (United States)",7.6,319000.0,Ethan Coen,Joel Coen,Jeff Bridges,United States,38000000.0,252276927.0,Paramount Pictures,110.0
The Tourist,PG-13,Action,2010,"December 10, 2010 (United States)",6.0,230000.0,Florian Henckel von Donnersmarck,Florian Henckel von Donnersmarck,Johnny Depp,United States,100000000.0,278780441.0,GK Films,103.0
The Twilight Saga: Eclipse,PG-13,Action,2010,"June 30, 2010 (United States)",5.0,233000.0,David Slade,Melissa Rosenberg,Kristen Stewart,United States,68000000.0,698491347.0,Summit Entertainment,124.0
Percy Jackson & the Olympians: The Lightning Thief,PG,Adventure,2010,"February 12, 2010 (United States)",5.9,180000.0,Chris Columbus,Craig Titley,Logan Lerman,United Kingdom,95000000.0,226497209.0,Fox 2000 Pictures,118.0
Clash of the Titans,PG-13,Action,2010,"April 2, 2010 (United States)",5.8,274000.0,Louis Leterrier,Travis Beacham,Sam Worthington,United States,125000000.0,493214993.0,Warner Bros.,106.0
The Book of Eli,R,Action,2010,"January 15, 2010 (United States)",6.9,300000.0,Albert Hughes,Gary Whitta,Denzel Washington,United States,80000000.0,157107755.0,Alcon Entertainment,118.0
Blue Valentine,R,Drama,2010,"January 28, 2011 (United States)",7.3,188000.0,Derek Cianfrance,Derek Cianfrance,Ryan Gosling,United States,1000000.0,15440333.0,Incentive Filmed Entertainment,112.0
Knight and Day,PG-13,Action,2010,"June 23, 2010 (United States)",6.3,184000.0,James Mangold,Patrick O'Neill,Tom Cruise,United States,117000000.0,261989769.0,Twentieth Century Fox,109.0
Piranha 3D,R,Comedy,2010,"August 20, 2010 (United States)",5.4,87000.0,Alexandre Aja,Pete Goldfinger,Elisabeth Shue,United States,24000000.0,83188165.0,Dimension Films,88.0
127 Hours,R,Biography,2010,"January 28, 2011 (United States)",7.5,356000.0,Danny Boyle,Danny Boyle,James Franco,United States,18000000.0,60738797.0,Fox Searchlight Pictures,94.0
The Expendables,R,Action,2010,"August 13, 2010 (United States)",6.5,331000.0,Sylvester Stallone,Dave Callaham,Sylvester Stallone,United States,80000000.0,274470394.0,Millennium Films,103.0
The Other Guys,PG-13,Action,2010,"August 6, 2010 (United States)",6.6,249000.0,Adam McKay,Adam McKay,Will Ferrell,United States,100000000.0,170458922.0,Columbia Pictures,107.0
TRON: Legacy,PG,Action,2010,"December 17, 2010 (United States)",6.8,319000.0,Joseph Kosinski,Edward Kitsis,Jeff Bridges,United States,170000000.0,400063852.0,Walt Disney Pictures,125.0
Life as We Know It,PG-13,Comedy,2010,"October 8, 2010 (United States)",6.5,126000.0,Greg Berlanti,Ian Deitchman,Katherine Heigl,United States,38000000.0,105734416.0,Josephson Entertainment,114.0
Toy Story 3,G,Animation,2010,"June 18, 2010 (United States)",8.2,776000.0,Lee Unkrich,John Lasseter,Tom Hanks,United States,200000000.0,1066970811.0,Walt Disney Pictures,103.0
The Next Three Days,PG-13,Action,2010,"November 19, 2010 (United States)",7.3,189000.0,Paul Haggis,Paul Haggis,Russell Crowe,United States,30000000.0,67448651.0,Lionsgate,133.0
Easy A,PG-13,Comedy,2010,"September 17, 2010 (United States)",7.0,368000.0,Will Gluck,Bert V. Royal,Emma Stone,United States,8000000.0,75026327.0,Screen Gems,92.0
The King's Speech,R,Biography,2010,"December 25, 2010 (United States)",8.0,651000.0,Tom Hooper,David Seidler,Colin Firth,United Kingdom,15000000.0,427374317.0,The Weinstein Company,118.0
The Fighter,R,Biography,2010,"December 17, 2010 (United States)",7.8,348000.0,David O. Russell,Scott Silver,Mark Wahlberg,United States,25000000.0,129190869.0,Closest to the Hole Productions,116.0
Machete,R,Action,2010,"September 3, 2010 (United States)",6.6,192000.0,Ethan Maniquis,Robert Rodriguez,Danny Trejo,United States,10500000.0,45491656.0,Overnight Films,105.0
The Debt,R,Drama,2010,"August 31, 2011 (United States)",6.8,67000.0,John Madden,Matthew Vaughn,Helen Mirren,United States,20000000.0,45636368.0,Miramax,113.0
Megamind,PG,Animation,2010,"November 5, 2010 (United States)",7.2,236000.0,Tom McGrath,Alan Schoolcraft,Will Ferrell,United States,130000000.0,321885765.0,DreamWorks Animation,95.0
The Losers,PG-13,Action,2010,"April 23, 2010 (United States)",6.3,94000.0,Sylvain White,Peter Berg,Idris Elba,United States,25000000.0,29397654.0,Warner Bros.,97.0
Unstoppable,PG-13,Action,2010,"November 12, 2010 (United States)",6.8,189000.0,Tony Scott,Mark Bomback,Denzel Washington,United States,100000000.0,167805466.0,Twentieth Century Fox,98.0
The Karate Kid,PG,Action,2010,"June 11, 2010 (United States)",6.2,168000.0,Harald Zwart,Christopher Murphey,Jackie Chan,United States,40000000.0,359126022.0,Columbia Pictures,140.0
Eat Pray Love,PG-13,Biography,2010,"August 13, 2010 (United States)",5.8,92000.0,Ryan Murphy,Ryan Murphy,Julia Roberts,United States,60000000.0,204594016.0,Columbia Pictures,133.0
Centurion,R,Action,2010,"July 30, 2010 (United States)",6.3,80000.0,Neil Marshall,Neil Marshall,Michael Fassbender,United Kingdom,12000000.0,6890432.0,Pathé Pictures International,97.0
The A-Team,PG-13,Action,2010,"June 11, 2010 (United States)",6.7,250000.0,Joe Carnahan,Joe Carnahan,Liam Neeson,United States,110000000.0,177238796.0,Twentieth Century Fox,117.0
Hot Tub Time Machine,R,Comedy,2010,"March 26, 2010 (United States)",6.4,165000.0,Steve Pink,Josh Heald,John Cusack,United States,36000000.0,64780213.0,Metro-Goldwyn-Mayer (MGM),101.0
Prince of Persia: the Sands of Time,PG-13,Action,2010,"May 28, 2010 (United States)",6.6,277000.0,Mike Newell,Boaz Yakin,Jake Gyllenhaal,United States,200000000.0,336365676.0,Walt Disney Pictures,116.0
Diary of a Wimpy Kid,PG,Animation,2010,"March 19, 2010 (United States)",6.2,45000.0,Thor Freudenthal,Jackie Filgo,Zachary Gordon,United States,15000000.0,76196538.0,Color Force,120.0
Never Let Me Go,R,Drama,2010,"October 15, 2010 (United States)",7.1,140000.0,Mark Romanek,Kazuo Ishiguro,Keira Knightley,United Kingdom,15000000.0,9918093.0,DNA Films,103.0
Predators,R,Action,2010,"July 9, 2010 (United States)",6.4,216000.0,Nimród Antal,Alex Litvak,Adrien Brody,United States,40000000.0,127233108.0,Twentieth Century Fox,107.0
Buried,R,Drama,2010,"October 15, 2010 (United States)",7.0,153000.0,Rodrigo Cortés,Chris Sparling,Ryan Reynolds,Spain,3000000.0,19439764.0,Audiovisual Aval SGR,95.0
Legion,R,Action,2010,"January 22, 2010 (United States)",5.3,101000.0,Scott Stewart,Peter Schink,Paul Bettany,United States,26000000.0,67918658.0,Screen Gems,100.0
Remember Me,PG-13,Drama,2010,"March 12, 2010 (United States)",7.1,141000.0,Allen Coulter,Will Fetters,Robert Pattinson,United States,16000000.0,56032889.0,Summit Entertainment,113.0
Jonah Hex,PG-13,Action,2010,"June 18, 2010 (United States)",4.7,56000.0,Jimmy Hayward,Mark Neveldine,Josh Brolin,United States,47000000.0,10903312.0,Warner Bros.,81.0
Salt,PG-13,Action,2010,"July 23, 2010 (United States)",6.4,301000.0,Phillip Noyce,Kurt Wimmer,Angelina Jolie,United States,110000000.0,293503354.0,Columbia Pictures,100.0
Morning Glory,PG-13,Comedy,2010,"November 10, 2010 (United States)",6.5,76000.0,Roger Michell,Aline Brosh McKenna,Rachel McAdams,United States,40000000.0,60040976.0,Bad Robot,107.0
Winter's Bone,R,Drama,2010,"July 16, 2010 (United States)",7.2,138000.0,Debra Granik,Debra Granik,Jennifer Lawrence,United States,2000000.0,13796834.0,Anonymous Content,100.0
A Nightmare on Elm Street,R,Crime,2010,"April 30, 2010 (United States)",5.2,95000.0,Samuel Bayer,Wesley Strick,Jackie Earle Haley,United States,35000000.0,115695182.0,New Line Cinema,95.0
Resident Evil: Afterlife,R,Action,2010,"September 10, 2010 (United States)",5.8,165000.0,Paul W.S. Anderson,Paul W.S. Anderson,Milla Jovovich,Germany,60000000.0,300228084.0,Screen Gems,96.0
Takers,PG-13,Action,2010,"August 27, 2010 (United States)",6.2,60000.0,John Luessenhop,Peter Allen,Chris Brown,United States,32000000.0,80205382.0,Screen Gems,107.0
The Way Back,PG-13,Adventure,2010,"January 21, 2011 (United States)",7.3,112000.0,Peter Weir,Slavomir Rawicz,Jim Sturgess,United States,30000000.0,24172201.0,Exclusive Films,133.0
Killers,PG-13,Action,2010,"June 4, 2010 (United States)",5.5,89000.0,Robert Luketic,Bob DeRosa,Katherine Heigl,United States,75000000.0,98159963.0,Lionsgate,100.0
Due Date,R,Comedy,2010,"November 5, 2010 (United States)",6.5,329000.0,Todd Phillips,Alan R. Cohen,Robert Downey Jr.,United States,65000000.0,211780824.0,Warner Bros.,95.0
Devil,PG-13,Horror,2010,"September 17, 2010 (United States)",6.2,137000.0,John Erick Dowdle,Brian Nelson,Chris Messina,United States,10000000.0,62695489.0,Universal Pictures,80.0
Green Zone,R,Action,2010,"March 12, 2010 (United States)",6.8,133000.0,Paul Greengrass,Brian Helgeland,Matt Damon,United Kingdom,100000000.0,154711438.0,Universal Pictures,115.0
Faster,R,Action,2010,"November 24, 2010 (United States)",6.4,103000.0,George Tillman Jr.,Tony Gayton,Dwayne Johnson,United States,24000000.0,35626958.0,CBS Films,98.0
Super,R,Action,2010,"June 10, 2011 (Iceland)",6.7,76000.0,James Gunn,James Gunn,Rainn Wilson,United States,2500000.0,422618.0,This Is That Productions,96.0
It's Kind of a Funny Story,PG-13,Comedy,2010,"October 8, 2010 (United States)",7.1,139000.0,Anna Boden,Anna Boden,Keir Gilchrist,United States,8000000.0,6491240.0,Focus Features,101.0
The Crazies,R,Horror,2010,"February 26, 2010 (United States)",6.5,114000.0,Breck Eisner,Scott Kosar,Radha Mitchell,United States,20000000.0,54806823.0,Overture Films,101.0
Shrek Forever After,PG,Animation,2010,"May 21, 2010 (United States)",6.3,190000.0,Mike Mitchell,Josh Klausner,Mike Myers,United States,165000000.0,752600867.0,DreamWorks Animation,93.0
The Chronicles of Narnia: the Voyage of the Dawn Treader,PG,Adventure,2010,"December 10, 2010 (United States)",6.3,145000.0,Michael Apted,Christopher Markus,Ben Barnes,United States,155000000.0,415686217.0,Fox 2000 Pictures,113.0
Let Me In,R,Drama,2010,"October 1, 2010 (United States)",7.1,115000.0,Matt Reeves,Matt Reeves,Kodi Smit-McPhee,United Kingdom,20000000.0,27093592.0,Overture Films,116.0
The Kids Are All Right,R,Comedy,2010,"July 30, 2010 (United States)",7.0,127000.0,Lisa Cholodenko,Lisa Cholodenko,Annette Bening,United States,4000000.0,34758951.0,Focus Features,106.0
Date Night,PG-13,Comedy,2010,"April 9, 2010 (United States)",6.3,155000.0,Shawn Levy,Josh Klausner,Steve Carell,United States,55000000.0,152263880.0,Twentieth Century Fox,88.0
Leap Year,PG,Comedy,2010,"January 8, 2010 (United States)",6.5,99000.0,Anand Tucker,Deborah Kaplan,Amy Adams,United States,19000000.0,32686500.0,Universal Pictures,100.0
Little Fockers,PG-13,Comedy,2010,"December 22, 2010 (United States)",5.5,108000.0,Paul Weitz,John Hamburg,Ben Stiller,United States,100000000.0,310650585.0,Universal Pictures,98.0
The Runaways,R,Biography,2010,"April 8, 2010 (Malaysia)",6.5,47000.0,Floria Sigismondi,Floria Sigismondi,Kristen Stewart,United States,10000000.0,4681651.0,River Road Entertainment,106.0
The Sorcerer's Apprentice,PG,Action,2010,"July 14, 2010 (United States)",6.1,156000.0,Jon Turteltaub,Lawrence Konner,Nicolas Cage,United States,150000000.0,215283742.0,Walt Disney Pictures,109.0
MacGruber,R,Action,2010,"May 21, 2010 (United States)",5.5,43000.0,Jorma Taccone,Will Forte,Will Forte,United States,10000000.0,9322895.0,Broadway Video,90.0
The Ghost Writer,PG-13,Crime,2010,"March 19, 2010 (United States)",7.2,159000.0,Roman Polanski,Robert Harris,Ewan McGregor,France,45000000.0,60331447.0,R.P. Productions,128.0
Skyline,PG-13,Action,2010,"November 12, 2010 (United States)",4.4,88000.0,Colin Strause,Joshua Cordes,Eric Balfour,United States,10000000.0,66984887.0,Rogue Pictures,92.0
Edge of Darkness,R,Action,2010,"January 29, 2010 (United States)",6.6,91000.0,Martin Campbell,William Monahan,Mel Gibson,United Kingdom,80000000.0,81126522.0,Warner Bros.,117.0
Ramona and Beezus,G,Comedy,2010,"July 23, 2010 (United States)",6.5,18000.0,Elizabeth Allen Rosenbaum,Laurie Craig,Joey King,United States,15000000.0,27293743.0,Fox 2000 Pictures,103.0
Valentine's Day,PG-13,Comedy,2010,"February 12, 2010 (United States)",5.7,116000.0,Garry Marshall,Katherine Fugate,Julia Roberts,United States,52000000.0,216485654.0,New Line Cinema,125.0
Letters to Juliet,PG,Adventure,2010,"May 14, 2010 (United States)",6.5,95000.0,Gary Winick,Jose Rivera,Amanda Seyfried,United States,30000000.0,79628830.0,Summit Entertainment,105.0
Dear John,PG-13,Drama,2010,"February 5, 2010 (United States)",6.3,142000.0,Lasse Hallström,Jamie Linden,Channing Tatum,United States,25000000.0,114984666.0,Screen Gems,108.0
Get Him to the Greek,R,Comedy,2010,"June 4, 2010 (United States)",6.3,172000.0,Nicholas Stoller,Nicholas Stoller,Jonah Hill,United States,40000000.0,91720255.0,Universal Pictures,109.0
Dinner for Schmucks,PG-13,Comedy,2010,"July 30, 2010 (United States)",5.9,103000.0,Jay Roach,David Guion,Steve Carell,United States,69000000.0,86855739.0,Paramount Pictures,114.0
How Do You Know,PG-13,Comedy,2010,"December 17, 2010 (United States)",5.4,48000.0,James L. Brooks,James L. Brooks,Reese Witherspoon,United States,120000000.0,48668907.0,Columbia Pictures,121.0
The Secret World of Arrietty,G,Animation,2010,"February 17, 2012 (United States)",7.6,85000.0,Hiromasa Yonebayashi,Mary Norton,Amy Poehler,Japan,23000000.0,149411550.0,Studio Ghibli,94.0
Gulliver's Travels,PG,Adventure,2010,"December 25, 2010 (United States)",4.9,67000.0,Rob Letterman,Joe Stillman,Jack Black,United States,112000000.0,237382724.0,Twentieth Century Fox,85.0
Tooth Fairy,PG,Comedy,2010,"January 22, 2010 (United States)",5.0,44000.0,Michael Lembeck,Lowell Ganz,Dwayne Johnson,United States,48000000.0,112462508.0,Twentieth Century Fox,101.0
The Switch,PG-13,Comedy,2010,"August 20, 2010 (United States)",6.1,100000.0,Josh Gordon,Jeffrey Eugenides,Jennifer Aniston,United States,19000000.0,49843011.0,Mandate Pictures,101.0
Step Up,PG-13,Drama,2010,"August 6, 2010 (United States)",6.2,56000.0,Jon M. Chu,Amy Andelson,Sharni Vinson,United States,30000000.0,159291809.0,Summit Entertainment,107.0
Wall Street: Money Never Sleeps,PG-13,Drama,2010,"September 24, 2010 (United States)",6.2,100000.0,Oliver Stone,Allan Loeb,Shia LaBeouf,United States,70000000.0,134748021.0,Twentieth Century Fox,133.0
The Last Song,PG,Drama,2010,"March 31, 2010 (United States)",6.0,83000.0,Julie Anne Robinson,Nicholas Sparks,Miley Cyrus,United States,20000000.0,89137047.0,Touchstone Pictures,107.0
Cop Out,R,Action,2010,"February 26, 2010 (United States)",5.6,86000.0,Kevin Smith,Robb Cullen,Bruce Willis,United States,30000000.0,55611001.0,Warner Bros.,107.0
Rubber,R,Comedy,2010,"November 10, 2010 (France)",5.8,35000.0,Quentin Dupieux,Quentin Dupieux,Stephen Spinella,France,500000.0,101729.0,Realitism Films,82.0
You Again,PG,Comedy,2010,"September 24, 2010 (United States)",5.8,50000.0,Andy Fickman,Moe Jelline,Kristen Bell,United States,20000000.0,32054369.0,Touchstone Pictures,105.0
The Bounty Hunter,PG-13,Action,2010,"March 19, 2010 (United States)",5.6,123000.0,Andy Tennant,Sarah Thorp,Jennifer Aniston,United States,40000000.0,136333522.0,Columbia Pictures,110.0
From Paris with Love,R,Action,2010,"February 5, 2010 (United States)",6.4,114000.0,Pierre Morel,Adi Hasak,John Travolta,France,52000000.0,52844496.0,EuropaCorp,92.0
13 Assassins,R,Action,2010,"September 25, 2010 (Japan)",7.6,63000.0,Takashi Miike,Kaneo Ikegami,Kôji Yakusho,Japan,6000000.0,18689058.0,Sedic International,141.0
Nanny McPhee Returns,PG,Comedy,2010,"August 20, 2010 (United States)",6.1,30000.0,Susanna White,Emma Thompson,Emma Thompson,United Kingdom,35000000.0,93251121.0,Universal Pictures,109.0
Wild Target,PG-13,Action,2010,"June 18, 2010 (United Kingdom)",6.8,37000.0,Jonathan Lynn,Lucinda Coxon,Bill Nighy,United Kingdom,8000000.0,3494154.0,Magic Light Pictures,98.0
When in Rome,PG-13,Comedy,2010,"January 29, 2010 (United States)",5.6,60000.0,Mark Steven Johnson,David Diamond,Kristen Bell,United States,55000000.0,43053376.0,Touchstone Pictures,91.0
Going the Distance,R,Comedy,2010,"September 3, 2010 (United States)",6.3,57000.0,Nanette Burstein,Geoff LaTulippe,Drew Barrymore,United States,32000000.0,42059111.0,New Line Cinema,102.0
Somewhere,R,Comedy,2010,"January 21, 2011 (United States)",6.3,44000.0,Sofia Coppola,Sofia Coppola,Stephen Dorff,United States,7000000.0,14788642.0,Focus Features,97.0
Secretariat,PG,Biography,2010,"October 8, 2010 (United States)",7.2,27000.0,Randall Wallace,Mike Rich,Diane Lane,United States,35000000.0,60321861.0,Walt Disney Pictures,123.0
Death at a Funeral,R,Comedy,2010,"April 16, 2010 (United States)",5.7,48000.0,Neil LaBute,Dean Craig,Chris Rock,United States,21000000.0,49050886.0,Screen Gems,92.0
The Spy Next Door,PG,Action,2010,"January 15, 2010 (United States)",5.5,42000.0,Brian Levant,Jonathan Bernstein,Jackie Chan,United States,28000000.0,66166000.0,Relativity Media,94.0
Hereafter,PG-13,Drama,2010,"October 22, 2010 (United States)",6.4,91000.0,Clint Eastwood,Peter Morgan,Matt Damon,United States,50000000.0,106956330.0,Warner Bros.,129.0
Repo Men,R,Action,2010,"March 19, 2010 (United States)",6.3,103000.0,Miguel Sapochnik,Eric Garcia,Jude Law,United States,32000000.0,18409891.0,Universal Pictures,111.0
Vampires Suck,PG-13,Comedy,2010,"August 18, 2010 (United States)",3.4,47000.0,Jason Friedberg,Jason Friedberg,Jenn Proske,United States,20000000.0,80547866.0,New Regency Productions,82.0
Twelve,R,Action,2010,"August 6, 2010 (United States)",5.6,12000.0,Joel Schumacher,Jordan Melamed,Chace Crawford,United States,5000000.0,2648195.0,Gaumont,93.0
Beginners,R,Comedy,2010,"June 9, 2011 (Germany)",7.2,89000.0,Mike Mills,Mike Mills,Ewan McGregor,United States,3200000.0,14311701.0,Olympus Pictures,105.0
Legend of the Guardians: the Owls of Ga'Hoole,PG,Animation,2010,"September 24, 2010 (United States)",6.9,80000.0,Zack Snyder,John Orloff,Jim Sturgess,United States,80000000.0,140073390.0,Warner Bros.,97.0
Rabbit Hole,PG-13,Drama,2010,"January 28, 2011 (United States)",7.0,48000.0,John Cameron Mitchell,David Lindsay-Abaire,Nicole Kidman,United States,5000000.0,5144717.0,Olympus Pictures,91.0
Meek's Cutoff,PG,Adventure,2010,"April 15, 2011 (United Kingdom)",6.6,13000.0,Kelly Reichardt,Jonathan Raymond,Michelle Williams,United States,2000000.0,1205257.0,Evenstar Films,104.0
Conviction,R,Biography,2010,"November 5, 2010 (United States)",7.2,43000.0,Tony Goldwyn,Pamela Gray,Hilary Swank,Switzerland,12500000.0,11104555.0,Omega Entertainment,107.0
Trust,R,Crime,2010,"April 28, 2011 (Israel)",6.9,42000.0,David Schwimmer,Andy Bellin,Clive Owen,United States,4000000.0,595802.0,Millennium Films,106.0
My Name Is Khan,PG-13,Drama,2010,"February 12, 2010 (United States)",8.0,101000.0,Karan Johar,Shibani Bathija,Shah Rukh Khan,India,12000000.0,42345360.0,Dharma Productions,165.0
The Company Men,R,Drama,2010,"February 11, 2011 (United States)",6.7,44000.0,John Wells,John Wells,Ben Affleck,United States,15000000.0,8087000.0,The Weinstein Company,104.0
Cyrus,R,Comedy,2010,"July 16, 2010 (United States)",6.3,34000.0,Jay Duplass,Mark Duplass,John C. Reilly,United States,7000000.0,9933873.0,Dune Entertainment III,91.0
Paranormal Activity 2,R,Horror,2010,"October 22, 2010 (United States)",5.7,100000.0,Tod Williams,Michael R. Perry,Katie Featherston,United States,3000000.0,177512032.0,Paramount Pictures,91.0
The Killer Inside Me,R,Crime,2010,"June 8, 2010 (United Kingdom)",6.1,33000.0,Michael Winterbottom,John Curran,Casey Affleck,United Kingdom,13000000.0,4052191.0,Hero Entertainment,109.0
The Extra Man,R,Comedy,2010,"January 27, 2011 (Greece)",5.8,4800.0,Shari Springer Berman,Robert Pulcini,Kevin Kline,France,7000000.0,649626.0,3 Arts Entertainment,108.0
Stone,R,Drama,2010,"October 22, 2010 (United States)",5.4,41000.0,John Curran,Angus MacLachlan,Edward Norton,United States,22000000.0,10300416.0,Millennium Films,105.0
Why Did I Get Married Too?,PG-13,Comedy,2010,"April 2, 2010 (United States)",4.7,9200.0,Tyler Perry,Tyler Perry,Janet Jackson,United States,20000000.0,60673972.0,Lionsgate,121.0
The Last Exorcism,PG-13,Horror,2010,"August 27, 2010 (United States)",5.7,49000.0,Daniel Stamm,Huck Botko,Patrick Fabian,France,1800000.0,69432527.0,Strike Entertainment,87.0
Dirty Girl,R,Comedy,2010,"July 7, 2011 (Thailand)",6.4,10000.0,Abe Sylvia,Abe Sylvia,Juno Temple,United States,4000000.0,143485.0,The Weinstein Company,90.0
London Boulevard,R,Crime,2010,"November 26, 2010 (United Kingdom)",6.2,47000.0,William Monahan,William Monahan,Colin Farrell,United States,25000000.0,8307227.0,GK Films,103.0
Fair Game,PG-13,Biography,2010,"December 3, 2010 (United States)",6.8,47000.0,Doug Liman,Jez Butterworth,Naomi Watts,United States,22000000.0,25806953.0,River Road Entertainment,108.0
The Back-up Plan,PG-13,Comedy,2010,"April 23, 2010 (United States)",5.4,49000.0,Alan Poul,Kate Angelo,Jennifer Lopez,United States,35000000.0,77477008.0,CBS Films,104.0
Don't Be Afraid of the Dark,R,Fantasy,2010,"August 26, 2011 (United States)",5.6,47000.0,Troy Nixey,Guillermo del Toro,Katie Holmes,United States,25000000.0,38269529.0,Miramax,99.0
Country Strong,PG-13,Drama,2010,"January 7, 2011 (United States)",6.3,18000.0,Shana Feste,Shana Feste,Garrett Hedlund,United States,15000000.0,20529194.0,Screen Gems,117.0
Charlie St. Cloud,PG-13,Drama,2010,"July 30, 2010 (United States)",6.4,60000.0,Burr Steers,Craig Pearce,Zac Efron,United States,44000000.0,48190704.0,Universal Pictures,99.0
Stake Land,R,Drama,2010,"June 17, 2011 (Ireland)",6.5,41000.0,Jim Mickle,Nick Damici,Connor Paolo,United States,650000.0,405380.0,Glass Eye Pix,98.0
Vanishing on 7th Street,R,Horror,2010,"February 5, 2011 (Japan)",4.9,25000.0,Brad Anderson,Anthony Jaswinski,Hayden Christensen,United States,10000000.0,1671196.0,Herrick Entertainment,92.0
Barney's Version,R,Comedy,2010,"February 18, 2011 (United States)",7.3,24000.0,Richard J. Lewis,Mordecai Richler,Paul Giamatti,Italy,30000000.0,12106921.0,Serendipity Point Films,134.0
You Will Meet a Tall Dark Stranger,R,Comedy,2010,"October 22, 2010 (United States)",6.3,44000.0,Woody Allen,Woody Allen,Anthony Hopkins,United States,22000000.0,36015260.0,Mediapro,98.0
The Conspirator,PG-13,Crime,2010,"April 15, 2011 (United States)",6.9,28000.0,Robert Redford,James D. Solomon,Robin Wright,United States,25000000.0,15625544.0,The American Film Company,122.0
Furry Vengeance,PG,Comedy,2010,"April 30, 2010 (United States)",3.8,16000.0,Roger Kumble,Michael Carnes,Brendan Fraser,United Kingdom,35000000.0,36351945.0,Summit Entertainment,92.0
The Tempest,PG-13,Comedy,2010,"January 7, 2011 (Brazil)",5.4,7500.0,Julie Taymor,Julie Taymor,Helen Mirren,United States,20000000.0,405861.0,Miramax,110.0
Henry's Crime,R,Comedy,2010,"January 14, 2011 (United Kingdom)",6.0,19000.0,Malcolm Venville,Sacha Gervasi,Keanu Reeves,United States,12000000.0,2169799.0,Company Films,108.0
Extraordinary Measures,PG,Drama,2010,"January 22, 2010 (United States)",6.4,16000.0,Tom Vaughan,Robert Nelson Jacobs,Brendan Fraser,United States,31000000.0,15134293.0,CBS Films,106.0
Yogi Bear,PG,Animation,2010,"December 17, 2010 (United States)",4.6,21000.0,Eric Brevig,Jennifer Ventimilia,Dan Aykroyd,United States,80000000.0,203509374.0,Warner Bros.,80.0
My Soul to Take,R,Horror,2010,"October 8, 2010 (United States)",4.8,20000.0,Wes Craven,Wes Craven,Max Thieriot,United States,25000000.0,21500813.0,Rogue,107.0
The Warrior's Way,R,Action,2010,"December 3, 2010 (United States)",6.3,26000.0,Sngmoo Lee,Sngmoo Lee,Jang Dong-Gun,New Zealand,42000000.0,11103434.0,Rogue,100.0
Hatchet II,R,Action,2010,November 2010 (Australia),5.5,13000.0,Adam Green,Adam Green,Danielle Harris,United States,800000.0,156190.0,ArieScope Pictures,85.0
Hesher,R,Drama,2010,"June 25, 2011 (Japan)",7.0,51000.0,Spencer Susser,Spencer Susser,Joseph Gordon-Levitt,United States,7000000.0,449702.0,The Last Picture Company,106.0
For Colored Girls,R,Drama,2010,"November 5, 2010 (United States)",6.1,7300.0,Tyler Perry,Tyler Perry,Janet Jackson,United States,21000000.0,37981984.0,Lionsgate,133.0
The Perfect Host,R,Comedy,2010,"May 7, 2011 (Japan)",6.8,26000.0,Nick Tomnay,Nick Tomnay,David Hyde Pierce,United States,500000.0,453708.0,Stacey Testro International,93.0
Love Ranch,R,Biography,2010,"January 6, 2011 (Netherlands)",5.6,3000.0,Taylor Hackford,Mark Jacobson,Helen Mirren,Germany,25000000.0,146149.0,Aramid Entertainment Fund,117.0
Passion Play,R,Drama,2010,"July 2, 2011 (Taiwan)",4.6,7400.0,Mitch Glazer,Mitch Glazer,Mickey Rourke,United States,8000000.0,25603.0,Annapurna Productions,94.0
Everything Must Go,R,Drama,2010,"October 14, 2011 (United Kingdom)",6.4,49000.0,Dan Rush,Dan Rush,Will Ferrell,United States,5000000.0,2820490.0,Temple Hill Entertainment,97.0
Captain America: the First Avenger,PG-13,Action,2011,"July 22, 2011 (United States)",6.9,769000.0,Joe Johnston,Christopher Markus,Chris Evans,United States,140000000.0,370569774.0,Paramount Pictures,124.0
Thor,PG-13,Action,2011,"May 6, 2011 (United States)",7.0,772000.0,Kenneth Branagh,Ashley Miller,Chris Hemsworth,United States,150000000.0,449326618.0,Paramount Pictures,115.0
Harry Potter and the Deathly Hallows: Part 2,PG-13,Adventure,2011,"July 15, 2011 (United States)",8.1,790000.0,David Yates,Steve Kloves,Daniel Radcliffe,United Kingdom,125000000.0,1342321665.0,Warner Bros.,130.0
Take Shelter,R,Drama,2011,"November 10, 2011 (Croatia)",7.4,95000.0,Jeff Nichols,Jeff Nichols,Michael Shannon,United States,5000000.0,3741098.0,Hydraulx,120.0
Bridesmaids,R,Comedy,2011,"May 13, 2011 (United States)",6.8,276000.0,Paul Feig,Kristen Wiig,Kristen Wiig,United States,32500000.0,288383523.0,Universal Pictures,125.0
Fast Five,PG-13,Action,2011,"April 29, 2011 (United States)",7.3,362000.0,Justin Lin,Chris Morgan,Vin Diesel,United States,125000000.0,626137675.0,Universal Pictures,130.0
Midnight in Paris,PG-13,Comedy,2011,"June 10, 2011 (United States)",7.7,398000.0,Woody Allen,Woody Allen,Owen Wilson,Spain,17000000.0,151653750.0,Mediapro,94.0
Moneyball,PG-13,Biography,2011,"September 23, 2011 (United States)",7.6,385000.0,Bennett Miller,Steven Zaillian,Brad Pitt,United States,50000000.0,110206216.0,Columbia Pictures,133.0
The Girl with the Dragon Tattoo,R,Crime,2011,"December 21, 2011 (United States)",7.8,435000.0,David Fincher,Steven Zaillian,Daniel Craig,United States,90000000.0,232617430.0,Columbia Pictures,158.0
Just Go with It,PG-13,Comedy,2011,"February 11, 2011 (United States)",6.4,227000.0,Dennis Dugan,Allan Loeb,Adam Sandler,United States,80000000.0,214945591.0,Columbia Pictures,117.0
Drive,R,Crime,2011,"September 16, 2011 (United States)",7.8,587000.0,Nicolas Winding Refn,Hossein Amini,Ryan Gosling,United States,15000000.0,77187281.0,FilmDistrict,100.0
Green Lantern,PG-13,Action,2011,"June 17, 2011 (United States)",5.5,272000.0,Martin Campbell,Greg Berlanti,Ryan Reynolds,United States,200000000.0,219851172.0,Warner Bros.,114.0
The Cabin in the Woods,R,Horror,2011,"April 13, 2012 (United States)",7.0,387000.0,Drew Goddard,Joss Whedon,Kristen Connolly,United States,30000000.0,69935600.0,Lionsgate,95.0
The Help,PG-13,Drama,2011,"August 10, 2011 (United States)",8.0,436000.0,Tate Taylor,Tate Taylor,Emma Stone,United States,25000000.0,216639112.0,DreamWorks,146.0
"Crazy, Stupid, Love.",PG-13,Comedy,2011,"July 29, 2011 (United States)",7.4,487000.0,Glenn Ficarra,Dan Fogelman,Steve Carell,United States,50000000.0,145051197.0,Carousel Productions (II),118.0
No Strings Attached,R,Comedy,2011,"January 21, 2011 (United States)",6.2,219000.0,Ivan Reitman,Elizabeth Meriwether,Natalie Portman,United States,25000000.0,149228077.0,Paramount Pictures,108.0
Pirates of the Caribbean: on Stranger Tides,PG-13,Action,2011,"May 20, 2011 (United States)",6.6,492000.0,Rob Marshall,Ted Elliott,Johnny Depp,United States,250000000.0,1045713802.0,Walt Disney Pictures,136.0
Sucker Punch,PG-13,Action,2011,"March 25, 2011 (United States)",6.0,235000.0,Zack Snyder,Zack Snyder,Emily Browning,United States,82000000.0,89792502.0,Warner Bros.,110.0
Warrior,PG-13,Action,2011,"September 9, 2011 (United States)",8.1,445000.0,Gavin O'Connor,Gavin O'Connor,Tom Hardy,United States,25000000.0,23308615.0,Lionsgate,140.0
Kung Fu Panda 2,PG,Animation,2011,"May 26, 2011 (United States)",7.2,262000.0,Jennifer Yuh Nelson,Jonathan Aibel,Jack Black,United States,150000000.0,665692281.0,DreamWorks Animation,90.0
Friends with Benefits,R,Comedy,2011,"July 22, 2011 (United States)",6.5,348000.0,Will Gluck,Keith Merryman,Mila Kunis,United States,35000000.0,149542245.0,Screen Gems,109.0
Immortals,R,Action,2011,"November 11, 2011 (United States)",6.0,163000.0,Tarsem Singh,Charley Parlapanides,Henry Cavill,United States,75000000.0,226904017.0,Relativity Media,110.0
X-Men: First Class,PG-13,Action,2011,"June 3, 2011 (United States)",7.7,657000.0,Matthew Vaughn,Ashley Miller,James McAvoy,United States,160000000.0,352616690.0,Twentieth Century Fox,131.0
Contagion,PG-13,Drama,2011,"September 9, 2011 (United States)",6.7,290000.0,Steven Soderbergh,Scott Z. Burns,Matt Damon,United Arab Emirates,60000000.0,136515867.0,Warner Bros.,106.0
Bad Teacher,R,Comedy,2011,"June 24, 2011 (United States)",5.6,196000.0,Jake Kasdan,Gene Stupnitsky,Cameron Diaz,United States,20000000.0,216197492.0,Columbia Pictures,92.0
In Time,PG-13,Action,2011,"October 28, 2011 (United States)",6.7,379000.0,Andrew Niccol,Andrew Niccol,Justin Timberlake,United States,40000000.0,173930596.0,New Regency Productions,109.0
One Day,PG-13,Drama,2011,"August 19, 2011 (United States)",7.0,143000.0,Lone Scherfig,David Nicholls,Anne Hathaway,United States,15000000.0,59389433.0,Focus Features,107.0
Scream 4,R,Horror,2011,"April 15, 2011 (United States)",6.1,131000.0,Wes Craven,Kevin Williamson,Neve Campbell,United States,40000000.0,97231420.0,Dimension Films,111.0
Shame,NC-17,Drama,2011,"January 13, 2012 (United Kingdom)",7.2,187000.0,Steve McQueen,Steve McQueen,Michael Fassbender,United Kingdom,6500000.0,19123767.0,Fox Searchlight Pictures,101.0
Mission: Impossible - Ghost Protocol,PG-13,Action,2011,"December 21, 2011 (United States)",7.4,466000.0,Brad Bird,Bruce Geller,Tom Cruise,United States,145000000.0,694713380.0,Paramount Pictures,132.0
Super 8,PG-13,Mystery,2011,"June 10, 2011 (United States)",7.0,343000.0,J.J. Abrams,J.J. Abrams,Elle Fanning,United States,50000000.0,260095986.0,Paramount Pictures,112.0
We Need to Talk About Kevin,R,Drama,2011,"October 21, 2011 (United Kingdom)",7.5,142000.0,Lynne Ramsay,Lynne Ramsay,Tilda Swinton,United Kingdom,7000000.0,9232318.0,BBC Films,112.0
Limitless,PG-13,Sci-Fi,2011,"March 18, 2011 (United States)",7.4,538000.0,Neil Burger,Leslie Dixon,Bradley Cooper,United States,27000000.0,161849455.0,Relativity Media,105.0
Unknown,PG-13,Action,2011,"February 18, 2011 (United States)",6.8,253000.0,Jaume Collet-Serra,Oliver Butcher,Liam Neeson,United Kingdom,30000000.0,135710029.0,Dark Castle Entertainment,113.0
Transformers: Dark of the Moon,PG-13,Action,2011,"June 29, 2011 (United States)",6.2,390000.0,Michael Bay,Ehren Kruger,Shia LaBeouf,United States,195000000.0,1123794079.0,Paramount Pictures,154.0
Cowboys & Aliens,PG-13,Action,2011,"July 29, 2011 (United States)",6.0,211000.0,Jon Favreau,Roberto Orci,Daniel Craig,United States,163000000.0,174822325.0,Universal Pictures,119.0
The Twilight Saga: Breaking Dawn - Part 1,PG-13,Adventure,2011,"November 18, 2011 (United States)",4.9,228000.0,Bill Condon,Melissa Rosenberg,Kristen Stewart,United States,110000000.0,712205856.0,Summit Entertainment,117.0
Conan the Barbarian,R,Action,2011,"August 19, 2011 (United States)",5.2,96000.0,Marcus Nispel,Thomas Dean Donnelly,Jason Momoa,United States,90000000.0,63523283.0,Lionsgate,113.0
Cars 2,G,Animation,2011,"June 24, 2011 (United States)",6.1,168000.0,John Lasseter,John Lasseter,Owen Wilson,United States,200000000.0,559852396.0,Walt Disney Pictures,106.0
Rango,PG,Animation,2011,"March 4, 2011 (United States)",7.2,245000.0,Gore Verbinski,John Logan,Johnny Depp,United States,135000000.0,245724603.0,Paramount Pictures,107.0
Melancholia,R,Drama,2011,"May 26, 2011 (Denmark)",7.2,172000.0,Lars von Trier,Lars von Trier,Kirsten Dunst,Denmark,7400000.0,17039814.0,Zentropa Entertainments,135.0
Source Code,PG-13,Action,2011,"April 1, 2011 (United States)",7.5,495000.0,Duncan Jones,Ben Ripley,Jake Gyllenhaal,United States,32000000.0,147332697.0,Summit Entertainment,93.0
Real Steel,PG-13,Action,2011,"October 7, 2011 (United States)",7.0,306000.0,Shawn Levy,John Gatins,Hugh Jackman,United States,110000000.0,299268508.0,Dreamworks Pictures,127.0
Horrible Bosses,R,Comedy,2011,"July 8, 2011 (United States)",6.8,428000.0,Seth Gordon,Michael Markowitz,Jason Bateman,United States,35000000.0,209838559.0,New Line Cinema,98.0
Rio,PG,Animation,2011,"April 15, 2011 (United States)",6.9,212000.0,Carlos Saldanha,Carlos Saldanha,Jesse Eisenberg,United States,90000000.0,483866518.0,Twentieth Century Fox Animation,96.0
Sherlock Holmes: A Game of Shadows,PG-13,Action,2011,"December 16, 2011 (United States)",7.5,429000.0,Guy Ritchie,Michele Mulroney,Robert Downey Jr.,United States,125000000.0,543848418.0,Warner Bros.,129.0
The Three Musketeers,PG-13,Action,2011,"October 21, 2011 (United States)",5.7,105000.0,Paul W.S. Anderson,Alex Litvak,Logan Lerman,United States,75000000.0,132274484.0,Summit Entertainment,110.0
Tower Heist,PG-13,Action,2011,"November 4, 2011 (United States)",6.2,137000.0,Brett Ratner,Adam Cooper,Eddie Murphy,United States,75000000.0,152930623.0,Universal Pictures,104.0
Paul,R,Adventure,2011,"March 18, 2011 (United States)",7.0,240000.0,Greg Mottola,Simon Pegg,Simon Pegg,United States,40000000.0,97984015.0,Universal Pictures,104.0
We Bought a Zoo,PG,Comedy,2011,"December 23, 2011 (United States)",7.1,138000.0,Cameron Crowe,Aline Brosh McKenna,Matt Damon,United States,50000000.0,120081841.0,Twentieth Century Fox,124.0
Rise of the Planet of the Apes,PG-13,Action,2011,"August 5, 2011 (United States)",7.5,504000.0,Rupert Wyatt,Rick Jaffa,James Franco,United States,93000000.0,481800873.0,Twentieth Century Fox,105.0
Your Highness,R,Adventure,2011,"April 8, 2011 (United States)",5.5,99000.0,David Gordon Green,Danny McBride,Danny McBride,United States,49900000.0,28013733.0,Universal Pictures,102.0
The Lincoln Lawyer,R,Crime,2011,"March 18, 2011 (United States)",7.3,221000.0,Brad Furman,John Romano,Matthew McConaughey,United States,40000000.0,86752352.0,Lionsgate,118.0
Colombiana,PG-13,Action,2011,"August 26, 2011 (United States)",6.4,97000.0,Olivier Megaton,Luc Besson,Zoe Saldana,France,40000000.0,71508440.0,EuropaCorp,108.0
Larry Crowne,PG-13,Comedy,2011,"July 1, 2011 (United States)",6.1,65000.0,Tom Hanks,Tom Hanks,Tom Hanks,United States,30000000.0,75055070.0,Universal Pictures,98.0
Abduction,PG-13,Action,2011,"September 23, 2011 (United States)",5.1,78000.0,John Singleton,Shawn Christensen,Taylor Lautner,United States,35000000.0,82087155.0,Lionsgate,106.0
A Separation,PG-13,Drama,2011,"March 16, 2011 (Iran)",8.3,227000.0,Asghar Farhadi,Asghar Farhadi,Payman Maadi,Iran,500000.0,22926076.0,Asghar Farhadi Productions,123.0
Hugo,PG,Drama,2011,"November 23, 2011 (United States)",7.5,310000.0,Martin Scorsese,John Logan,Asa Butterfield,United Kingdom,150000000.0,185770310.0,Paramount Pictures,126.0
The Adjustment Bureau,PG-13,Romance,2011,"March 4, 2011 (United States)",7.0,248000.0,George Nolfi,George Nolfi,Matt Damon,United States,50200000.0,127869379.0,Universal Pictures,106.0
The Tree of Life,PG-13,Drama,2011,"May 17, 2011 (France)",6.8,171000.0,Terrence Malick,Terrence Malick,Brad Pitt,United States,32000000.0,58409247.0,Cottonwood Pictures,139.0
Killer Joe,Unrated,Crime,2011,"June 29, 2012 (United Kingdom)",6.7,75000.0,William Friedkin,Tracy Letts,Matthew McConaughey,United States,11000000.0,4633668.0,Voltage Pictures,102.0
Kill the Irishman,R,Biography,2011,"May 11, 2012 (Mexico)",7.1,47000.0,Jonathan Hensleigh,Jonathan Hensleigh,Ray Stevenson,United States,12000000.0,1188194.0,Anchor Bay Films,106.0
War Horse,PG-13,Action,2011,"December 25, 2011 (United States)",7.2,150000.0,Steven Spielberg,Lee Hall,Jeremy Irvine,United States,66000000.0,177584879.0,Dreamworks Pictures,146.0
The Change-Up,R,Comedy,2011,"August 5, 2011 (United States)",6.3,172000.0,David Dobkin,Jon Lucas,Jason Bateman,United States,52000000.0,75450437.0,Universal Pictures,112.0
The Raid: Redemption,R,Action,2011,"April 13, 2012 (United States)",7.6,195000.0,Gareth Evans,Gareth Evans,Iko Uwais,Indonesia,1100000.0,9148519.0,Pt. Merantau Films,101.0
Margin Call,R,Drama,2011,"September 29, 2011 (Germany)",7.1,121000.0,J.C. Chandor,J.C. Chandor,Zachary Quinto,United States,3500000.0,19504039.0,Before The Door Pictures,107.0
Hanna,PG-13,Action,2011,"April 8, 2011 (United States)",6.8,193000.0,Joe Wright,Seth Lochhead,Saoirse Ronan,United States,30000000.0,63782078.0,Focus Features,111.0
50/50,R,Comedy,2011,"September 30, 2011 (United States)",7.6,320000.0,Jonathan Levine,Will Reiser,Joseph Gordon-Levitt,United States,8000000.0,41097853.0,Summit Entertainment,100.0
The Descendants,R,Comedy,2011,"December 9, 2011 (United States)",7.3,235000.0,Alexander Payne,Alexander Payne,George Clooney,United States,20000000.0,177243185.0,Fox Searchlight Pictures,115.0
The Adventures of Tintin,PG,Animation,2011,"December 21, 2011 (United States)",7.3,221000.0,Steven Spielberg,Hergé,Jamie Bell,United States,135000000.0,373993951.0,Columbia Pictures,107.0
The Darkest Hour,PG-13,Action,2011,"December 25, 2011 (United States)",4.9,59000.0,Chris Gorak,Jon Spaihts,Emile Hirsch,United States,30000000.0,64626786.0,Summit Entertainment,89.0
Final Destination 5,R,Action,2011,"August 12, 2011 (United States)",5.8,109000.0,Steven Quale,Eric Heisserer,Nicholas D'Agosto,United States,40000000.0,157887643.0,New Line Cinema,92.0
I Am Number Four,PG-13,Action,2011,"February 18, 2011 (United States)",6.1,230000.0,D.J. Caruso,Alfred Gough,Alex Pettyfer,United States,60000000.0,149878437.0,Dreamworks Pictures,111.0
Footloose,PG-13,Comedy,2011,"October 14, 2011 (United States)",5.9,47000.0,Craig Brewer,Dean Pitchford,Kenny Wormald,United States,24000000.0,63543328.0,Paramount Pictures,113.0
You're Next,R,Horror,2011,"August 23, 2013 (United States)",6.6,92000.0,Adam Wingard,Simon Barrett,Sharni Vinson,United States,1000000.0,26895481.0,Snoot Entertainment,95.0
The Thing,R,Horror,2011,"October 14, 2011 (United States)",6.2,124000.0,Matthijs van Heijningen Jr.,Eric Heisserer,Mary Elizabeth Winstead,Canada,38000000.0,31505287.0,Morgan Creek Entertainment,103.0
Drive Angry,R,Action,2011,"February 25, 2011 (United States)",5.4,96000.0,Patrick Lussier,Todd Farmer,Nicolas Cage,United States,50000000.0,40909909.0,Summit Entertainment,104.0
Jack and Jill,PG,Comedy,2011,"November 11, 2011 (United States)",3.3,80000.0,Dennis Dugan,Ben Zook,Adam Sandler,United States,79000000.0,149673788.0,Columbia Pictures,91.0
Zookeeper,PG,Comedy,2011,"July 8, 2011 (United States)",5.2,59000.0,Frank Coraci,Nick Bakay,Kevin James,United States,80000000.0,169852759.0,Columbia Pictures,102.0
The Hangover Part II,R,Comedy,2011,"May 26, 2011 (United States)",6.4,472000.0,Todd Phillips,Craig Mazin,Bradley Cooper,United States,80000000.0,586764305.0,Warner Bros.,102.0
Hall Pass,R,Comedy,2011,"February 25, 2011 (United States)",5.8,121000.0,Bobby Farrelly,Pete Jones,Owen Wilson,United States,36000000.0,86157237.0,New Line Cinema,105.0
The Best Exotic Marigold Hotel,PG-13,Comedy,2011,"May 25, 2012 (United States)",7.3,92000.0,John Madden,Ol Parker,Judi Dench,United Kingdom,10000000.0,136836272.0,Blueprint Pictures,124.0
The Grey,R,Action,2011,"January 27, 2012 (United States)",6.8,244000.0,Joe Carnahan,Joe Carnahan,Liam Neeson,United States,25000000.0,79781695.0,Open Road Films (II),117.0
The Sitter,R,Comedy,2011,"December 9, 2011 (United States)",5.7,69000.0,David Gordon Green,Brian Gatewood,Jonah Hill,United States,25000000.0,34942188.0,Twentieth Century Fox,81.0
Take Me Home Tonight,R,Comedy,2011,"March 4, 2011 (United States)",6.3,52000.0,Michael Dowse,Jackie Filgo,Topher Grace,United States,23000000.0,7550073.0,Rogue Pictures,97.0
The Mechanic,R,Action,2011,"January 28, 2011 (United States)",6.6,154000.0,Simon West,Richard Wenk,Jason Statham,United States,40000000.0,76130093.0,CBS Films,93.0
Ghost Rider: Spirit of Vengeance,PG-13,Action,2011,"February 17, 2012 (United States)",4.3,113000.0,Mark Neveldine,Scott M. Gimple,Nicolas Cage,United States,57000000.0,132563930.0,Columbia Pictures,96.0
Battle Los Angeles,PG-13,Action,2011,"March 11, 2011 (United States)",5.7,176000.0,Jonathan Liebesman,Christopher Bertolini,Aaron Eckhart,United States,70000000.0,211819354.0,Columbia Pictures,116.0
The Green Hornet,PG-13,Action,2011,"January 14, 2011 (United States)",5.8,157000.0,Michel Gondry,Seth Rogen,Seth Rogen,United States,120000000.0,227817248.0,Columbia Pictures,119.0
Killer Elite,R,Action,2011,"September 23, 2011 (United States)",6.4,126000.0,Gary McKendry,Matt Sherring,Jason Statham,United Kingdom,70000000.0,57084522.0,Omnilab Media,116.0
Shark Night,PG-13,Horror,2011,"September 2, 2011 (United States)",4.0,25000.0,David R. Ellis,Will Hayes,Sara Paxton,United States,25000000.0,41363927.0,Incentive Filmed Entertainment,90.0
J. Edgar,R,Biography,2011,"November 11, 2011 (United States)",6.5,124000.0,Clint Eastwood,Dustin Lance Black,Leonardo DiCaprio,United States,35000000.0,84920539.0,Imagine Entertainment,137.0
Dream House,PG-13,Drama,2011,"September 30, 2011 (United States)",6.0,64000.0,Jim Sheridan,David Loucka,Daniel Craig,United States,50000000.0,39984400.0,Cliffjack Motion Pictures,84.0
Haywire,R,Action,2011,"January 20, 2012 (United States)",5.8,85000.0,Steven Soderbergh,Lem Dobbs,Gina Carano,Ireland,23000000.0,34513760.0,Relativity Media,93.0
The Muppets,PG,Adventure,2011,"November 23, 2011 (United States)",7.1,89000.0,James Bobin,Jason Segel,Amy Adams,United States,45000000.0,165184237.0,Walt Disney Pictures,103.0
The Smurfs,PG,Animation,2011,"July 29, 2011 (United States)",5.4,86000.0,Raja Gosnell,J. David Stem,Hank Azaria,United States,110000000.0,563749323.0,Columbia Pictures,103.0
The Ides of March,R,Drama,2011,"October 7, 2011 (United States)",7.1,218000.0,George Clooney,George Clooney,Paul Giamatti,United States,12500000.0,76338111.0,Columbia Pictures,101.0
Fright Night,R,Comedy,2011,"August 19, 2011 (United States)",6.4,101000.0,Craig Gillespie,Marti Noxon,Anton Yelchin,United States,30000000.0,41002607.0,Dreamworks Pictures,106.0
Soul Surfer,PG,Biography,2011,"April 8, 2011 (United States)",7.0,47000.0,Sean McNamara,Sean McNamara,AnnaSophia Robb,United States,18000000.0,47120948.0,Enticing Entertainment,112.0
The Artist,PG-13,Comedy,2011,"January 20, 2012 (United States)",7.9,234000.0,Michel Hazanavicius,Michel Hazanavicius,Jean Dujardin,France,15000000.0,133432856.0,Studio 37,100.0
Water for Elephants,PG-13,Drama,2011,"April 22, 2011 (United States)",6.9,113000.0,Francis Lawrence,Richard LaGravenese,Robert Pattinson,United States,38000000.0,117094902.0,Fox 2000 Pictures,120.0
The Snowtown Murders,Not Rated,Biography,2011,"May 19, 2011 (Australia)",6.6,18000.0,Justin Kurzel,Shaun Grant,Lucas Pittaway,Australia,2000000.0,1349387.0,Carver Films,119.0
Something Borrowed,PG-13,Comedy,2011,"May 6, 2011 (United States)",5.9,59000.0,Luke Greenfield,Jennie Snyder Urman,Ginnifer Goodwin,United States,35000000.0,65100369.0,Alcon Entertainment,112.0
Priest,PG-13,Action,2011,"May 13, 2011 (United States)",5.7,117000.0,Scott Stewart,Cory Goodman,Paul Bettany,United States,60000000.0,78309505.0,Screen Gems,87.0
Johnny English Reborn,PG,Action,2011,"October 21, 2011 (United States)",6.3,123000.0,Oliver Parker,Hamish McColl,Rowan Atkinson,United Kingdom,45000000.0,160078586.0,Universal Pictures,101.0
Bucky Larson: Born to Be a Star,R,Comedy,2011,"September 9, 2011 (United States)",3.2,12000.0,Tom Brady,Adam Sandler,Nick Swardson,United States,10000000.0,2530394.0,Columbia Pictures,97.0
Diary of a Wimpy Kid: Rodrick Rules,PG,Animation,2011,"March 25, 2011 (United States)",6.5,28000.0,David Bowers,Gabe Sachs,Zachary Gordon,United States,21000000.0,72526996.0,Fox 2000 Pictures,99.0
Carnage,R,Comedy,2011,"November 18, 2011 (Spain)",7.2,122000.0,Roman Polanski,Yasmina Reza,Jodie Foster,France,25000000.0,30722632.0,SBS Productions,80.0
Attack the Block,R,Action,2011,"May 13, 2011 (United Kingdom)",6.7,102000.0,Joe Cornish,Joe Cornish,John Boyega,United Kingdom,13000000.0,6206022.0,Screen Gems,88.0
The Guard,R,Comedy,2011,"July 7, 2011 (Ireland)",7.3,83000.0,John Michael McDonagh,John Michael McDonagh,Brendan Gleeson,Ireland,6000000.0,19561904.0,Reprisal Films,96.0
Young Adult,R,Comedy,2011,"December 16, 2011 (United States)",6.3,82000.0,Jason Reitman,Diablo Cody,Charlize Theron,United States,12000000.0,22939027.0,Paramount Pictures,94.0
The Devil's Double,R,Biography,2011,"September 8, 2011 (Netherlands)",7.1,61000.0,Lee Tamahori,Michael Thomas,Dominic Cooper,Belgium,19100000.0,5728213.0,Corsan,109.0
Another Earth,PG-13,Drama,2011,"October 12, 2011 (France)",6.9,93000.0,Mike Cahill,Mike Cahill,Brit Marling,United States,100000.0,1938783.0,Artists Public Domain,92.0
Like Crazy,PG-13,Drama,2011,"January 27, 2012 (United Kingdom)",6.7,60000.0,Drake Doremus,Drake Doremus,Felicity Jones,United States,250000.0,3852409.0,Paramount Vantage,86.0
What's Your Number?,R,Comedy,2011,"September 30, 2011 (United States)",6.1,74000.0,Mark Mylod,Karyn Bosnak,Anna Faris,United States,20000000.0,30426096.0,New Regency Productions,106.0
Gnomeo & Juliet,G,Animation,2011,"February 11, 2011 (United States)",5.9,53000.0,Kelly Asbury,Rob Sprackling,James McAvoy,United Kingdom,36000000.0,193967670.0,Touchstone Pictures,84.0
Puss in Boots,PG,Animation,2011,"October 28, 2011 (United States)",6.6,148000.0,Chris Miller,Tom Wheeler,Antonio Banderas,United States,130000000.0,554987477.0,DreamWorks Animation,90.0
Beastly,PG-13,Drama,2011,"March 4, 2011 (United States)",5.6,76000.0,Daniel Barnz,Daniel Barnz,Alex Pettyfer,United States,17000000.0,43202283.0,CBS Films,86.0
Bernie,PG-13,Biography,2011,"June 22, 2012 (Iceland)",6.8,58000.0,Richard Linklater,Skip Hollandsworth,Jack Black,United States,5000000.0,10173061.0,Mandalay Vision,104.0
Season of the Witch,PG-13,Action,2011,"January 7, 2011 (United States)",5.4,91000.0,Dominic Sena,Bragi F. Schut,Nicolas Cage,United States,40000000.0,91627228.0,Atlas Entertainment,95.0
Silent House,R,Drama,2011,"March 9, 2012 (United States)",5.3,22000.0,Chris Kentis,Gustavo Hernández,Elizabeth Olsen,United States,2000000.0,16527747.0,Elle Driver,86.0
Winnie the Pooh,G,Animation,2011,"July 15, 2011 (United States)",7.2,23000.0,Stephen J. Anderson,Stephen J. Anderson,Jim Cummings,United States,30000000.0,49871429.0,Walt Disney Pictures,63.0
Hobo with a Shotgun,Not Rated,Action,2011,"May 12, 2011 (Netherlands)",6.1,45000.0,Jason Eisener,John Davies,Rutger Hauer,Canada,3000000.0,748453.0,Rhombus Media,86.0
The Eagle,PG-13,Action,2011,"February 11, 2011 (United States)",6.2,67000.0,Kevin Macdonald,Jeremy Brock,Channing Tatum,United Kingdom,25000000.0,37989684.0,Focus Features,114.0
The Rum Diary,R,Comedy,2011,"October 28, 2011 (United States)",6.2,100000.0,Bruce Robinson,Bruce Robinson,Johnny Depp,United States,45000000.0,30134958.0,GK Films,119.0
Spy Kids 4-D: All the Time in the World,PG,Animation,2011,"August 19, 2011 (United States)",3.5,24000.0,Robert Rodriguez,Robert Rodriguez,Jessica Alba,United States,27000000.0,85564310.0,Dimension Films,89.0
The Divide,R,Drama,2011,"April 20, 2012 (United Kingdom)",5.8,36000.0,Xavier Gens,Karl Mueller,Lauren German,United States,3000000.0,145676.0,Preferred Content,112.0
Red Riding Hood,PG-13,Fantasy,2011,"March 11, 2011 (United States)",5.5,109000.0,Catherine Hardwicke,David Leslie Johnson-McGoldrick,Amanda Seyfried,United States,42000000.0,90260376.0,Warner Bros.,100.0
The Roommate,PG-13,Drama,2011,"February 4, 2011 (United States)",4.8,37000.0,Christian E. Christiansen,Sonny Mallhi,Minka Kelly,United States,16000000.0,40492652.0,Screen Gems,91.0
Monte Carlo,PG,Adventure,2011,"July 1, 2011 (United States)",5.8,42000.0,Thomas Bezucha,Thomas Bezucha,Selena Gomez,Hungary,20000000.0,39782683.0,Fox 2000 Pictures,109.0
The Rite,PG-13,Drama,2011,"January 28, 2011 (United States)",6.0,93000.0,Mikael Håfström,Michael Petroni,Colin O'Donoghue,United States,37000000.0,96560591.0,New Line Cinema,114.0
New Year's Eve,PG-13,Comedy,2011,"December 9, 2011 (United States)",5.7,83000.0,Garry Marshall,Katherine Fugate,Sarah Jessica Parker,United States,56000000.0,142044638.0,New Line Cinema,118.0
Sound of My Voice,R,Drama,2011,"August 3, 2012 (United Kingdom)",6.6,21000.0,Zal Batmanglij,Zal Batmanglij,Christopher Denham,United States,135000.0,424088.0,Skyscraper Films,85.0
W.E.,R,Drama,2011,"January 20, 2012 (United Kingdom)",6.3,12000.0,Madonna,Madonna,Abbie Cornish,United Kingdom,15000000.0,2042203.0,Semtex Films,119.0
Extremely Loud & Incredibly Close,PG-13,Adventure,2011,"January 20, 2012 (United States)",6.9,99000.0,Stephen Daldry,Eric Roth,Thomas Horn,United States,40000000.0,55247881.0,Warner Bros.,129.0
Alvin and the Chipmunks: Chipwrecked,G,Animation,2011,"December 16, 2011 (United States)",4.3,33000.0,Mike Mitchell,Jonathan Aibel,Justin Long,United States,75000000.0,342695435.0,Fox 2000 Pictures,87.0
Our Idiot Brother,R,Comedy,2011,"August 26, 2011 (United States)",6.4,85000.0,Jesse Peretz,Jesse Peretz,Paul Rudd,United States,5000000.0,25804448.0,Big Beach Films,90.0
Sanctum,R,Action,2011,"February 4, 2011 (United States)",5.9,54000.0,Alister Grierson,John Garvin,Rhys Wakefield,United States,30000000.0,108609310.0,Universal Pictures,108.0
The Big Year,PG,Comedy,2011,"October 14, 2011 (United States)",6.2,43000.0,David Frankel,Howard Franklin,Owen Wilson,United States,41000000.0,8179416.0,Fox 2000 Pictures,100.0
Straw Dogs,R,Action,2011,"September 16, 2011 (United States)",5.8,33000.0,Rod Lurie,Rod Lurie,James Marsden,United States,25000000.0,11168712.0,Screen Gems,110.0
Red State,R,Action,2011,"September 30, 2011 (United Kingdom)",6.2,63000.0,Kevin Smith,Kevin Smith,Michael Parks,United States,4000000.0,1874460.0,NVSH Productions,88.0
Trespass,R,Crime,2011,"October 21, 2011 (Bulgaria)",5.3,42000.0,Joel Schumacher,Karl Gajdusek,Nicolas Cage,United States,35000000.0,10117966.0,Millennium Films,91.0
Machine Gun Preacher,R,Action,2011,"November 2, 2011 (United Kingdom)",6.8,64000.0,Marc Forster,Jason Keller,Gerard Butler,United States,30000000.0,3338690.0,Relativity Media,129.0
From Up on Poppy Hill,PG,Animation,2011,"July 16, 2011 (Japan)",7.4,38000.0,Gorô Miyazaki,Tetsurô Sayama,Sarah Bolger,Japan,22000000.0,61487846.0,Studio Ghibli,91.0
30 Minutes or Less,R,Action,2011,"August 12, 2011 (United States)",6.1,96000.0,Ruben Fleischer,Michael Diliberti,Jesse Eisenberg,United States,28000000.0,40662632.0,Columbia Pictures,83.0
The Iron Lady,PG-13,Biography,2011,"January 13, 2012 (United States)",6.4,105000.0,Phyllida Lloyd,Abi Morgan,Meryl Streep,United Kingdom,13000000.0,115890699.0,DJ Films,105.0
Your Sister's Sister,R,Comedy,2011,"June 29, 2012 (United Kingdom)",6.7,27000.0,Lynn Shelton,Lynn Shelton,Mark Duplass,United States,125000.0,3242802.0,Ada Films,90.0
Mr. Popper's Penguins,PG,Comedy,2011,"June 17, 2011 (United States)",6.0,91000.0,Mark Waters,Sean Anders,Jim Carrey,United States,55000000.0,187361754.0,Twentieth Century Fox,94.0
Courageous,PG-13,Drama,2011,"September 30, 2011 (United States)",7.0,20000.0,Alex Kendrick,Alex Kendrick,Alex Kendrick,United States,2000000.0,35185884.0,TriStar Pictures,129.0
Jin ling shi san chai,R,Drama,2011,"December 16, 2011 (China)",7.6,51000.0,Yimou Zhang,Heng Liu,Christian Bale,China,94000000.0,2855644.0,Beijing New Picture Film,146.0
Apollo 18,PG-13,Horror,2011,"September 2, 2011 (United States)",5.2,54000.0,Gonzalo López-Gallego,Brian Miller,Warren Christie,United States,5000000.0,26236153.0,Dimension Films,86.0
Anonymous,PG-13,Drama,2011,"October 28, 2011 (United Kingdom)",6.9,40000.0,Roland Emmerich,John Orloff,Rhys Ifans,United Kingdom,30000000.0,15395087.0,Columbia Pictures,130.0
Hop,PG,Animation,2011,"April 1, 2011 (United States)",5.4,32000.0,Tim Hill,Cinco Paul,Russell Brand,United States,63000000.0,183954145.0,Universal Pictures,95.0
Atlas Shrugged: Part I,PG-13,Drama,2011,"April 15, 2011 (United States)",5.6,13000.0,Paul Johansson,Brian Patrick O'Toole,Taylor Schilling,United States,20000000.0,4627375.0,Atlas Productions,97.0
Happy Feet Two,PG,Animation,2011,"November 18, 2011 (United States)",5.9,43000.0,George Miller,George Miller,Elijah Wood,Australia,135000000.0,159197038.0,Warner Bros.,100.0
The Beaver,PG-13,Drama,2011,"May 19, 2011 (Germany)",6.6,48000.0,Jodie Foster,Kyle Killen,Mel Gibson,United States,21000000.0,7294800.0,Summit Entertainment,91.0
Rockstar,Not Rated,Drama,2011,"November 11, 2011 (United States)",7.7,41000.0,Imtiaz Ali,Imtiaz Ali,Ranbir Kapoor,India,10920000.0,11219667.0,Eros Worldwide,159.0
"Big Mommas: Like Father, Like Son",PG-13,Action,2011,"February 18, 2011 (United States)",4.4,26000.0,John Whitesell,Matthew Fogel,Martin Lawrence,United States,32000000.0,82686066.0,New Regency Productions,107.0
The Dilemma,PG-13,Comedy,2011,"January 14, 2011 (United States)",5.3,53000.0,Ron Howard,Allan Loeb,Vince Vaughn,United States,70000000.0,69721966.0,Universal Pictures,111.0
Dolphin Tale,PG,Drama,2011,"September 23, 2011 (United States)",6.8,23000.0,Charles Martin Smith,Karen Janszen,Morgan Freeman,Canada,37000000.0,95943453.0,Alcon Entertainment,113.0
The Avengers,PG-13,Action,2012,"May 4, 2012 (United States)",8.0,1300000.0,Joss Whedon,Joss Whedon,Robert Downey Jr.,United States,220000000.0,1518815515.0,Marvel Studios,143.0
Django Unchained,R,Drama,2012,"December 25, 2012 (United States)",8.4,1400000.0,Quentin Tarantino,Quentin Tarantino,Jamie Foxx,United States,100000000.0,426074373.0,The Weinstein Company,165.0
The Hobbit: An Unexpected Journey,PG-13,Adventure,2012,"December 14, 2012 (United States)",7.8,773000.0,Peter Jackson,Fran Walsh,Martin Freeman,New Zealand,180000000.0,1017003568.0,Metro-Goldwyn-Mayer (MGM),169.0
The Hunger Games,PG-13,Action,2012,"March 23, 2012 (United States)",7.2,862000.0,Gary Ross,Gary Ross,Jennifer Lawrence,United States,78000000.0,694394724.0,Lionsgate,142.0
The Dark Knight Rises,PG-13,Action,2012,"July 20, 2012 (United States)",8.4,1600000.0,Christopher Nolan,Jonathan Nolan,Christian Bale,United Kingdom,250000000.0,1081142612.0,Warner Bros.,164.0
Pitch Perfect,PG-13,Comedy,2012,"October 5, 2012 (United States)",7.1,285000.0,Jason Moore,Kay Cannon,Anna Kendrick,United States,17000000.0,115350426.0,Brownstone Productions (II),112.0
This Is 40,R,Comedy,2012,"December 21, 2012 (United States)",6.2,132000.0,Judd Apatow,Judd Apatow,Paul Rudd,United States,35000000.0,88215156.0,Apatow Productions,134.0
The Hunt,R,Drama,2012,"January 10, 2013 (Denmark)",8.3,297000.0,Thomas Vinterberg,Tobias Lindholm,Mads Mikkelsen,Denmark,3800000.0,15843274.0,Danmarks Radio (DR),115.0
Prometheus,R,Adventure,2012,"June 8, 2012 (United States)",7.0,578000.0,Ridley Scott,Jon Spaihts,Noomi Rapace,United States,130000000.0,403354469.0,Twentieth Century Fox,124.0
Moonrise Kingdom,PG-13,Comedy,2012,"June 29, 2012 (United States)",7.8,327000.0,Wes Anderson,Wes Anderson,Jared Gilman,United States,16000000.0,68264022.0,Indian Paintbrush,94.0
The Impossible,PG-13,Drama,2012,"January 4, 2013 (United States)",7.6,208000.0,J.A. Bayona,Sergio G. Sánchez,Naomi Watts,Spain,45000000.0,198087212.0,Mediaset España,114.0
Argo,R,Biography,2012,"October 12, 2012 (United States)",7.7,585000.0,Ben Affleck,Chris Terrio,Ben Affleck,United States,44500000.0,232325503.0,Warner Bros.,120.0
The Twilight Saga: Breaking Dawn - Part 2,PG-13,Adventure,2012,"November 16, 2012 (United States)",5.5,236000.0,Bill Condon,Melissa Rosenberg,Kristen Stewart,United States,120000000.0,829747654.0,Summit Entertainment,115.0
Jack Reacher,PG-13,Action,2012,"December 21, 2012 (United States)",7.0,317000.0,Christopher McQuarrie,Lee Child,Tom Cruise,United States,60000000.0,218340595.0,Paramount Pictures,130.0
Zero Dark Thirty,R,Drama,2012,"January 11, 2013 (United States)",7.4,280000.0,Kathryn Bigelow,Mark Boal,Jessica Chastain,United States,40000000.0,132820716.0,Columbia Pictures,157.0
Cloud Atlas,R,Action,2012,"October 26, 2012 (United States)",7.4,349000.0,Tom Tykwer,David Mitchell,Tom Hanks,United States,102000000.0,130482868.0,Cloud Atlas Productions,172.0
Skyfall,PG-13,Action,2012,"November 9, 2012 (United States)",7.7,642000.0,Sam Mendes,Neal Purvis,Daniel Craig,United Kingdom,200000000.0,1108569499.0,Metro-Goldwyn-Mayer (MGM),143.0
The Perks of Being a Wallflower,PG-13,Drama,2012,"October 12, 2012 (United States)",7.9,475000.0,Stephen Chbosky,Stephen Chbosky,Logan Lerman,United States,13000000.0,33384127.0,Summit Entertainment,103.0
The Amazing Spider-Man,PG-13,Action,2012,"July 3, 2012 (United States)",6.9,571000.0,Marc Webb,James Vanderbilt,Andrew Garfield,United States,230000000.0,757930663.0,Columbia Pictures,136.0
Les Misérables,PG-13,Drama,2012,"December 25, 2012 (United States)",7.6,315000.0,Tom Hooper,William Nicholson,Hugh Jackman,United Kingdom,61000000.0,441809770.0,Universal Pictures,158.0
Silver Linings Playbook,R,Comedy,2012,"December 25, 2012 (United States)",7.7,675000.0,David O. Russell,David O. Russell,Bradley Cooper,United States,21000000.0,236412453.0,The Weinstein Company,122.0
Snow White and the Huntsman,PG-13,Action,2012,"June 1, 2012 (United States)",6.1,278000.0,Rupert Sanders,Evan Daugherty,Kristen Stewart,United States,170000000.0,396592829.0,Roth Films,127.0
The Master,R,Drama,2012,"September 21, 2012 (United States)",7.2,160000.0,Paul Thomas Anderson,Paul Thomas Anderson,Philip Seymour Hoffman,United States,32000000.0,28258060.0,The Weinstein Company,138.0
Looper,R,Action,2012,"September 28, 2012 (United States)",7.4,545000.0,Rian Johnson,Rian Johnson,Joseph Gordon-Levitt,United States,30000000.0,176506819.0,TriStar Pictures,113.0
Killing Them Softly,R,Crime,2012,"November 30, 2012 (United States)",6.2,137000.0,Andrew Dominik,Andrew Dominik,Brad Pitt,United States,15000000.0,37930465.0,Plan B Entertainment,97.0
Flight,R,Drama,2012,"November 2, 2012 (United States)",7.3,334000.0,Robert Zemeckis,John Gatins,Denzel Washington,United States,31000000.0,161772375.0,Paramount Pictures,138.0
21 Jump Street,R,Action,2012,"March 16, 2012 (United States)",7.2,521000.0,Phil Lord,Michael Bacall,Jonah Hill,United States,42000000.0,201585328.0,Columbia Pictures,109.0
Ted,R,Comedy,2012,"June 29, 2012 (United States)",6.9,580000.0,Seth MacFarlane,Seth MacFarlane,Mark Wahlberg,United States,50000000.0,549368315.0,Universal Pictures,106.0
Sinister,R,Horror,2012,"October 12, 2012 (United States)",6.8,229000.0,Scott Derrickson,Scott Derrickson,Ethan Hawke,United States,3000000.0,82515113.0,Summit Entertainment,110.0
This Means War,PG-13,Action,2012,"February 17, 2012 (United States)",6.3,179000.0,McG,Timothy Dowling,Reese Witherspoon,United States,65000000.0,156491279.0,Overbrook Entertainment,103.0
That's My Boy,R,Comedy,2012,"June 15, 2012 (United States)",5.5,94000.0,Sean Anders,David Caspe,Adam Sandler,United States,70000000.0,57719093.0,Columbia Pictures,116.0
Lincoln,PG-13,Biography,2012,"November 16, 2012 (United States)",7.3,250000.0,Steven Spielberg,Tony Kushner,Daniel Day-Lewis,United States,65000000.0,275293450.0,Dreamworks Pictures,150.0
Brave,PG,Animation,2012,"June 22, 2012 (United States)",7.1,383000.0,Mark Andrews,Brenda Chapman,Kelly Macdonald,United States,185000000.0,538983207.0,Walt Disney Pictures,93.0
The Place Beyond the Pines,R,Crime,2012,"April 19, 2013 (United States)",7.3,253000.0,Derek Cianfrance,Derek Cianfrance,Ryan Gosling,United States,15000000.0,47052899.0,Sidney Kimmel Entertainment,140.0
Dredd,R,Action,2012,"September 21, 2012 (United States)",7.1,260000.0,Pete Travis,John Wagner,Karl Urban,United Kingdom,50000000.0,41037742.0,DNA Films,95.0
Dark Shadows,PG-13,Comedy,2012,"May 11, 2012 (United States)",6.2,252000.0,Tim Burton,Seth Grahame-Smith,Johnny Depp,United States,150000000.0,245527149.0,Warner Bros.,113.0
John Carter,PG-13,Action,2012,"March 9, 2012 (United States)",6.6,260000.0,Andrew Stanton,Andrew Stanton,Taylor Kitsch,United States,250000000.0,284139100.0,Walt Disney Pictures,132.0
Battleship,PG-13,Action,2012,"May 18, 2012 (United States)",5.8,240000.0,Peter Berg,Jon Hoeber,Alexander Skarsgård,United States,209000000.0,303025485.0,Universal Pictures,131.0
Magic Mike,R,Comedy,2012,"June 29, 2012 (United States)",6.1,134000.0,Steven Soderbergh,Reid Carolin,Channing Tatum,United States,7000000.0,167739961.0,Iron Horse Entertainment (II),110.0
Hotel Transylvania,PG,Animation,2012,"September 28, 2012 (United States)",7.1,232000.0,Genndy Tartakovsky,Peter Baynham,Adam Sandler,United States,85000000.0,358375603.0,Columbia Pictures,91.0
Lawless,R,Crime,2012,"August 29, 2012 (United States)",7.3,232000.0,John Hillcoat,Nick Cave,Tom Hardy,United States,26000000.0,55404207.0,The Weinstein Company,116.0
Spring Breakers,R,Crime,2012,"March 22, 2013 (United States)",5.3,138000.0,Harmony Korine,Harmony Korine,Vanessa Hudgens,United States,5000000.0,32170399.0,Muse Productions,94.0
Underworld: Awakening,R,Action,2012,"January 20, 2012 (United States)",6.3,148000.0,Måns Mårlind,Len Wiseman,Kate Beckinsale,United States,70000000.0,160112671.0,Screen Gems,88.0
Piranha 3DD,R,Comedy,2012,"July 14, 2012 (Japan)",3.7,41000.0,John Gulager,Patrick Melton,Danielle Panabaker,United States,5000000.0,8518634.0,Dimension Films,83.0
Safe House,R,Action,2012,"February 10, 2012 (United States)",6.7,211000.0,Daniel Espinosa,David Guggenheim,Denzel Washington,South Africa,85000000.0,208076205.0,Universal Pictures,115.0
Seeking a Friend for the End of the World,R,Adventure,2012,"June 22, 2012 (United States)",6.7,109000.0,Lorene Scafaria,Lorene Scafaria,Steve Carell,United States,10000000.0,11681781.0,Focus Features,101.0
The Bourne Legacy,PG-13,Action,2012,"August 10, 2012 (United States)",6.6,290000.0,Tony Gilroy,Tony Gilroy,Jeremy Renner,United States,125000000.0,276144750.0,Universal Pictures,135.0
Abraham Lincoln: Vampire Hunter,R,Action,2012,"June 22, 2012 (United States)",5.9,151000.0,Timur Bekmambetov,Seth Grahame-Smith,Benjamin Walker,United States,69000000.0,116471580.0,Abraham Productions,105.0
Wreck-It Ralph,PG,Animation,2012,"November 2, 2012 (United States)",7.7,390000.0,Rich Moore,Rich Moore,John C. Reilly,United States,165000000.0,471222889.0,Walt Disney Animation Studios,101.0
Total Recall,PG-13,Action,2012,"August 3, 2012 (United States)",6.2,244000.0,Len Wiseman,Kurt Wimmer,Colin Farrell,United States,125000000.0,198467168.0,Total Recall,118.0
Project X,R,Comedy,2012,"March 2, 2012 (United States)",6.6,193000.0,Nima Nourizadeh,Matt Drake,Thomas Mann,United States,12000000.0,102731865.0,Green Hat Films,88.0
American Reunion,R,Comedy,2012,"April 6, 2012 (United States)",6.7,206000.0,Jon Hurwitz,Jon Hurwitz,Jason Biggs,United States,50000000.0,234989584.0,Universal Pictures,113.0
Savages,R,Crime,2012,"July 6, 2012 (United States)",6.5,126000.0,Oliver Stone,Shane Salerno,Aaron Taylor-Johnson,United States,45000000.0,82966152.0,Ixtlan,131.0
Life of Pi,PG,Adventure,2012,"November 21, 2012 (United States)",7.9,594000.0,Ang Lee,Yann Martel,Suraj Sharma,United States,120000000.0,609016565.0,Fox 2000 Pictures,127.0
Anna Karenina,R,Drama,2012,"September 7, 2012 (United Kingdom)",6.6,95000.0,Joe Wright,Tom Stoppard,Keira Knightley,United Kingdom,40600000.0,68929150.0,Universal Pictures,129.0
Resident Evil: Retribution,R,Action,2012,"September 14, 2012 (United States)",5.4,136000.0,Paul W.S. Anderson,Paul W.S. Anderson,Milla Jovovich,Germany,65000000.0,240159255.0,Constantin Film International,95.0
Men in Black 3,PG-13,Action,2012,"May 25, 2012 (United States)",6.8,342000.0,Barry Sonnenfeld,Etan Cohen,Will Smith,United States,225000000.0,624026776.0,Columbia Pictures,106.0
Journey 2: The Mysterious Island,PG,Action,2012,"February 10, 2012 (United States)",5.8,96000.0,Brad Peyton,Brian Gunn,Josh Hutcherson,United States,79000000.0,335260290.0,New Line Cinema,94.0
Seven Psychopaths,R,Comedy,2012,"October 12, 2012 (United States)",7.2,246000.0,Martin McDonagh,Martin McDonagh,Colin Farrell,United Kingdom,15000000.0,32226382.0,CBS Films,110.0
Rock of Ages,PG-13,Comedy,2012,"June 15, 2012 (United States)",5.9,75000.0,Adam Shankman,Justin Theroux,Julianne Hough,United States,75000000.0,59418613.0,New Line Cinema,123.0
The Dictator,R,Comedy,2012,"May 16, 2012 (United States)",6.4,286000.0,Larry Charles,Sacha Baron Cohen,Sacha Baron Cohen,United States,65000000.0,179379533.0,Paramount Pictures,83.0
The Watch,R,Comedy,2012,"July 27, 2012 (United States)",5.7,123000.0,Akiva Schaffer,Jared Stern,Ben Stiller,United States,68000000.0,68267862.0,Twentieth Century Fox,102.0
The Expendables 2,R,Action,2012,"August 17, 2012 (United States)",6.6,296000.0,Simon West,Richard Wenk,Sylvester Stallone,United States,100000000.0,314975955.0,Lionsgate,103.0
Safety Not Guaranteed,R,Comedy,2012,"June 15, 2012 (Canada)",7.0,122000.0,Colin Trevorrow,Derek Connolly,Aubrey Plaza,United States,750000.0,4424699.0,FilmDistrict,86.0
Chronicle,PG-13,Adventure,2012,"February 3, 2012 (United States)",7.0,243000.0,Josh Trank,Max Landis,Dane DeHaan,United States,12000000.0,126636097.0,Twentieth Century Fox,84.0
Red Dawn,PG-13,Action,2012,"November 21, 2012 (United States)",5.4,74000.0,Dan Bradley,Carl Ellsworth,Chris Hemsworth,United States,65000000.0,50950296.0,FilmDistrict,93.0
End of Watch,R,Action,2012,"September 21, 2012 (United States)",7.6,233000.0,David Ayer,David Ayer,Jake Gyllenhaal,United States,7000000.0,55078146.0,Exclusive Media Group,109.0
Wrath of the Titans,PG-13,Action,2012,"March 30, 2012 (United States)",5.7,184000.0,Jonathan Liebesman,Dan Mazeau,Sam Worthington,United States,150000000.0,301970083.0,Warner Bros.,99.0
Mud,PG-13,Drama,2012,"May 10, 2013 (United States)",7.4,172000.0,Jeff Nichols,Jeff Nichols,Matthew McConaughey,United States,10000000.0,32613173.0,Lionsgate,130.0
The Lorax,PG,Animation,2012,"March 2, 2012 (United States)",6.4,102000.0,Chris Renaud,Dr. Seuss,Zac Efron,United States,70000000.0,348840316.0,Universal Pictures,86.0
Man on a Ledge,PG-13,Action,2012,"January 27, 2012 (United States)",6.6,147000.0,Asger Leth,Pablo F. Fenjves,Sam Worthington,United States,42000000.0,47636031.0,Summit Entertainment,102.0
Diary of a Wimpy Kid: Dog Days,PG,Animation,2012,"August 3, 2012 (United States)",6.3,23000.0,David Bowers,Maya Forbes,Zachary Gordon,United States,22000000.0,77229695.0,Fox 2000 Pictures,94.0
The Lucky One,PG-13,Drama,2012,"April 20, 2012 (United States)",6.5,103000.0,Scott Hicks,Will Fetters,Zac Efron,United States,25000000.0,99357138.0,Warner Bros.,101.0
Rise of the Guardians,PG,Animation,2012,"November 21, 2012 (United States)",7.3,161000.0,Peter Ramsey,David Lindsay-Abaire,Hugh Jackman,United States,145000000.0,306941670.0,DreamWorks Animation,97.0
The Iceman,R,Biography,2012,"May 2, 2013 (Lebanon)",6.8,72000.0,Ariel Vromen,Morgan Land,Michael Shannon,United States,10000000.0,4552970.0,Bleiberg Entertainment,106.0
Maniac,Not Rated,Horror,2012,"January 2, 2013 (France)",6.1,36000.0,Franck Khalfoun,Alexandre Aja,Elijah Wood,France,6000000.0,2631275.0,La Petite Reine,89.0
Madagascar 3: Europe's Most Wanted,PG,Animation,2012,"June 8, 2012 (United States)",6.8,168000.0,Eric Darnell,Eric Darnell,Ben Stiller,United States,145000000.0,746921274.0,DreamWorks Animation,93.0
The Five-Year Engagement,R,Comedy,2012,"April 27, 2012 (United States)",6.2,96000.0,Nicholas Stoller,Jason Segel,Jason Segel,United States,30000000.0,54169363.0,Universal Pictures,124.0
House at the End of the Street,PG-13,Drama,2012,"September 21, 2012 (United States)",5.6,74000.0,Mark Tonderai,David Loucka,Jennifer Lawrence,United States,10000000.0,44287131.0,Relativity Media,101.0
The Sessions,R,Biography,2012,"November 16, 2012 (United States)",7.2,42000.0,Ben Lewin,Ben Lewin,John Hawkes,United States,1000000.0,10656155.0,Fox Searchlight Pictures,95.0
The Woman in Black,PG-13,Drama,2012,"February 3, 2012 (United States)",6.4,177000.0,James Watkins,Susan Hill,Daniel Radcliffe,United Kingdom,17000000.0,128955898.0,CBS Films,95.0
The Three Stooges,PG,Comedy,2012,"April 13, 2012 (United States)",5.1,30000.0,Bobby Farrelly,Mike Cerrone,Sean Hayes,United States,30000000.0,54819301.0,Twentieth Century Fox,92.0
Think Like a Man,PG-13,Comedy,2012,"April 20, 2012 (United States)",6.5,45000.0,Tim Story,Keith Merryman,Chris Brown,United States,12000000.0,96070507.0,Screen Gems,122.0
The Vow,PG-13,Drama,2012,"February 10, 2012 (United States)",6.8,187000.0,Michael Sucsy,Abby Kohn,Rachel McAdams,United States,30000000.0,196114570.0,Screen Gems,104.0
Taken 2,PG-13,Action,2012,"October 5, 2012 (United States)",6.3,294000.0,Olivier Megaton,Luc Besson,Liam Neeson,France,45000000.0,376152455.0,EuropaCorp,92.0
Compliance,R,Crime,2012,"September 26, 2012 (France)",6.4,33000.0,Craig Zobel,Craig Zobel,Ann Dowd,United States,270000.0,592116.0,Bad Cop Bad Cop Film Productions,90.0
The Company You Keep,R,Drama,2012,"April 26, 2013 (United States)",6.4,32000.0,Robert Redford,Lem Dobbs,Robert Redford,United States,2000000.0,20014680.0,Voltage Pictures,125.0
Hit and Run,R,Action,2012,"August 22, 2012 (United States)",6.1,35000.0,David Palmer,Dax Shepard,Dax Shepard,United States,2000000.0,16816647.0,Exclusive Media Group,100.0
Act of Valor,R,Action,2012,"February 24, 2012 (United States)",6.5,67000.0,Mike McCoy,Kurt Johnstad,Alex Veadov,United States,12000000.0,82499399.0,Relativity Media,110.0
Passion,R,Adventure,2012,"August 30, 2013 (United States)",5.3,22000.0,Brian De Palma,Brian De Palma,Rachel McAdams,France,20000000.0,713616.0,SBS Productions,102.0
On the Road,R,Adventure,2012,"May 23, 2012 (France)",6.1,40000.0,Walter Salles,Jack Kerouac,Sam Riley,France,25000000.0,9617377.0,MK2 Productions,124.0
Bullet to the Head,R,Action,2012,"February 1, 2013 (United States)",5.7,48000.0,Walter Hill,Alessandro Camon,Sylvester Stallone,United States,45000000.0,21947209.0,IM Global,92.0
LOL,PG-13,Comedy,2012,"March 1, 2012 (Singapore)",4.4,54000.0,Lisa Azuelos,Lisa Azuelos,Miley Cyrus,United States,11000000.0,10578643.0,Double Feature Films,97.0
The First Time,PG-13,Comedy,2012,"February 7, 2013 (Russia)",6.8,68000.0,Jonathan Kasdan,Jonathan Kasdan,Dylan O'Brien,United States,2000000.0,92654.0,Samuel Goldwyn Films,95.0
Ice Age: Continental Drift,PG,Animation,2012,"July 13, 2012 (United States)",6.5,197000.0,Steve Martino,Michael Berg,Ray Romano,United States,95000000.0,877244782.0,Blue Sky Studios,88.0
No One Lives,R,Horror,2012,"May 10, 2013 (United States)",6.0,20000.0,Ryûhei Kitamura,David Cohen,Luke Evans,United States,2900000.0,1048704.0,Milk & Media,86.0
Mirror Mirror,PG,Adventure,2012,"March 30, 2012 (United States)",5.6,85000.0,Tarsem Singh,Marc Klein,Lily Collins,United States,85000000.0,183018522.0,Relativity Media,106.0
About Cherry,R,Drama,2012,"August 9, 2012 (United States)",4.8,10000.0,Stephen Elliott,Stephen Elliott,Ashley Hinshaw,United States,2500000.0,8315.0,Enderby Entertainment,98.0
Hitchcock,PG-13,Biography,2012,"December 14, 2012 (United States)",6.8,73000.0,Sacha Gervasi,John J. McLaughlin,Anthony Hopkins,United States,15700000.0,27039669.0,Fox Searchlight Pictures,98.0
The Lords of Salem,R,Horror,2012,"April 18, 2013 (Russia)",5.2,28000.0,Rob Zombie,Rob Zombie,Sheri Moon Zombie,United States,1500000.0,1544989.0,Alliance,101.0
Step Up Revolution,PG-13,Drama,2012,"July 27, 2012 (United States)",6.4,55000.0,Scott Speer,Amanda Brody,Kathryn McCormick,United States,33000000.0,140470746.0,Summit Entertainment,99.0
Ruby Sparks,R,Comedy,2012,"September 6, 2012 (Portugal)",7.2,97000.0,Jonathan Dayton,Zoe Kazan,Paul Dano,United States,8000000.0,9368803.0,Fox Searchlight Pictures,104.0
The Paperboy,R,Crime,2012,"October 17, 2012 (Belgium)",5.8,37000.0,Lee Daniels,Peter Dexter,Matthew McConaughey,United States,12500000.0,3783865.0,Millennium Films,107.0
The Possession,PG-13,Horror,2012,"August 31, 2012 (United States)",5.9,58000.0,Ole Bornedal,Juliet Snowden,Natasha Calis,United States,14000000.0,85446075.0,Ghost House Pictures,92.0
Silent Hill: Revelation,R,Action,2012,"October 26, 2012 (United States)",5.0,61000.0,M.J. Bassett,M.J. Bassett,Adelaide Clemens,Canada,20000000.0,55362705.0,Davis-Films,95.0
Safe,R,Action,2012,"April 27, 2012 (United States)",6.5,106000.0,Boaz Yakin,Boaz Yakin,Jason Statham,United States,30000000.0,41564670.0,IM Global,94.0
The Brass Teapot,R,Comedy,2012,"April 15, 2013 (United States)",6.4,15000.0,Ramaa Mosley,Tim Macy,Juno Temple,United States,900000.0,245027.0,Atlantic Pictures (II),101.0
Alex Cross,PG-13,Action,2012,"October 19, 2012 (United States)",5.2,33000.0,Rob Cohen,Marc Moss,Tyler Perry,United States,35000000.0,34618867.0,Block / Hanson,101.0
Amour,PG-13,Drama,2012,"September 20, 2012 (Germany)",7.9,95000.0,Michael Haneke,Michael Haneke,Jean-Louis Trintignant,Austria,8900000.0,29664140.0,Les Films du Losange,127.0
What to Expect When You're Expecting,PG-13,Comedy,2012,"May 18, 2012 (United States)",5.7,71000.0,Kirk Jones,Shauna Cross,Cameron Diaz,United States,40000000.0,84384002.0,Lionsgate,110.0
Trouble with the Curve,PG-13,Drama,2012,"September 21, 2012 (United States)",6.8,61000.0,Robert Lorenz,Randy Brown,Clint Eastwood,United States,30000000.0,48963137.0,Warner Bros.,111.0
Here Comes the Boom,PG,Action,2012,"October 12, 2012 (United States)",6.4,87000.0,Frank Coraci,Allan Loeb,Kevin James,United States,42000000.0,73100172.0,Columbia Pictures,105.0
The Collection,R,Horror,2012,"November 30, 2012 (United States)",6.1,47000.0,Marcus Dunstan,Patrick Melton,Josh Stewart,United States,7500000.0,9929706.0,LD Entertainment,82.0
ParaNorman,PG,Animation,2012,"August 17, 2012 (United States)",7.0,96000.0,Chris Butler,Chris Butler,Kodi Smit-McPhee,United States,60000000.0,107139399.0,Focus Features,92.0
Contraband,R,Action,2012,"January 13, 2012 (United States)",6.4,119000.0,Baltasar Kormákur,Aaron Guzikowski,Mark Wahlberg,United States,25000000.0,96262212.0,Universal Pictures,109.0
Arbitrage,R,Drama,2012,"September 14, 2012 (United States)",6.6,51000.0,Nicholas Jarecki,Nicholas Jarecki,Richard Gere,United States,12000000.0,35485056.0,Lionsgate,107.0
The Man with the Iron Fists,R,Action,2012,"November 2, 2012 (United States)",5.4,61000.0,RZA,RZA,Russell Crowe,United States,15000000.0,20546518.0,Arcade Pictures,95.0
Cosmopolis,R,Crime,2012,"May 25, 2012 (France)",5.1,45000.0,David Cronenberg,David Cronenberg,Robert Pattinson,Canada,20500000.0,7029095.0,Alfama Films,109.0
The Campaign,R,Comedy,2012,"August 10, 2012 (United States)",6.1,126000.0,Jay Roach,Chris Henchy,Will Ferrell,United States,95000000.0,104907746.0,Warner Bros.,85.0
Frankenweenie,PG,Animation,2012,"October 5, 2012 (United States)",6.9,101000.0,Tim Burton,Leonard Ripps,Winona Ryder,United States,39000000.0,81493846.0,Walt Disney Pictures,87.0
The Guilt Trip,PG-13,Comedy,2012,"December 19, 2012 (United States)",5.7,36000.0,Anne Fletcher,Dan Fogelman,Barbra Streisand,United States,40000000.0,41863726.0,Paramount Pictures,95.0
Stand Up Guys,R,Comedy,2012,"February 1, 2013 (United States)",6.5,54000.0,Fisher Stevens,Noah Haidle,Al Pacino,United States,15000000.0,5072654.0,Lionsgate,95.0
Deadfall,R,Crime,2012,"November 9, 2012 (Bulgaria)",6.3,39000.0,Stefan Ruzowitzky,Zach Dean,Eric Bana,France,12000000.0,1946254.0,Magnolia Pictures,95.0
The Words,PG-13,Drama,2012,"September 7, 2012 (United States)",7.0,76000.0,Brian Klugman,Brian Klugman,Bradley Cooper,United States,6000000.0,15950164.0,Also Known As Pictures,102.0
Universal Soldier: Day of Reckoning,R,Action,2012,"October 25, 2012 (United States)",5.0,20000.0,John Hyams,John Hyams,Jean-Claude Van Damme,United States,10000000.0,1402307.0,Foresight Unlimited,114.0
Promised Land,R,Drama,2012,"January 4, 2013 (United States)",6.6,37000.0,Gus Van Sant,John Krasinski,Matt Damon,United States,15000000.0,11039031.0,Focus Features,106.0
Beasts of the Southern Wild,PG-13,Adventure,2012,"July 5, 2012 (Russia)",7.3,82000.0,Benh Zeitlin,Lucy Alibar,Quvenzhané Wallis,United States,1800000.0,21107746.0,Cinereach,93.0
Red Tails,PG-13,Action,2012,"January 20, 2012 (United States)",5.9,34000.0,Anthony Hemingway,John Ridley,Cuba Gooding Jr.,United States,58000000.0,50365498.0,Twentieth Century Fox,125.0
The Cold Light of Day,PG-13,Action,2012,"September 7, 2012 (United States)",4.9,36000.0,Mabrouk El Mechri,Scott Wiper,Henry Cavill,United States,20000000.0,16863583.0,Summit Entertainment,93.0
The Apparition,PG-13,Horror,2012,"August 24, 2012 (United States)",4.1,19000.0,Todd Lincoln,Todd Lincoln,Ashley Greene,United States,17000000.0,11350665.0,Warner Bros.,82.0
Lockout,PG-13,Action,2012,"April 13, 2012 (United States)",6.1,96000.0,James Mather,James Mather,Guy Pearce,France,20000000.0,32948113.0,EuropaCorp,95.0
Chasing Mavericks,PG,Biography,2012,"October 26, 2012 (United States)",7.1,31000.0,Michael Apted,Kario Salem,Jonny Weston,United States,20000000.0,7942116.0,Fox 2000 Pictures,116.0
Bachelorette,R,Comedy,2012,"September 6, 2012 (Russia)",5.3,46000.0,Leslye Headland,Leslye Headland,Kirsten Dunst,United States,3000000.0,12128575.0,Gary Sanchez Productions,87.0
Lay the Favorite,R,Comedy,2012,"June 22, 2012 (United Kingdom)",4.8,11000.0,Stephen Frears,D.V. DeVincentis,Rebecca Hall,United States,26350000.0,1577272.0,Emmett/Furla/Oasis Films (EFO Films),94.0
Parental Guidance,PG,Comedy,2012,"December 25, 2012 (United States)",6.0,25000.0,Andy Fickman,Lisa Addario,Billy Crystal,United States,25000000.0,119772232.0,Twentieth Century Fox,105.0
The Raven,R,Crime,2012,"April 27, 2012 (United States)",6.4,83000.0,James McTeigue,Hannah Shakespeare,John Cusack,United States,26000000.0,29699345.0,Intrepid Pictures,110.0
Liberal Arts,PG-13,Comedy,2012,"October 5, 2012 (United Kingdom)",6.7,37000.0,Josh Radnor,Josh Radnor,Josh Radnor,United States,2000000.0,1150681.0,BCDF Pictures,97.0
Stolen,R,Action,2012,"September 6, 2012 (United Arab Emirates)",5.5,44000.0,Simon West,David Guggenheim,Nicolas Cage,United States,35000000.0,17415418.0,Millennium Films,96.0
Kon-Tiki,PG-13,Adventure,2012,"April 26, 2013 (United States)",7.2,47000.0,Joachim Rønning,Petter Skavlan,Pål Sverre Hagen,United Kingdom,16600000.0,22842887.0,Recorded Picture Company (RPC),118.0
Paranormal Activity 4,R,Horror,2012,"October 19, 2012 (United States)",4.6,63000.0,Henry Joost,Christopher Landon,Stephen Dunham,United States,5000000.0,142802657.0,Paramount Pictures,88.0
Quartet,PG-13,Comedy,2012,"March 1, 2013 (United States)",6.8,19000.0,Dustin Hoffman,Ronald Harwood,Maggie Smith,United Kingdom,11000000.0,59520298.0,Headline Pictures,98.0
Playing for Keeps,PG-13,Comedy,2012,"December 7, 2012 (United States)",5.7,29000.0,Gabriele Muccino,Robbie Fox,Gerard Butler,United States,35000000.0,30962335.0,Eclectic Pictures,105.0
Upside Down,PG-13,Drama,2012,"May 1, 2013 (France)",6.4,70000.0,Juan Solanas,Juan Solanas,Jim Sturgess,Canada,60000000.0,22187813.0,Upside Down Films,109.0
The Odd Life of Timothy Green,PG,Comedy,2012,"August 15, 2012 (United States)",6.6,46000.0,Peter Hedges,Peter Hedges,Jennifer Garner,United States,25000000.0,56012642.0,Monsterfoot Productions,105.0
Premium Rush,PG-13,Action,2012,"August 24, 2012 (United States)",6.5,111000.0,David Koepp,David Koepp,Joseph Gordon-Levitt,United States,35000000.0,31083599.0,Columbia Pictures,91.0
Not Fade Away,R,Drama,2012,"July 19, 2013 (Turkey)",6.0,4400.0,David Chase,David Chase,John Magaro,United States,20000000.0,636399.0,Chase Films,112.0
Disconnect,R,Drama,2012,"July 5, 2013 (United States)",7.5,74000.0,Henry Alex Rubin,Andrew Stern,Jason Bateman,United States,10000000.0,3428048.0,LD Entertainment,115.0
The Pirates! Band of Misfits,PG,Animation,2012,"April 27, 2012 (United States)",6.7,46000.0,Peter Lord,Gideon Defoe,Hugh Grant,United Kingdom,55000000.0,123054041.0,Columbia Pictures,88.0
Chernobyl Diaries,R,Horror,2012,"May 25, 2012 (United States)",5.0,65000.0,Bradley Parker,Oren Peli,Jesse McCartney,United States,1000000.0,38390020.0,Alcon Entertainment,86.0
Talaash,Not Rated,Crime,2012,"November 30, 2012 (India)",7.2,40000.0,Reema Kagti,Farhan Akhtar,Aamir Khan,India,7395080.0,5277766.0,Aamir Khan Productions,140.0
Hope Springs,PG-13,Comedy,2012,"August 8, 2012 (United States)",6.3,42000.0,David Frankel,Vanessa Taylor,Meryl Streep,United States,30000000.0,114281051.0,Columbia Pictures,100.0
People Like Us,PG-13,Comedy,2012,"June 29, 2012 (United States)",7.1,42000.0,Alex Kurtzman,Alex Kurtzman,Chris Pine,United States,16000000.0,12558931.0,Dreamworks Pictures,114.0
Vamps,PG-13,Comedy,2012,"November 2, 2012 (United States)",5.2,9700.0,Amy Heckerling,Amy Heckerling,Alicia Silverstone,United States,16000000.0,92748.0,Lucky Monkey Pictures,92.0
A Thousand Words,PG-13,Comedy,2012,"March 9, 2012 (United States)",5.9,41000.0,Brian Robbins,Steve Koren,Eddie Murphy,United States,40000000.0,22044277.0,DreamWorks,91.0
Escape from Planet Earth,PG,Animation,2012,"February 15, 2013 (United States)",5.9,25000.0,Cal Brunker,Bob Barlen,Brendan Fraser,United States,40000000.0,74939189.0,Blue Yonder Films,89.0
"For a Good Time, Call...",R,Comedy,2012,"November 2, 2012 (United Kingdom)",6.0,16000.0,Jamie Travis,Katie Anne Naylon,Ari Graynor,United States,850000.0,1386088.0,AdScott Pictures,85.0
Big Miracle,PG,Biography,2012,"February 3, 2012 (United States)",6.5,19000.0,Ken Kwapis,Jack Amiel,Drew Barrymore,United States,40000000.0,24740061.0,Universal Pictures,107.0
What Maisie Knew,R,Drama,2012,"May 3, 2013 (United States)",7.4,27000.0,Scott McGehee,Nancy Doyne,Julianne Moore,United States,6000000.0,2711379.0,Red Crown Productions,99.0
The Devil Inside,R,Horror,2012,"January 6, 2012 (United States)",4.2,35000.0,William Brent Bell,William Brent Bell,Fernanda Andrade,United States,1000000.0,101758490.0,Insurge Pictures,83.0
Cocktail,Not Rated,Comedy,2012,"July 13, 2012 (United Kingdom)",6.3,14000.0,Homi Adajania,Imtiaz Ali,Saif Ali Khan,United Kingdom,7980000.0,2724695.0,Cocktail Film,146.0
Fun Size,PG-13,Adventure,2012,"October 26, 2012 (United States)",5.4,14000.0,Josh Schwartz,Max Werner,Victoria Justice,United States,14000000.0,11417362.0,Paramount Pictures,86.0
Robot & Frank,PG-13,Comedy,2012,"September 19, 2012 (France)",7.1,63000.0,Jake Schreier,Christopher Ford,Peter Sarsgaard,United States,2500000.0,4806423.0,Dog Run Pictures,89.0
The Wolf of Wall Street,R,Biography,2013,"December 25, 2013 (United States)",8.2,1200000.0,Martin Scorsese,Terence Winter,Leonardo DiCaprio,United States,100000000.0,392000694.0,Red Granite Pictures,180.0
Iron Man 3,PG-13,Action,2013,"May 3, 2013 (United States)",7.1,779000.0,Shane Black,Drew Pearce,Robert Downey Jr.,United States,200000000.0,1214811252.0,Marvel Studios,130.0
The Conjuring,R,Horror,2013,"July 19, 2013 (United States)",7.5,464000.0,James Wan,Chad Hayes,Patrick Wilson,United States,20000000.0,320290989.0,New Line Cinema,112.0
Prisoners,R,Crime,2013,"September 20, 2013 (United States)",8.1,625000.0,Denis Villeneuve,Aaron Guzikowski,Hugh Jackman,United States,46000000.0,122126687.0,Alcon Entertainment,153.0
Thor: The Dark World,PG-13,Action,2013,"November 8, 2013 (United States)",6.8,618000.0,Alan Taylor,Christopher L. Yost,Chris Hemsworth,United States,170000000.0,644783140.0,Marvel Studios,112.0
The Purge,R,Horror,2013,"June 7, 2013 (United States)",5.7,209000.0,James DeMonaco,James DeMonaco,Ethan Hawke,United States,3000000.0,89328627.0,Universal Pictures,85.0
Grown Ups 2,PG-13,Comedy,2013,"July 12, 2013 (United States)",5.4,144000.0,Dennis Dugan,Fred Wolf,Adam Sandler,United States,80000000.0,246984278.0,Columbia Pictures,101.0
Fast & Furious 6,PG-13,Action,2013,"May 24, 2013 (United States)",7.0,377000.0,Justin Lin,Chris Morgan,Vin Diesel,United States,160000000.0,788680968.0,Universal Pictures,130.0
Gravity,PG-13,Drama,2013,"October 4, 2013 (United States)",7.7,784000.0,Alfonso Cuarón,Alfonso Cuarón,Sandra Bullock,United Kingdom,100000000.0,723192705.0,Warner Bros.,91.0
About Time,R,Comedy,2013,"November 8, 2013 (United States)",7.8,317000.0,Richard Curtis,Richard Curtis,Domhnall Gleeson,United Kingdom,12000000.0,87100449.0,Translux,123.0
The Hobbit: The Desolation of Smaug,PG-13,Adventure,2013,"December 13, 2013 (United States)",7.8,615000.0,Peter Jackson,Fran Walsh,Ian McKellen,New Zealand,225000000.0,959007513.0,Metro-Goldwyn-Mayer (MGM),161.0
Man of Steel,PG-13,Action,2013,"June 14, 2013 (United States)",7.0,721000.0,Zack Snyder,David S. Goyer,Henry Cavill,United States,225000000.0,668045518.0,Warner Bros.,143.0
Under the Skin,R,Drama,2013,"March 14, 2014 (United Kingdom)",6.3,134000.0,Jonathan Glazer,Walter Campbell,Scarlett Johansson,United Kingdom,13300000.0,5866389.0,Film4,108.0
Only Lovers Left Alive,R,Comedy,2013,"December 25, 2013 (Germany)",7.3,94000.0,Jim Jarmusch,Jim Jarmusch,Tilda Swinton,United Kingdom,7000000.0,7609187.0,Recorded Picture Company (RPC),123.0
Her,R,Drama,2013,"January 10, 2014 (United States)",8.0,559000.0,Spike Jonze,Spike Jonze,Joaquin Phoenix,United States,23000000.0,48517427.0,Annapurna Pictures,126.0
Snowpiercer,R,Action,2013,"July 11, 2014 (United States)",7.1,335000.0,Bong Joon Ho,Jacques Lob,Chris Evans,South Korea,39200000.0,86758912.0,SnowPiercer,126.0
We're the Millers,R,Comedy,2013,"August 7, 2013 (United States)",7.0,415000.0,Rawson Marshall Thurber,Bob Fisher,Jason Sudeikis,United States,37000000.0,269994119.0,New Line Cinema,110.0
Kick-Ass 2,R,Action,2013,"August 16, 2013 (United States)",6.5,259000.0,Jeff Wadlow,Jeff Wadlow,Aaron Taylor-Johnson,United Kingdom,28000000.0,60795985.0,Universal Pictures,103.0
Frozen,PG,Animation,2013,"November 27, 2013 (United States)",7.4,585000.0,Chris Buck,Jennifer Lee,Kristen Bell,United States,150000000.0,1281508100.0,Walt Disney Animation Studios,102.0
The Great Gatsby,PG-13,Drama,2013,"May 10, 2013 (United States)",7.2,494000.0,Baz Luhrmann,Baz Luhrmann,Leonardo DiCaprio,Australia,105000000.0,353642274.0,Warner Bros.,143.0
American Hustle,R,Crime,2013,"December 20, 2013 (United States)",7.2,458000.0,David O. Russell,Eric Warren Singer,Christian Bale,United States,40000000.0,251171807.0,Columbia Pictures,138.0
The Green Inferno,R,Adventure,2013,"September 25, 2015 (United States)",5.3,41000.0,Eli Roth,Eli Roth,Lorenza Izzo,United States,5000000.0,12666449.0,Worldview Entertainment,100.0
Rush,R,Action,2013,"September 27, 2013 (United States)",8.1,446000.0,Ron Howard,Peter Morgan,Daniel Brühl,United Kingdom,38000000.0,96983009.0,Exclusive Media Group,123.0
Monsters University,G,Animation,2013,"June 21, 2013 (United States)",7.2,332000.0,Dan Scanlon,Dan Scanlon,Billy Crystal,United States,200000000.0,743559645.0,Walt Disney Pictures,104.0
Don Jon,R,Comedy,2013,"September 27, 2013 (United States)",6.5,232000.0,Joseph Gordon-Levitt,Joseph Gordon-Levitt,Joseph Gordon-Levitt,United States,3000000.0,39439355.0,Voltage Pictures,90.0
Now You See Me,PG-13,Crime,2013,"May 31, 2013 (United States)",7.2,612000.0,Louis Leterrier,Ed Solomon,Jesse Eisenberg,United States,75000000.0,351723989.0,Summit Entertainment,115.0
Oblivion,PG-13,Action,2013,"April 19, 2013 (United States)",7.0,495000.0,Joseph Kosinski,Karl Gajdusek,Tom Cruise,United States,120000000.0,286168572.0,Universal Pictures,124.0
Identity Thief,R,Comedy,2013,"February 8, 2013 (United States)",5.7,128000.0,Seth Gordon,Craig Mazin,Jason Bateman,United States,35000000.0,173965010.0,Aggregate Films,111.0
Star Trek Into Darkness,PG-13,Action,2013,"May 16, 2013 (United States)",7.7,468000.0,J.J. Abrams,Roberto Orci,Chris Pine,United States,190000000.0,467365246.0,Paramount Pictures,132.0
The Hunger Games: Catching Fire,PG-13,Action,2013,"November 22, 2013 (United States)",7.5,626000.0,Francis Lawrence,Simon Beaufoy,Jennifer Lawrence,United States,130000000.0,865011746.0,Color Force,146.0
Homefront,R,Action,2013,"November 27, 2013 (United States)",6.5,113000.0,Gary Fleder,Sylvester Stallone,Jason Statham,United States,22000000.0,48449416.0,Open Road Films (II),100.0
Movie 43,R,Comedy,2013,"January 25, 2013 (United States)",4.3,101000.0,Directors,Rocky Russo,Emma Stone,United States,6000000.0,32443111.0,Relativity Media,94.0
World War Z,PG-13,Action,2013,"June 21, 2013 (United States)",7.0,618000.0,Marc Forster,Matthew Michael Carnahan,Brad Pitt,United States,190000000.0,540455876.0,Paramount Pictures,116.0
12 Years a Slave,R,Biography,2013,"November 8, 2013 (United States)",8.1,657000.0,Steve McQueen,John Ridley,Chiwetel Ejiofor,United States,20000000.0,187733202.0,New Regency Productions,134.0
G.I. Joe: Retaliation,PG-13,Action,2013,"March 28, 2013 (United States)",5.8,176000.0,Jon M. Chu,Rhett Reese,Dwayne Johnson,United States,130000000.0,375740705.0,Paramount Pictures,110.0
Dallas Buyers Club,R,Biography,2013,"November 22, 2013 (United States)",8.0,455000.0,Jean-Marc Vallée,Craig Borten,Matthew McConaughey,United States,5000000.0,55736588.0,Truth Entertainment (II),117.0
The Secret Life of Walter Mitty,PG,Adventure,2013,"December 25, 2013 (United States)",7.3,300000.0,Ben Stiller,Steve Conrad,Ben Stiller,United States,90000000.0,188133322.0,Twentieth Century Fox,114.0
Pacific Rim,PG-13,Action,2013,"July 12, 2013 (United States)",6.9,475000.0,Guillermo del Toro,Travis Beacham,Idris Elba,United States,190000000.0,411002906.0,Warner Bros.,131.0
The Croods,PG,Animation,2013,"March 22, 2013 (United States)",7.2,199000.0,Kirk DeMicco,Chris Sanders,Nicolas Cage,United States,135000000.0,587205319.0,DreamWorks Animation,98.0
This Is the End,R,Comedy,2013,"June 12, 2013 (United States)",6.6,391000.0,Evan Goldberg,Seth Rogen,James Franco,United States,32000000.0,126041322.0,Columbia Pictures,107.0
The Way Way Back,PG-13,Comedy,2013,"July 26, 2013 (United States)",7.4,143000.0,Nat Faxon,Nat Faxon,Steve Carell,United States,5000000.0,26474920.0,Sycamore Pictures,103.0
The Internship,PG-13,Comedy,2013,"June 7, 2013 (United States)",6.3,193000.0,Shawn Levy,Vince Vaughn,Vince Vaughn,United States,58000000.0,93492844.0,Twentieth Century Fox,119.0
Elysium,R,Action,2013,"August 9, 2013 (United States)",6.6,426000.0,Neill Blomkamp,Neill Blomkamp,Matt Damon,United States,115000000.0,286140700.0,TriStar Pictures,109.0
Hansel & Gretel: Witch Hunters,R,Action,2013,"January 25, 2013 (United States)",6.1,198000.0,Tommy Wirkola,Tommy Wirkola,Jeremy Renner,United States,50000000.0,226349749.0,Paramount Pictures,88.0
Captain Phillips,PG-13,Adventure,2013,"October 11, 2013 (United States)",7.8,432000.0,Paul Greengrass,Billy Ray,Tom Hanks,United States,55000000.0,218791811.0,Scott Rudin Productions,134.0
Evil Dead,R,Horror,2013,"April 5, 2013 (United States)",6.5,160000.0,Fede Alvarez,Fede Alvarez,Jane Levy,United States,17000000.0,97542952.0,TriStar Pictures,91.0
White House Down,PG-13,Action,2013,"June 28, 2013 (United States)",6.3,211000.0,Roland Emmerich,James Vanderbilt,Channing Tatum,United States,150000000.0,205366737.0,Columbia Pictures,131.0
Olympus Has Fallen,R,Action,2013,"March 22, 2013 (United States)",6.5,263000.0,Antoine Fuqua,Creighton Rothenberger,Gerard Butler,United States,70000000.0,170270201.0,Millennium Films,119.0
Lone Survivor,R,Action,2013,"January 10, 2014 (United States)",7.5,272000.0,Peter Berg,Peter Berg,Mark Wahlberg,United States,40000000.0,154802912.0,Film 44,121.0
Oz the Great and Powerful,PG,Adventure,2013,"March 8, 2013 (United States)",6.3,201000.0,Sam Raimi,Mitchell Kapner,James Franco,United States,215000000.0,493311825.0,Walt Disney Pictures,130.0
Pain & Gain,R,Action,2013,"April 26, 2013 (United States)",6.4,205000.0,Michael Bay,Christopher Markus,Mark Wahlberg,United States,26000000.0,87305549.0,Paramount Pictures,129.0
Oldboy,R,Action,2013,"November 27, 2013 (United States)",5.7,71000.0,Spike Lee,Garon Tsuchiya,Josh Brolin,United States,30000000.0,5186767.0,Good Universe,104.0
Out of the Furnace,R,Action,2013,"December 6, 2013 (United States)",6.8,110000.0,Scott Cooper,Brad Ingelsby,Christian Bale,United Kingdom,22000000.0,15661554.0,Appian Way,116.0
Coherence,Not Rated,Drama,2013,"August 6, 2014 (United States)",7.2,115000.0,James Ward Byrkit,James Ward Byrkit,Emily Baldoni,United States,50000.0,139745.0,Bellanova Films,89.0
Ender's Game,PG-13,Action,2013,"November 1, 2013 (United States)",6.6,228000.0,Gavin Hood,Gavin Hood,Harrison Ford,United States,110000000.0,125544024.0,Summit Entertainment,114.0
Anchorman 2: the Legend Continues,PG-13,Comedy,2013,"December 18, 2013 (United States)",6.3,172000.0,Adam McKay,Will Ferrell,Will Ferrell,United States,50000000.0,173649931.0,Paramount Pictures,119.0
The World's End,R,Comedy,2013,"August 23, 2013 (United States)",7.0,266000.0,Edgar Wright,Simon Pegg,Simon Pegg,United Kingdom,20000000.0,46091271.0,Universal Pictures,109.0
Stoker,R,Drama,2013,"March 1, 2013 (United Kingdom)",6.8,105000.0,Park Chan-Wook,Wentworth Miller,Mia Wasikowska,United Kingdom,12000000.0,12077441.0,Fox Searchlight Pictures,99.0
The Mortal Instruments: City of Bones,PG-13,Action,2013,"August 21, 2013 (United States)",5.9,129000.0,Harald Zwart,Jessica Postigo,Lily Collins,United States,60000000.0,95396573.0,Screen Gems,130.0
Mama,PG-13,Fantasy,2013,"January 18, 2013 (United States)",6.2,172000.0,Andy Muschietti,Andy Muschietti,Jessica Chastain,Canada,15000000.0,146428180.0,Universal Pictures,100.0
Riddick,R,Action,2013,"September 6, 2013 (United States)",6.4,157000.0,David Twohy,David Twohy,Vin Diesel,Canada,38000000.0,98337295.0,Riddick Canada Productions,119.0
A Good Day to Die Hard,R,Action,2013,"February 14, 2013 (United States)",5.3,201000.0,John Moore,Skip Woods,Bruce Willis,United States,92000000.0,304654182.0,Twentieth Century Fox,98.0
Escape Plan,R,Action,2013,"October 18, 2013 (United States)",6.7,232000.0,Mikael Håfström,Miles Chapman,Sylvester Stallone,United States,50000000.0,137328301.0,Summit Entertainment,115.0
The Wolverine,PG-13,Action,2013,"July 26, 2013 (United States)",6.7,439000.0,James Mangold,Mark Bomback,Hugh Jackman,United States,120000000.0,414828246.0,Twentieth Century Fox,126.0
Texas Chainsaw,R,Horror,2013,"January 4, 2013 (United States)",4.8,47000.0,John Luessenhop,Adam Marcus,Alexandra Daddario,United States,20000000.0,47340586.0,Lionsgate,92.0
Despicable Me 2,PG,Animation,2013,"July 3, 2013 (United States)",7.3,377000.0,Pierre Coffin,Cinco Paul,Steve Carell,United States,76000000.0,970766005.0,Universal Pictures,98.0
47 Ronin,PG-13,Action,2013,"December 25, 2013 (United States)",6.3,152000.0,Carl Rinsch,Chris Morgan,Keanu Reeves,United States,175000000.0,151783839.0,Bluegrass Films,128.0
Adore,R,Drama,2013,"April 3, 2013 (France)",6.2,33000.0,Anne Fontaine,Anne Fontaine,Naomi Watts,Australia,16000000.0,1575749.0,Gaumont,112.0
Machete Kills,R,Action,2013,"October 11, 2013 (United States)",5.6,76000.0,Robert Rodriguez,Kyle Ward,Danny Trejo,United States,20000000.0,17496820.0,AR Films,107.0
Warm Bodies,PG-13,Comedy,2013,"February 1, 2013 (United States)",6.8,223000.0,Jonathan Levine,Isaac Marion,Nicholas Hoult,United States,35000000.0,116980662.0,Summit Entertainment,98.0
Percy Jackson: Sea of Monsters,PG,Adventure,2013,"August 7, 2013 (United States)",5.8,113000.0,Thor Freudenthal,Marc Guggenheim,Logan Lerman,United States,90000000.0,199850315.0,Fox 2000 Pictures,106.0
Blue Jasmine,PG-13,Comedy,2013,"August 23, 2013 (United States)",7.3,195000.0,Woody Allen,Woody Allen,Cate Blanchett,United States,18000000.0,99104804.0,Gravier Productions,98.0
Safe Haven,PG-13,Drama,2013,"February 14, 2013 (United States)",6.7,106000.0,Lasse Hallström,Dana Stevens,Julianne Hough,United States,28000000.0,97594140.0,Relativity Media,115.0
Gangster Squad,R,Action,2013,"January 11, 2013 (United States)",6.7,209000.0,Ruben Fleischer,Will Beall,Sean Penn,United States,60000000.0,105200903.0,Warner Bros.,113.0
August: Osage County,R,Comedy,2013,"January 10, 2014 (United States)",7.2,87000.0,John Wells,Tracy Letts,Meryl Streep,United States,25000000.0,74188937.0,The Weinstein Company,121.0
Locke,R,Drama,2013,"April 18, 2014 (United Kingdom)",7.1,140000.0,Steven Knight,Steven Knight,Tom Hardy,United Kingdom,2000000.0,5090608.0,IM Global,85.0
Before Midnight,R,Drama,2013,"June 14, 2013 (United States)",7.9,146000.0,Richard Linklater,Richard Linklater,Ethan Hawke,United States,3000000.0,20994648.0,Faliro House Productions,109.0
Begin Again,R,Comedy,2013,"July 11, 2014 (United States)",7.4,147000.0,John Carney,John Carney,Keira Knightley,United States,8000000.0,65652908.0,Exclusive Media Group,104.0
Oculus,R,Horror,2013,"April 11, 2014 (United States)",6.5,120000.0,Mike Flanagan,Mike Flanagan,Karen Gillan,United States,5000000.0,44459951.0,Intrepid Pictures,104.0
The Counselor,R,Crime,2013,"October 25, 2013 (United States)",5.3,98000.0,Ridley Scott,Cormac McCarthy,Michael Fassbender,United Kingdom,25000000.0,71009334.0,Fox 2000 Pictures,117.0
Parker,R,Action,2013,"January 25, 2013 (United States)",6.2,118000.0,Taylor Hackford,John J. McLaughlin,Jason Statham,United States,35000000.0,46922566.0,Incentive Filmed Entertainment,118.0
The Call,R,Crime,2013,"March 15, 2013 (United States)",6.7,115000.0,Brad Anderson,Richard D'Ovidio,Halle Berry,United States,13000000.0,68572631.0,TriStar Pictures,94.0
Scary Movie V,PG-13,Comedy,2013,"April 12, 2013 (United States)",3.5,67000.0,Malcolm D. Lee,David Zucker,Simon Rex,United States,20000000.0,78378744.0,Dimension Films,86.0
R.I.P.D.,PG-13,Action,2013,"July 19, 2013 (United States)",5.6,123000.0,Robert Schwentke,Phil Hay,Ryan Reynolds,United States,130000000.0,78324220.0,Universal Pictures,96.0
Inside Llewyn Davis,R,Comedy,2013,"January 10, 2014 (United States)",7.5,144000.0,Ethan Coen,Joel Coen,Oscar Isaac,United States,11000000.0,32960249.0,CBS Films,104.0
The To Do List,R,Comedy,2013,"July 26, 2013 (United States)",5.8,38000.0,Maggie Carey,Maggie Carey,Aubrey Plaza,United States,1500000.0,3909596.0,3 Arts Entertainment,104.0
Carrie,R,Drama,2013,"October 18, 2013 (United States)",5.9,135000.0,Kimberly Peirce,Lawrence D. Cohen,Chloë Grace Moretz,United States,30000000.0,84790678.0,Metro-Goldwyn-Mayer (MGM),100.0
The Lone Ranger,PG-13,Action,2013,"July 3, 2013 (United States)",6.4,225000.0,Gore Verbinski,Justin Haythe,Johnny Depp,United States,215000000.0,260502115.0,Walt Disney Pictures,150.0
The Host,PG-13,Action,2013,"March 29, 2013 (United States)",5.9,112000.0,Andrew Niccol,Andrew Niccol,Saoirse Ronan,United States,40000000.0,63365859.0,Chockstone Pictures,125.0
Turbo,PG,Animation,2013,"July 17, 2013 (United States)",6.4,88000.0,David Soren,Darren Lemke,Ryan Reynolds,United States,135000000.0,282570682.0,DreamWorks Animation,96.0
What If,PG-13,Comedy,2013,"August 15, 2014 (United States)",6.8,73000.0,Michael Dowse,Elan Mastai,Daniel Radcliffe,Canada,11000000.0,8526288.0,No Trace Camping,98.0
2 Guns,R,Action,2013,"August 2, 2013 (United States)",6.7,201000.0,Baltasar Kormákur,Blake Masters,Denzel Washington,United States,61000000.0,131940411.0,Universal Pictures,109.0
Enough Said,PG-13,Comedy,2013,"October 11, 2013 (United States)",7.0,60000.0,Nicole Holofcener,Nicole Holofcener,Julia Louis-Dreyfus,United States,8000000.0,25288872.0,Fox Searchlight Pictures,93.0
Side Effects,R,Crime,2013,"February 8, 2013 (United States)",7.1,183000.0,Steven Soderbergh,Scott Z. Burns,Rooney Mara,United States,30000000.0,63414135.0,Endgame Entertainment,106.0
The Heat,R,Action,2013,"June 28, 2013 (United States)",6.6,165000.0,Paul Feig,Katie Dippold,Sandra Bullock,United States,43000000.0,229930771.0,Twentieth Century Fox,117.0
Insidious: Chapter 2,PG-13,Horror,2013,"September 13, 2013 (United States)",6.6,160000.0,James Wan,Leigh Whannell,Patrick Wilson,United States,5000000.0,161919318.0,FilmDistrict,106.0
Redemption,R,Action,2013,"June 28, 2013 (United Kingdom)",6.2,68000.0,Steven Knight,Steven Knight,Jason Statham,United Kingdom,20000000.0,12671109.0,Lionsgate,100.0
Belle,PG,Biography,2013,"June 13, 2014 (United Kingdom)",7.3,29000.0,Amma Asante,Misan Sagay,Gugu Mbatha-Raw,United Kingdom,10900000.0,16607575.0,DJ Films,100.0
After Earth,PG-13,Action,2013,"May 31, 2013 (United States)",4.8,194000.0,M. Night Shyamalan,Gary Whitta,Jaden Smith,United States,130000000.0,243611982.0,Columbia Pictures,100.0
Lee Daniels' The Butler,PG-13,Biography,2013,"August 16, 2013 (United States)",7.2,111000.0,Lee Daniels,Danny Strong,Forest Whitaker,United States,30000000.0,177313795.0,Follow Through Productions,132.0
Only God Forgives,R,Action,2013,"May 22, 2013 (France)",5.7,109000.0,Nicolas Winding Refn,Nicolas Winding Refn,Ryan Gosling,Denmark,4800000.0,10639616.0,Space Rocket Nation,90.0
RED 2,PG-13,Action,2013,"July 19, 2013 (United States)",6.6,163000.0,Dean Parisot,Jon Hoeber,Bruce Willis,United States,84000000.0,148075565.0,Summit Entertainment,116.0
Blood Ties,R,Action,2013,"October 30, 2013 (France)",6.5,19000.0,Guillaume Canet,Guillaume Canet,Clive Owen,France,25500000.0,2566435.0,Trésor Films,127.0
Dead Man Down,R,Action,2013,"March 8, 2013 (United States)",6.5,65000.0,Niels Arden Oplev,J.H. Wyman,Colin Farrell,United States,30000000.0,18074539.0,FilmDistrict,118.0
The Spectacular Now,R,Comedy,2013,"September 13, 2013 (United States)",7.1,147000.0,James Ponsoldt,Scott Neustadter,Miles Teller,United States,2500000.0,6918591.0,Andrew Lauren Productions,95.0
42,PG-13,Biography,2013,"April 12, 2013 (United States)",7.5,89000.0,Brian Helgeland,Brian Helgeland,Chadwick Boseman,United States,40000000.0,97470701.0,Warner Bros.,128.0
The Last Stand,R,Action,2013,"January 18, 2013 (United States)",6.3,135000.0,Jee-woon Kim,Andrew Knauer,Arnold Schwarzenegger,United States,45000000.0,48330757.0,CJ Entertainment,107.0
Filth,R,Comedy,2013,"April 24, 2014 (United States)",7.1,104000.0,Jon S. Baird,Jon S. Baird,James McAvoy,United Kingdom,5000000.0,8417248.0,Steel Mill Pictures,97.0
The Grand Seduction,PG-13,Comedy,2013,"May 30, 2014 (Canada)",7.0,16000.0,Don McKellar,Ken Scott,Taylor Kitsch,Canada,12700000.0,4292517.0,Max Films Productions,113.0
Saving Mr. Banks,PG-13,Biography,2013,"December 20, 2013 (United States)",7.5,155000.0,John Lee Hancock,Kelly Marcel,Emma Thompson,United States,35000000.0,117867984.0,Walt Disney Pictures,125.0
The Book Thief,PG-13,Drama,2013,"November 27, 2013 (United States)",7.5,130000.0,Brian Percival,Markus Zusak,Sophie Nélisse,United States,19000000.0,76586316.0,Fox 2000 Pictures,131.0
The Hangover Part III,R,Comedy,2013,"May 23, 2013 (United States)",5.8,299000.0,Todd Phillips,Todd Phillips,Bradley Cooper,United States,103000000.0,362000072.0,Green Hat Films,100.0
Lovelace,R,Biography,2013,"August 8, 2013 (Croatia)",6.2,39000.0,Rob Epstein,Andy Bellin,Amanda Seyfried,United States,10000000.0,1585583.0,Millennium Films,93.0
The Bling Ring,R,Biography,2013,"June 21, 2013 (United States)",5.6,85000.0,Sofia Coppola,Sofia Coppola,Katie Chang,United States,8000000.0,20045576.0,American Zoetrope,90.0
The Family,R,Comedy,2013,"September 13, 2013 (United States)",6.3,113000.0,Luc Besson,Luc Besson,Robert De Niro,France,30000000.0,78418811.0,EuropaCorp,111.0
The Wind Rises,PG-13,Animation,2013,"February 21, 2014 (United States)",7.8,77000.0,Hayao Miyazaki,Hayao Miyazaki,Hideaki Anno,Japan,30000000.0,136533257.0,Studio Ghibli,126.0
Life of Crime,R,Comedy,2013,"August 29, 2014 (Bahamas)",5.8,18000.0,Daniel Schechter,Daniel Schechter,Jennifer Aniston,United States,12000000.0,1456675.0,Abbolita Productions,98.0
Beautiful Creatures,PG-13,Drama,2013,"February 14, 2013 (United States)",6.1,85000.0,Richard LaGravenese,Richard LaGravenese,Alice Englert,United States,60000000.0,60052138.0,Alcon Entertainment,124.0
Joe,R,Crime,2013,"April 11, 2014 (United States)",6.9,46000.0,David Gordon Green,Gary Hawkins,Nicolas Cage,United States,4000000.0,2431443.0,Worldview Entertainment,117.0
Delivery Man,PG-13,Comedy,2013,"November 22, 2013 (United States)",6.4,76000.0,Ken Scott,Ken Scott,Vince Vaughn,United States,26000000.0,53120346.0,Dreamworks Pictures,105.0
Grudge Match,PG-13,Comedy,2013,"December 25, 2013 (United States)",6.4,59000.0,Peter Segal,Tim Kelleher,Robert De Niro,United States,40000000.0,44907260.0,Callahan Filmworks,113.0
Planes,PG,Animation,2013,"August 9, 2013 (United States)",5.7,43000.0,Klay Hall,John Lasseter,Carlos Alazraqui,United States,50000000.0,239258712.0,Prana Studios,91.0
Cloudy with a Chance of Meatballs 2,PG,Animation,2013,"September 27, 2013 (United States)",6.4,94000.0,Cody Cameron,Erica Rivinoja,Bill Hader,United States,78000000.0,274325949.0,Columbia Pictures,95.0
Jack the Giant Slayer,PG-13,Adventure,2013,"March 1, 2013 (United States)",6.2,134000.0,Bryan Singer,Darren Lemke,Nicholas Hoult,United Kingdom,195000000.0,197687603.0,New Line Cinema,114.0
Blue Ruin,R,Crime,2013,"July 9, 2014 (France)",7.1,69000.0,Jeremy Saulnier,Jeremy Saulnier,Macon Blair,United States,420000.0,993313.0,The Lab of Madness,90.0
Epic,PG,Animation,2013,"May 24, 2013 (United States)",6.7,101000.0,Chris Wedge,James V. Hart,Amanda Seyfried,United States,100000000.0,268426634.0,Twentieth Century Fox Animation,102.0
Dark Skies,PG-13,Horror,2013,"February 22, 2013 (United States)",6.3,73000.0,Scott Stewart,Scott Stewart,Keri Russell,United States,3500000.0,27858103.0,Alliance Films,97.0
Nebraska,R,Adventure,2013,"January 24, 2014 (United States)",7.7,114000.0,Alexander Payne,Bob Nelson,Bruce Dern,United States,12000000.0,27682872.0,Paramount Vantage,115.0
Labor Day,PG-13,Drama,2013,"January 31, 2014 (United States)",6.9,44000.0,Jason Reitman,Jason Reitman,Kate Winslet,United States,18000000.0,20275812.0,Indian Paintbrush,111.0
Trance,R,Crime,2013,"March 27, 2013 (United Kingdom)",6.9,111000.0,Danny Boyle,Joe Ahearne,James McAvoy,United Kingdom,20000000.0,24261569.0,Pathé,101.0
Broken City,R,Action,2013,"January 18, 2013 (United States)",6.2,78000.0,Allen Hughes,Brian Tucker,Mark Wahlberg,United States,35000000.0,34737199.0,Emmett/Furla/Oasis Films (EFO Films),109.0
The Zero Theorem,R,Comedy,2013,"August 19, 2014 (United States)",6.1,46000.0,Terry Gilliam,Pat Rushin,Christoph Waltz,United Kingdom,8500000.0,1486506.0,Voltage Pictures,107.0
All Is Lost,PG-13,Action,2013,"October 25, 2013 (Canada)",6.9,78000.0,J.C. Chandor,J.C. Chandor,Robert Redford,United States,9000000.0,13627519.0,Roadside Attractions,106.0
Anna,R,Drama,2013,"January 24, 2014 (Spain)",6.5,22000.0,Jorge Dorado,Guy Holmes,Mark Strong,Spain,7000000.0,1257142.0,The Safran Company,99.0
Third Person,R,Drama,2013,"November 14, 2014 (United Kingdom)",6.3,27000.0,Paul Haggis,Paul Haggis,Liam Neeson,Belgium,28000000.0,2624761.0,Corsan,137.0
The Grandmaster,PG-13,Action,2013,"August 30, 2013 (United States)",6.6,32000.0,Kar-Wai Wong,Kar-Wai Wong,Tony Chiu-Wai Leung,Hong Kong,38600000.0,73906736.0,Block 2 Pictures,130.0
The Incredible Burt Wonderstone,PG-13,Comedy,2013,"March 15, 2013 (United States)",5.9,71000.0,Don Scardino,Jonathan Goldstein,Steve Carell,United States,30000000.0,27437881.0,New Line Cinema,100.0
The Big Wedding,R,Comedy,2013,"April 26, 2013 (United States)",5.6,48000.0,Justin Zackham,Justin Zackham,Robert De Niro,United States,35000000.0,46522137.0,Two Ton Films,89.0
Snitch,PG-13,Action,2013,"February 22, 2013 (United States)",6.4,85000.0,Ric Roman Waugh,Justin Haythe,Dwayne Johnson,United States,15000000.0,57824674.0,Exclusive Media Group,112.0
The Smurfs 2,PG,Animation,2013,"July 31, 2013 (United States)",5.3,39000.0,Raja Gosnell,J. David Stem,Neil Patrick Harris,United States,105000000.0,347545360.0,Columbia Pictures,105.0
Last Vegas,PG-13,Comedy,2013,"November 1, 2013 (United States)",6.6,130000.0,Jon Turteltaub,Dan Fogelman,Robert De Niro,United States,28000000.0,134409025.0,CBS Films,105.0
Fruitvale Station,R,Biography,2013,"July 26, 2013 (United States)",7.5,78000.0,Ryan Coogler,Ryan Coogler,Michael B. Jordan,United States,900000.0,17385830.0,Forest Whitaker's Significant Productions,85.0
Bad Grandpa,R,Comedy,2013,"October 25, 2013 (United States)",6.5,90000.0,Jeff Tremaine,Johnny Knoxville,Johnny Knoxville,United States,15000000.0,151826547.0,Dickhouse Productions,92.0
Philomena,PG-13,Biography,2013,"November 27, 2013 (United States)",7.6,96000.0,Stephen Frears,Steve Coogan,Judi Dench,United Kingdom,12000000.0,100129872.0,The Weinstein Company,98.0
The Canyons,R,Drama,2013,"August 2, 2013 (United States)",3.8,11000.0,Paul Schrader,Bret Easton Ellis,Lindsay Lohan,United States,250000.0,270185.0,Prettybird,99.0
Jobs,PG-13,Biography,2013,"August 16, 2013 (United States)",6.0,95000.0,Joshua Michael Stern,Matt Whiteley,Ashton Kutcher,United States,12000000.0,42128352.0,Open Road Films (II),128.0
The Immigrant,R,Drama,2013,"May 23, 2014 (United States)",6.6,31000.0,James Gray,James Gray,Marion Cotillard,United States,16000000.0,5952884.0,Worldview Entertainment,120.0
21 & Over,R,Comedy,2013,"March 1, 2013 (United States)",5.8,73000.0,Jon Lucas,Jon Lucas,Miles Teller,United States,13000000.0,48065672.0,Relativity Media,93.0
Runner Runner,R,Crime,2013,"October 4, 2013 (United States)",5.6,61000.0,Brad Furman,Brian Koppelman,Ben Affleck,United States,30000000.0,62675095.0,New Regency Productions,88.0
A Haunted House,R,Comedy,2013,"January 11, 2013 (United States)",5.0,45000.0,Michael Tiddes,Marlon Wayans,Marlon Wayans,United States,2500000.0,60159584.0,Open Road Films,86.0
How I Live Now,R,Action,2013,"October 4, 2013 (United Kingdom)",6.5,29000.0,Kevin Macdonald,Meg Rosoff,Saoirse Ronan,United Kingdom,8000000.0,925762.0,Film4,101.0
Upstream Color,Not Rated,Drama,2013,"August 30, 2013 (United Kingdom)",6.7,32000.0,Shane Carruth,Shane Carruth,Amy Seimetz,United States,50000.0,587174.0,erbp,96.0
Parkland,PG-13,Drama,2013,"October 2, 2013 (France)",6.4,15000.0,Peter Landesman,Peter Landesman,Zac Efron,United States,10000000.0,1412181.0,Exclusive Media Group,93.0
Paranoia,PG-13,Drama,2013,"August 16, 2013 (United States)",5.7,36000.0,Robert Luketic,Jason Hall,Liam Hemsworth,United States,35000000.0,17056265.0,Relativity Media,106.0
The Past,PG-13,Drama,2013,"May 17, 2013 (France)",7.7,46000.0,Asghar Farhadi,Asghar Farhadi,Bérénice Bejo,France,11000000.0,12673462.0,Memento Films Production,130.0
The Fifth Estate,R,Biography,2013,"October 18, 2013 (United States)",6.2,40000.0,Bill Condon,Daniel Domscheit-Berg,Benedict Cumberbatch,United States,28000000.0,9058564.0,Dreamworks Pictures,128.0
Bad Words,R,Comedy,2013,"March 28, 2014 (United States)",6.6,48000.0,Jason Bateman,Andrew Dodge,Jason Bateman,United States,10000000.0,7804337.0,Aggregate Films,89.0
Man of Tai Chi,R,Action,2013,"July 5, 2013 (China)",6.1,36000.0,Keanu Reeves,Michael G. Cooney,Tiger Hu Chen,United States,25000000.0,5464885.0,China Film Group Corporation (CFGC),105.0
The East,PG-13,Crime,2013,"June 28, 2013 (United Kingdom)",6.8,49000.0,Zal Batmanglij,Zal Batmanglij,Brit Marling,United Kingdom,6500000.0,2891812.0,Dune Entertainment,116.0
The Lunchbox,PG,Drama,2013,"September 20, 2013 (India)",7.8,52000.0,Ritesh Batra,Ritesh Batra,Irrfan Khan,India,1000000.0,11621777.0,Sikhya Entertainment,104.0
Getaway,PG-13,Action,2013,"August 30, 2013 (United States)",4.4,23000.0,Courtney Solomon,Sean Finegan,Ethan Hawke,United States,18000000.0,11806432.0,After Dark Films,90.0
Guardians of the Galaxy,PG-13,Action,2014,"August 1, 2014 (United States)",8.0,1100000.0,James Gunn,James Gunn,Chris Pratt,United States,170000000.0,773350147.0,Marvel Studios,121.0
Interstellar,PG-13,Adventure,2014,"November 7, 2014 (United States)",8.6,1600000.0,Christopher Nolan,Jonathan Nolan,Matthew McConaughey,United States,165000000.0,701729206.0,Paramount Pictures,169.0
John Wick,R,Action,2014,"October 24, 2014 (United States)",7.4,565000.0,Chad Stahelski,Derek Kolstad,Keanu Reeves,United States,20000000.0,86081711.0,Summit Entertainment,101.0
Edge of Tomorrow,PG-13,Action,2014,"June 6, 2014 (United States)",7.9,620000.0,Doug Liman,Christopher McQuarrie,Tom Cruise,United States,178000000.0,370541256.0,Warner Bros.,113.0
Gone Girl,R,Drama,2014,"October 3, 2014 (United States)",8.1,893000.0,David Fincher,Gillian Flynn,Ben Affleck,United States,61000000.0,369330363.0,Twentieth Century Fox,149.0
Captain America: The Winter Soldier,PG-13,Action,2014,"April 4, 2014 (United States)",7.7,764000.0,Anthony Russo,Christopher Markus,Chris Evans,United States,170000000.0,714421503.0,Marvel Entertainment,136.0
The Grand Budapest Hotel,R,Adventure,2014,"March 28, 2014 (United States)",8.1,734000.0,Wes Anderson,Stefan Zweig,Ralph Fiennes,United States,25000000.0,172945750.0,Fox Searchlight Pictures,99.0
Whiplash,R,Drama,2014,"October 15, 2014 (Philippines)",8.5,749000.0,Damien Chazelle,Damien Chazelle,Miles Teller,United States,3300000.0,49396747.0,Bold Films,106.0
Kingsman: The Secret Service,R,Action,2014,"February 13, 2015 (United States)",7.7,607000.0,Matthew Vaughn,Jane Goldman,Colin Firth,United Kingdom,81000000.0,414351546.0,Twentieth Century Fox,129.0
Ex Machina,R,Drama,2014,"April 24, 2015 (United States)",7.7,493000.0,Alex Garland,Alex Garland,Alicia Vikander,United Kingdom,15000000.0,36869414.0,A24,108.0
Divergent,PG-13,Action,2014,"March 21, 2014 (United States)",6.6,435000.0,Neil Burger,Evan Daugherty,Shailene Woodley,United States,85000000.0,288885818.0,Summit Entertainment,139.0
Nightcrawler,R,Crime,2014,"October 31, 2014 (United States)",7.8,486000.0,Dan Gilroy,Dan Gilroy,Jake Gyllenhaal,United States,8500000.0,47398992.0,Bold Films,117.0
The Hobbit: The Battle of the Five Armies,PG-13,Adventure,2014,"December 17, 2014 (United States)",7.4,487000.0,Peter Jackson,Fran Walsh,Ian McKellen,New Zealand,250000000.0,962182865.0,New Line Cinema,144.0
The Equalizer,R,Action,2014,"September 26, 2014 (United States)",7.2,344000.0,Antoine Fuqua,Richard Wenk,Denzel Washington,United States,55000000.0,192330738.0,Columbia Pictures,132.0
The Maze Runner,PG-13,Action,2014,"September 19, 2014 (United States)",6.8,431000.0,Wes Ball,Noah Oppenheim,Dylan O'Brien,United States,34000000.0,348319861.0,Twentieth Century Fox,113.0
Lucy,R,Action,2014,"July 25, 2014 (United States)",6.4,460000.0,Luc Besson,Luc Besson,Scarlett Johansson,France,40000000.0,458863600.0,EuropaCorp,89.0
Chef,R,Adventure,2014,"May 30, 2014 (United States)",7.3,202000.0,Jon Favreau,Jon Favreau,Jon Favreau,United States,11000000.0,48428048.0,Aldamisa Entertainment,114.0
What We Do in the Shadows,R,Comedy,2014,"February 13, 2015 (United States)",7.7,164000.0,Jemaine Clement,Jemaine Clement,Jemaine Clement,New Zealand,1600000.0,7253160.0,Unison Films,86.0
The Imitation Game,PG-13,Biography,2014,"December 25, 2014 (United States)",8.0,707000.0,Morten Tyldum,Graham Moore,Benedict Cumberbatch,United Kingdom,14000000.0,233555708.0,Black Bear Pictures,114.0
Fury,R,Action,2014,"October 17, 2014 (United States)",7.6,442000.0,David Ayer,David Ayer,Brad Pitt,United States,68000000.0,211822697.0,Columbia Pictures,134.0
X-Men: Days of Future Past,PG-13,Action,2014,"May 23, 2014 (United States)",7.9,673000.0,Bryan Singer,Simon Kinberg,Patrick Stewart,United States,200000000.0,746045700.0,Twentieth Century Fox,132.0
Predestination,R,Action,2014,"January 9, 2015 (United States)",7.5,262000.0,Michael Spierig,Michael Spierig,Ethan Hawke,Australia,5100000.0,4942449.0,Screen Australia,97.0
The Purge: Anarchy,R,Action,2014,"July 18, 2014 (United States)",6.4,143000.0,James DeMonaco,James DeMonaco,Frank Grillo,United States,9000000.0,111928365.0,Universal Pictures,103.0
Birdman or (The Unexpected Virtue of Ignorance),R,Comedy,2014,"November 14, 2014 (United States)",7.7,594000.0,Alejandro G. Iñárritu,Alejandro G. Iñárritu,Michael Keaton,United States,18000000.0,103215094.0,New Regency Productions,119.0
It Follows,R,Horror,2014,"March 13, 2015 (United States)",6.8,217000.0,David Robert Mitchell,David Robert Mitchell,Maika Monroe,United States,1000000.0,21947454.0,Northern Lights Films,100.0
Blended,PG-13,Comedy,2014,"May 23, 2014 (United States)",6.5,124000.0,Frank Coraci,Ivan Menchell,Adam Sandler,United States,40000000.0,127994610.0,Gulfstream Pictures,117.0
Hercules,PG-13,Action,2014,"July 25, 2014 (United States)",6.0,149000.0,Brett Ratner,Ryan J. Condal,Dwayne Johnson,United States,100000000.0,244819862.0,Paramount Pictures,98.0
The Judge,R,Crime,2014,"October 10, 2014 (United States)",7.4,183000.0,David Dobkin,Nick Schenk,Robert Downey Jr.,United States,50000000.0,84419388.0,Warner Bros.,141.0
Annie,PG,Comedy,2014,"December 19, 2014 (United States)",5.3,35000.0,Will Gluck,Will Gluck,Quvenzhané Wallis,United States,65000000.0,136853506.0,Marcy Media,118.0
Godzilla,PG-13,Action,2014,"May 16, 2014 (United States)",6.4,394000.0,Gareth Edwards,Ishirô Honda,Aaron Taylor-Johnson,United States,160000000.0,524976069.0,Warner Bros.,123.0
The Giver,PG-13,Drama,2014,"August 15, 2014 (United States)",6.5,114000.0,Phillip Noyce,Michael Mitnick,Brenton Thwaites,United States,25000000.0,66980456.0,Tonik Productions,97.0
300: Rise of an Empire,R,Action,2014,"March 7, 2014 (United States)",6.2,286000.0,Noam Murro,Zack Snyder,Sullivan Stapleton,United States,110000000.0,337580051.0,Warner Bros.,102.0
American Sniper,R,Action,2014,"January 16, 2015 (United States)",7.3,451000.0,Clint Eastwood,Jason Hall,Bradley Cooper,United States,58800000.0,547426372.0,Warner Bros.,133.0
Big Hero 6,PG,Animation,2014,"November 7, 2014 (United States)",7.8,423000.0,Don Hall,Jordan Roberts,Ryan Potter,United States,165000000.0,657869686.0,FortyFour Studios,102.0
The Amazing Spider-Man 2,PG-13,Action,2014,"May 2, 2014 (United States)",6.6,427000.0,Marc Webb,Alex Kurtzman,Andrew Garfield,United States,200000000.0,708982323.0,Marvel Enterprises,142.0
Maleficent,PG,Action,2014,"May 30, 2014 (United States)",7.0,353000.0,Robert Stromberg,Linda Woolverton,Angelina Jolie,United States,180000000.0,758411779.0,Jolie Pas,97.0
Into the Woods,PG,Adventure,2014,"December 25, 2014 (United States)",5.9,135000.0,Rob Marshall,James Lapine,Anna Kendrick,United States,50000000.0,212902372.0,BBL Motion Picture Studios,125.0
Unbroken,PG-13,Action,2014,"December 25, 2014 (United States)",7.2,155000.0,Angelina Jolie,Joel Coen,Jack O'Connell,United States,65000000.0,161459297.0,3 Arts Entertainment,137.0
The Lego Movie,PG,Animation,2014,"February 7, 2014 (United States)",7.7,331000.0,Christopher Miller,Phil Lord,Chris Pratt,United States,60000000.0,468060692.0,Warner Bros.,100.0
The Hunger Games: Mockingjay - Part 1,PG-13,Action,2014,"November 21, 2014 (United States)",6.6,424000.0,Francis Lawrence,Peter Craig,Jennifer Lawrence,United States,125000000.0,755356711.0,Lionsgate,123.0
Tusk,R,Comedy,2014,"September 19, 2014 (United States)",5.3,48000.0,Kevin Smith,Kevin Smith,Justin Long,Canada,3000000.0,1882074.0,SModcast Pictures,102.0
Night at the Museum: Secret of the Tomb,PG,Adventure,2014,"December 19, 2014 (United States)",6.2,111000.0,Shawn Levy,David Guion,Ben Stiller,United Kingdom,127000000.0,363204635.0,Twentieth Century Fox,98.0
The Fault in Our Stars,PG-13,Drama,2014,"June 6, 2014 (United States)",7.7,352000.0,Josh Boone,Scott Neustadter,Shailene Woodley,United States,12000000.0,307166834.0,Fox 2000 Pictures,126.0
"As Above, So Below",R,Horror,2014,"August 29, 2014 (United States)",6.2,83000.0,John Erick Dowdle,John Erick Dowdle,Perdita Weeks,United States,5000000.0,41898409.0,Legendary Entertainment,93.0
Annabelle,R,Horror,2014,"October 3, 2014 (United States)",5.4,147000.0,John R. Leonetti,Gary Dauberman,Ward Horton,United States,6500000.0,257579282.0,New Line Cinema,99.0
Boyhood,R,Drama,2014,"August 15, 2014 (United States)",7.9,341000.0,Richard Linklater,Richard Linklater,Ellar Coltrane,United States,4000000.0,48137666.0,IFC Productions,165.0
The Theory of Everything,PG-13,Biography,2014,"November 26, 2014 (United States)",7.7,417000.0,James Marsh,Anthony McCarten,Eddie Redmayne,United Kingdom,15000000.0,123726688.0,Working Title Films,123.0
The Expendables 3,PG-13,Action,2014,"August 15, 2014 (United States)",6.1,173000.0,Patrick Hughes,Sylvester Stallone,Sylvester Stallone,France,80000000.0,214657577.0,Lionsgate,126.0
The Interview,R,Action,2014,"December 24, 2014 (United States)",6.5,313000.0,Evan Goldberg,Dan Sterling,James Franco,United States,44000000.0,11782625.0,Columbia Pictures,112.0
The Drop,R,Crime,2014,"September 12, 2014 (United States)",7.1,146000.0,Michaël R. Roskam,Dennis Lehane,Tom Hardy,United States,12600000.0,18658381.0,Big Screen Productions,106.0
Transformers: Age of Extinction,PG-13,Action,2014,"June 27, 2014 (United States)",5.6,302000.0,Michael Bay,Ehren Kruger,Mark Wahlberg,United States,210000000.0,1104054072.0,Paramount Pictures,165.0
Inherent Vice,R,Comedy,2014,"January 9, 2015 (United States)",6.7,97000.0,Paul Thomas Anderson,Paul Thomas Anderson,Joaquin Phoenix,United States,20000000.0,14710975.0,Ghoulardi Film Company,148.0
Neighbors,R,Comedy,2014,"May 9, 2014 (United States)",6.3,294000.0,Nicholas Stoller,Andrew Jay Cohen,Seth Rogen,United States,18000000.0,270665134.0,Good Universe,97.0
The Babadook,Not Rated,Drama,2014,"November 28, 2014 (United States)",6.8,203000.0,Jennifer Kent,Jennifer Kent,Essie Davis,Australia,2000000.0,10312540.0,Screen Australia,94.0
Sex Tape,R,Comedy,2014,"July 18, 2014 (United States)",5.1,109000.0,Jake Kasdan,Kate Angelo,Jason Segel,United States,40000000.0,126069509.0,Columbia Pictures,94.0
The Other Woman,PG-13,Comedy,2014,"April 25, 2014 (United States)",6.0,133000.0,Nick Cassavetes,Melissa K. Stack,Cameron Diaz,United States,40000000.0,196710396.0,Twentieth Century Fox,109.0
Wild Tales,R,Comedy,2014,"August 21, 2014 (Argentina)",8.1,184000.0,Damián Szifron,Germán Servidio,Darío Grandinetti,Argentina,3300000.0,30642704.0,Kramer & Sigman Films,122.0
Wild,R,Adventure,2014,"December 19, 2014 (United States)",7.1,123000.0,Jean-Marc Vallée,Nick Hornby,Reese Witherspoon,United States,15000000.0,52501541.0,Bob Industries,115.0
Foxcatcher,R,Biography,2014,"January 16, 2015 (United States)",7.0,137000.0,Bennett Miller,E. Max Frye,Steve Carell,United States,24000000.0,19206513.0,Annapurna Pictures,134.0
The Guest,R,Action,2014,"September 5, 2014 (United Kingdom)",6.7,95000.0,Adam Wingard,Simon Barrett,Dan Stevens,United States,5000000.0,2700051.0,HanWay Films,100.0
Teenage Mutant Ninja Turtles,PG-13,Action,2014,"August 8, 2014 (United States)",5.8,203000.0,Jonathan Liebesman,Josh Appelbaum,Megan Fox,United States,125000000.0,485004754.0,Paramount Pictures,101.0
RoboCop,PG-13,Action,2014,"February 12, 2014 (United States)",6.1,219000.0,José Padilha,Joshua Zetumer,Joel Kinnaman,United States,100000000.0,242688965.0,Metro-Goldwyn-Mayer (MGM),117.0
22 Jump Street,R,Action,2014,"June 13, 2014 (United States)",7.0,354000.0,Phil Lord,Michael Bacall,Channing Tatum,United States,50000000.0,331333876.0,Columbia Pictures,112.0
Dawn of the Planet of the Apes,PG-13,Action,2014,"July 11, 2014 (United States)",7.6,419000.0,Matt Reeves,Mark Bomback,Gary Oldman,United States,170000000.0,710644566.0,Chernin Entertainment,130.0
Sin City: A Dame to Kill for,R,Action,2014,"August 22, 2014 (United States)",6.5,155000.0,Frank Miller,Frank Miller,Mickey Rourke,United States,65000000.0,39407616.0,Aldamisa Entertainment,102.0
Brick Mansions,PG-13,Action,2014,"April 25, 2014 (United States)",5.7,41000.0,Camille Delamarre,Luc Besson,Paul Walker,France,28000000.0,71416730.0,Relativity Media,90.0
Vampire Academy,PG-13,Action,2014,"February 7, 2014 (United States)",5.5,53000.0,Mark Waters,Richelle Mead,Zoey Deutch,United States,30000000.0,15642346.0,Angry Films,104.0
The Monuments Men,PG-13,Comedy,2014,"February 7, 2014 (United States)",6.1,127000.0,George Clooney,George Clooney,George Clooney,United States,70000000.0,156706638.0,Columbia Pictures,118.0
Honeymoon,R,Drama,2014,"September 12, 2014 (United States)",5.7,25000.0,Leigh Janiak,Phil Graziadei,Rose Leslie,United States,1000000.0,24343.0,Fewlas Entertainment,87.0
Dumb and Dumber to,PG-13,Comedy,2014,"November 14, 2014 (United States)",5.6,131000.0,Bobby Farrelly,Sean Anders,Jim Carrey,United States,40000000.0,169837010.0,Universal Pictures,109.0
How to Train Your Dragon 2,PG,Animation,2014,"June 13, 2014 (United States)",7.8,313000.0,Dean DeBlois,Dean DeBlois,Jay Baruchel,United States,145000000.0,621537519.0,DreamWorks Animation,102.0
Noah,PG-13,Action,2014,"March 28, 2014 (United States)",5.7,246000.0,Darren Aronofsky,Darren Aronofsky,Russell Crowe,United States,125000000.0,359200044.0,Paramount Pictures,138.0
A Walk Among the Tombstones,R,Action,2014,"September 19, 2014 (United States)",6.5,115000.0,Scott Frank,Lawrence Block,Liam Neeson,United States,28000000.0,58834384.0,1984 Private Defense Contractors,114.0
Need for Speed,PG-13,Action,2014,"March 14, 2014 (United States)",6.4,165000.0,Scott Waugh,George Gatins,Aaron Paul,United States,66000000.0,203277636.0,Dreamworks Pictures,132.0
Rio 2,G,Animation,2014,"April 11, 2014 (United States)",6.3,83000.0,Carlos Saldanha,Don Rhymer,Jesse Eisenberg,United States,103000000.0,498781117.0,Twentieth Century Fox Animation,101.0
Seventh Son,PG-13,Action,2014,"February 6, 2015 (United States)",5.5,74000.0,Sergei Bodrov,Charles Leavitt,Ben Barnes,United States,95000000.0,114178613.0,Beijing Skywheel Entertainment Co.,102.0
Exodus: Gods and Kings,PG-13,Action,2014,"December 12, 2014 (United States)",6.0,162000.0,Ridley Scott,Adam Cooper,Christian Bale,United Kingdom,140000000.0,268175631.0,Chernin Entertainment,150.0
A Million Ways to Die in the West,R,Comedy,2014,"May 30, 2014 (United States)",6.1,181000.0,Seth MacFarlane,Seth MacFarlane,Seth MacFarlane,United States,40000000.0,87189756.0,Bluegrass Films,116.0
Sabotage,R,Action,2014,"March 28, 2014 (United States)",5.7,61000.0,David Ayer,Skip Woods,Arnold Schwarzenegger,United States,35000000.0,22126842.0,Open Road Films (II),109.0
Paddington,PG,Animation,2014,"January 16, 2015 (United States)",7.2,103000.0,Paul King,Paul King,Hugh Bonneville,United Kingdom,55000000.0,282377683.0,StudioCanal,95.0
Non-Stop,PG-13,Action,2014,"February 28, 2014 (United States)",6.9,254000.0,Jaume Collet-Serra,John W. Richardson,Liam Neeson,United Kingdom,50000000.0,222809600.0,StudioCanal,106.0
The Best of Me,PG-13,Drama,2014,"October 17, 2014 (United States)",6.7,68000.0,Michael Hoffman,Nicholas Sparks,James Marsden,United States,26000000.0,38609668.0,DiNovi Pictures,118.0
Horrible Bosses 2,R,Comedy,2014,"November 26, 2014 (United States)",6.3,162000.0,Sean Anders,Sean Anders,Jason Bateman,United States,42000000.0,107645357.0,BenderSpink,108.0
This Is Where I Leave You,R,Comedy,2014,"September 19, 2014 (United States)",6.6,75000.0,Shawn Levy,Jonathan Tropper,Jason Bateman,United States,19800000.0,41296320.0,21 Laps Entertainment,103.0
Into the Storm,PG-13,Action,2014,"August 8, 2014 (United States)",5.8,66000.0,Steven Quale,John Swetnam,Richard Armitage,United States,50000000.0,161502194.0,Broken Road Productions,89.0
Penguins of Madagascar,PG,Animation,2014,"November 26, 2014 (United States)",6.7,83000.0,Eric Darnell,Michael Colton,Tom McGrath,United States,132000000.0,373515621.0,DreamWorks Animation,92.0
Jack Ryan: Shadow Recruit,PG-13,Action,2014,"January 17, 2014 (United States)",6.2,126000.0,Kenneth Branagh,Adam Cozad,Chris Pine,United States,60000000.0,135503748.0,Paramount Pictures,105.0
The Book of Life,PG,Animation,2014,"October 17, 2014 (United States)",7.3,66000.0,Jorge R. Gutiérrez,Jorge R. Gutiérrez,Diego Luna,United States,50000000.0,99783556.0,Reel FX Creative Studios,95.0
The November Man,R,Action,2014,"August 27, 2014 (United States)",6.3,65000.0,Roger Donaldson,Michael Finch,Pierce Brosnan,United States,15000000.0,39661919.0,Relativity Media,108.0
Dracula Untold,PG-13,Action,2014,"October 10, 2014 (United States)",6.3,184000.0,Gary Shore,Matt Sazama,Luke Evans,United States,70000000.0,217124280.0,Universal Pictures,92.0
Unfriended,R,Horror,2014,"April 17, 2015 (United States)",5.5,71000.0,Levan Gabriadze,Nelson Greaves,Heather Sossaman,United States,1000000.0,62882090.0,Bazelevs Production,83.0
I Origins,R,Drama,2014,"September 19, 2014 (South Africa)",7.4,119000.0,Mike Cahill,Mike Cahill,Michael Pitt,United States,1000000.0,481234.0,Verisimilitude,106.0
Transcendence,PG-13,Action,2014,"April 18, 2014 (United States)",6.2,220000.0,Wally Pfister,Jack Paglen,Johnny Depp,United Kingdom,100000000.0,103039258.0,Alcon Entertainment,119.0
Endless Love,PG-13,Drama,2014,"February 14, 2014 (United States)",6.3,42000.0,Shana Feste,Shana Feste,Gabriella Wilde,United States,20000000.0,34718173.0,Bluegrass Films,104.0
Before I Go to Sleep,R,Drama,2014,"October 31, 2014 (United States)",6.4,75000.0,Rowan Joffe,Rowan Joffe,Nicole Kidman,United Kingdom,22000000.0,17669776.0,Scott Free Productions,92.0
The Good Lie,PG-13,Biography,2014,"November 7, 2014 (South Africa)",7.4,28000.0,Philippe Falardeau,Margaret Nagle,Reese Witherspoon,Kenya,20000000.0,3396345.0,Alcon Entertainment,110.0
Deliver Us from Evil,R,Action,2014,"July 2, 2014 (United States)",6.2,73000.0,Scott Derrickson,Scott Derrickson,Eric Bana,United States,30000000.0,87937815.0,Screen Gems,118.0
The Raid 2,R,Action,2014,"April 11, 2014 (United States)",8.0,117000.0,Gareth Evans,Gareth Evans,Iko Uwais,Indonesia,4500000.0,6566916.0,Sony Pictures Classics,150.0
Taken 3,PG-13,Action,2014,"January 9, 2015 (United States)",6.0,183000.0,Olivier Megaton,Luc Besson,Liam Neeson,France,48000000.0,326479141.0,EuropaCorp,108.0
Pompeii,PG-13,Action,2014,"February 21, 2014 (United States)",5.5,108000.0,Paul W.S. Anderson,Janet Scott Batchler,Kit Harington,Canada,100000000.0,117831631.0,TriStar Pictures,105.0
Ride Along,PG-13,Action,2014,"January 17, 2014 (United States)",6.2,106000.0,Tim Story,Greg Coolidge,Ice Cube,United States,25000000.0,154468902.0,Universal Pictures,99.0
That Awkward Moment,R,Comedy,2014,"January 31, 2014 (United States)",6.1,99000.0,Tom Gormican,Tom Gormican,Zac Efron,United States,8000000.0,45640143.0,Treehouse Pictures,94.0
The Homesman,R,Drama,2014,"May 18, 2014 (France)",6.6,32000.0,Tommy Lee Jones,Tommy Lee Jones,Tommy Lee Jones,United States,16000000.0,3819421.0,EuropaCorp,122.0
"Men, Women & Children",R,Comedy,2014,"October 17, 2014 (United States)",6.7,31000.0,Jason Reitman,Chad Kultgen,Kaitlyn Dever,United States,16000000.0,1705908.0,Paramount Pictures,119.0
Let's Be Cops,R,Action,2014,"August 13, 2014 (United States)",6.4,129000.0,Luke Greenfield,Luke Greenfield,Jake Johnson,United States,17000000.0,138224951.0,Genre Films,104.0
A Most Violent Year,R,Action,2014,"January 30, 2015 (United States)",7.0,68000.0,J.C. Chandor,J.C. Chandor,Oscar Isaac,United States,20000000.0,12007070.0,Before The Door Pictures,125.0
The Loft,R,Mystery,2014,"January 30, 2015 (United States)",6.3,53000.0,Erik Van Looy,Bart De Pauw,Karl Urban,Belgium,14000000.0,11020402.0,Open Road Films,108.0
A Most Wanted Man,R,Crime,2014,"August 1, 2014 (United States)",6.8,74000.0,Anton Corbijn,Andrew Bovell,Philip Seymour Hoffman,United Kingdom,15000000.0,36233517.0,Lionsgate,122.0
Clown,R,Horror,2014,"June 17, 2016 (United States)",5.7,23000.0,Jon Watts,Christopher Ford,Andy Powers,United States,1500000.0,4381603.0,Cross Creek Pictures,100.0
The Signal,PG-13,Drama,2014,"July 10, 2014 (Germany)",6.1,64000.0,William Eubank,Carlyle Eubank,Brenton Thwaites,United States,4000000.0,2595622.0,Automatik Entertainment,97.0
The Hundred-Foot Journey,PG,Comedy,2014,"August 8, 2014 (United States)",7.3,79000.0,Lasse Hallström,Steven Knight,Helen Mirren,United States,22000000.0,89514453.0,Amblin Entertainment,122.0
Beyond the Lights,PG-13,Drama,2014,"November 14, 2014 (United States)",6.9,16000.0,Gina Prince-Bythewood,Gina Prince-Bythewood,Gugu Mbatha-Raw,United States,7000000.0,14618727.0,Black Entertainment Television (BET),116.0
Maps to the Stars,R,Comedy,2014,"February 27, 2015 (United States)",6.2,39000.0,David Cronenberg,Bruce Wagner,Julianne Moore,Canada,15000000.0,4510934.0,Prospero Pictures,111.0
If I Stay,PG-13,Drama,2014,"August 22, 2014 (United States)",6.7,118000.0,R.J. Cutler,Shauna Cross,Chloë Grace Moretz,United States,11000000.0,78274843.0,DiNovi Pictures,107.0
Still Alice,PG-13,Drama,2014,"February 20, 2015 (United States)",7.5,129000.0,Richard Glatzer,Richard Glatzer,Julianne Moore,United States,5000000.0,44779195.0,Lutzus-Brown,101.0
3 Days to Kill,PG-13,Action,2014,"February 21, 2014 (United States)",6.2,90000.0,McG,Adi Hasak,Kevin Costner,United States,28000000.0,53260230.0,Relativity Media,117.0
Love & Mercy,PG-13,Biography,2014,"June 19, 2015 (United States)",7.4,37000.0,Bill Pohlad,Oren Moverman,John Cusack,United States,10000000.0,28641776.0,River Road Entertainment,121.0
Big Eyes,PG-13,Biography,2014,"December 25, 2014 (United States)",7.0,88000.0,Tim Burton,Scott Alexander,Amy Adams,United States,10000000.0,29253166.0,The Weinstein Company,106.0
Addicted,R,Drama,2014,"October 10, 2014 (United States)",5.1,10000.0,Bille Woodruff,Christina Welsh,Sharon Leal,United States,5000000.0,17534314.0,Codeblack Entertainment,106.0
The Water Diviner,R,Drama,2014,"December 26, 2014 (Australia)",7.0,73000.0,Russell Crowe,Andrew Knight,Russell Crowe,Australia,22500000.0,38176317.0,Fear of God Films,111.0
Selma,PG-13,Biography,2014,"January 9, 2015 (United States)",7.5,88000.0,Ava DuVernay,Paul Webb,David Oyelowo,United Kingdom,20000000.0,66787908.0,Pathé,128.0
Veronica Mars,PG-13,Crime,2014,"March 13, 2014 (Germany)",6.8,51000.0,Rob Thomas,Rob Thomas,Kristen Bell,United States,6000000.0,3485383.0,Warner Bros. Digital Distribution,107.0
Million Dollar Arm,PG,Biography,2014,"May 16, 2014 (United States)",7.0,44000.0,Craig Gillespie,Tom McCarthy,Jon Hamm,United States,25000000.0,38483455.0,Walt Disney Pictures,124.0
The One I Love,R,Comedy,2014,"August 8, 2014 (United States)",7.1,37000.0,Charlie McDowell,Justin Lader,Mark Duplass,United States,100000.0,596933.0,RADiUS-TWC,91.0
Jersey Boys,R,Biography,2014,"June 20, 2014 (United States)",6.8,33000.0,Clint Eastwood,Marshall Brickman,John Lloyd Young,United States,40000000.0,67647013.0,Four Seasons Partnership,134.0
Draft Day,PG-13,Drama,2014,"April 11, 2014 (United States)",6.8,56000.0,Ivan Reitman,Scott Rothman,Kevin Costner,United States,25000000.0,29824199.0,Summit Entertainment,110.0
And So It Goes,PG-13,Comedy,2014,"July 25, 2014 (United States)",5.8,13000.0,Rob Reiner,Mark Andrus,Michael Douglas,United States,18000000.0,25419147.0,ASIG Productions,94.0
A Haunted House 2,R,Comedy,2014,"April 18, 2014 (United States)",4.7,20000.0,Michael Tiddes,Marlon Wayans,Marlon Wayans,United States,4000000.0,25358716.0,Baby Way Productions,86.0
The Gambler,R,Crime,2014,"December 25, 2014 (United States)",6.1,68000.0,Rupert Wyatt,William Monahan,Mark Wahlberg,United States,25000000.0,39280992.0,Paramount Pictures,111.0
Cake,R,Drama,2014,"January 23, 2015 (United States)",6.4,36000.0,Daniel Barnz,Patrick Tobin,Jennifer Aniston,United States,7000000.0,2433850.0,Cinelou Films,102.0
"I, Frankenstein",PG-13,Action,2014,"January 24, 2014 (United States)",5.1,79000.0,Stuart Beattie,Stuart Beattie,Aaron Eckhart,United States,65000000.0,76801179.0,Hopscotch Features,92.0
Muppets Most Wanted,PG,Adventure,2014,"March 21, 2014 (United States)",6.4,33000.0,James Bobin,James Bobin,Ricky Gervais,United States,50000000.0,80383113.0,Walt Disney Pictures,107.0
Pawn Sacrifice,PG-13,Biography,2014,"September 25, 2015 (United States)",7.0,42000.0,Edward Zwick,Steven Knight,Tobey Maguire,United States,19000000.0,5578519.0,Gail Katz Productions,115.0
Left Behind,PG-13,Action,2014,"October 3, 2014 (United States)",3.1,38000.0,Vic Armstrong,Paul Lalonde,Nicolas Cage,United States,16000000.0,27405896.0,Stoney Lake Entertainment,110.0
"Alexander and the Terrible, Horrible, No Good, Very Bad Day",PG,Comedy,2014,"October 10, 2014 (United States)",6.2,42000.0,Miguel Arteta,Rob Lieber,Steve Carell,United States,28000000.0,100654149.0,Walt Disney Pictures,81.0
St. Vincent,PG-13,Comedy,2014,"October 24, 2014 (United States)",7.2,98000.0,Theodore Melfi,Theodore Melfi,Bill Murray,United States,13000000.0,54837234.0,Chernin Entertainment,102.0
The Legend of Hercules,PG-13,Action,2014,"January 10, 2014 (United States)",4.2,53000.0,Renny Harlin,Sean Hood,Kellan Lutz,United States,70000000.0,61279452.0,Summit Entertainment,99.0
Step Up All in,PG-13,Drama,2014,"August 8, 2014 (United States)",6.0,33000.0,Trish Sie,Duane Adler,Ryan Guzman,United States,45000000.0,86165646.0,Summit Entertainment,112.0
God's Not Dead,PG,Drama,2014,"March 21, 2014 (United States)",4.7,41000.0,Harold Cronk,Hunter Dennis,Shane Harper,United States,2000000.0,64676349.0,Pure Flix Productions,113.0
Winter's Tale,PG-13,Drama,2014,"February 14, 2014 (United States)",6.2,53000.0,Akiva Goldsman,Akiva Goldsman,Colin Farrell,United States,60000000.0,30800231.0,Village Roadshow Pictures,118.0
Mr. Peabody & Sherman,PG,Animation,2014,"March 7, 2014 (United States)",6.8,65000.0,Rob Minkoff,Jay Ward,Ty Burrell,United States,145000000.0,275698039.0,Bullwinkle Studios,92.0
Tammy,R,Comedy,2014,"July 2, 2014 (United States)",4.9,49000.0,Ben Falcone,Melissa McCarthy,Melissa McCarthy,United States,20000000.0,100375432.0,RatPac-Dune Entertainment,97.0
A Long Way Down,R,Comedy,2014,"June 5, 2014 (United States)",6.4,32000.0,Pascal Chaumeil,Nick Hornby,Pierce Brosnan,United Kingdom,12000000.0,7257942.0,Wildgaze Films,96.0
The Rover,R,Action,2014,"June 20, 2014 (United States)",6.4,46000.0,David Michôd,David Michôd,Guy Pearce,Australia,12000000.0,2510007.0,Porchlight Films,103.0
Lost River,R,Drama,2014,"April 10, 2015 (United States)",5.7,17000.0,Ryan Gosling,Ryan Gosling,Christina Hendricks,United States,2000000.0,615500.0,Bold Films,95.0
Magic in the Moonlight,PG-13,Comedy,2014,"August 15, 2014 (United States)",6.5,66000.0,Woody Allen,Woody Allen,Colin Firth,United States,16800000.0,51029361.0,Gravier Productions,97.0
The Quiet Ones,PG-13,Horror,2014,"April 25, 2014 (United States)",5.1,20000.0,John Pogue,Craig Rosenberg,Jared Harris,United Kingdom,200000.0,17835162.0,Exclusive Media Group,98.0
Barefoot,PG-13,Comedy,2014,"September 4, 2014 (Israel)",6.6,24000.0,Andrew Fleming,Stephen Zotnowski,Evan Rachel Wood,United States,6000000.0,15071.0,WhiteFlame Productions,90.0
No Good Deed,PG-13,Thriller,2014,"September 12, 2014 (United States)",5.6,20000.0,Sam Miller,Aimee Lagos,Taraji P. Henson,United States,13200000.0,54323210.0,Screen Gems,84.0
Serena,R,Drama,2014,"February 26, 2015 (United States)",5.4,28000.0,Susanne Bier,Christopher Kyle,Bradley Cooper,Czech Republic,30000000.0,5092129.0,2929 Productions,109.0
The Duke of Burgundy,Not Rated,Drama,2014,"January 23, 2015 (United States)",6.5,12000.0,Peter Strickland,Peter Strickland,Sidse Babett Knudsen,United Kingdom,1000000.0,185147.0,Rook Films,104.0
Wish I Was Here,R,Comedy,2014,"July 25, 2014 (United States)",6.7,37000.0,Zach Braff,Adam J. Braff,Zach Braff,United States,6000000.0,5670776.0,Worldview Entertainment,106.0
Get on Up,PG-13,Biography,2014,"August 1, 2014 (United States)",6.9,23000.0,Tate Taylor,Jez Butterworth,Chadwick Boseman,United Kingdom,30000000.0,33448971.0,Imagine Entertainment,139.0
Suffragette,PG-13,Drama,2014,"October 12, 2015 (United Kingdom)",6.9,40000.0,Sarah Gavron,Abi Morgan,Carey Mulligan,United Kingdom,14000000.0,31972096.0,Ruby Films,106.0
Ouija,PG-13,Horror,2014,"October 24, 2014 (United States)",4.5,50000.0,Stiles White,Juliet Snowden,Olivia Cooke,United States,5000000.0,103687316.0,Universal Pictures,89.0
Heaven Is for Real,PG,Biography,2014,"April 16, 2014 (United States)",5.8,26000.0,Randall Wallace,Randall Wallace,Greg Kinnear,United States,12000000.0,101982712.0,TriStar Pictures,99.0
While We're Young,R,Comedy,2014,"April 17, 2015 (United States)",6.3,48000.0,Noah Baumbach,Noah Baumbach,Ben Stiller,United States,10000000.0,18117839.0,IAC Films,97.0
Think Like a Man Too,PG-13,Comedy,2014,"June 20, 2014 (United States)",5.8,20000.0,Tim Story,Keith Merryman,Kevin Hart,United States,24000000.0,70181428.0,LStar Capital,106.0
Planes: Fire & Rescue,PG,Animation,2014,"July 18, 2014 (United States)",6.0,17000.0,Roberts Gannaway,Roberts Gannaway,Dane Cook,United States,50000000.0,146965787.0,Disneytoon Studios,83.0
Top Five,R,Comedy,2014,"December 12, 2014 (United States)",6.4,26000.0,Chris Rock,Chris Rock,Chris Rock,United States,12000000.0,26117471.0,IAC Films,102.0
99 Homes,R,Drama,2014,"October 9, 2015 (United States)",7.1,32000.0,Ramin Bahrani,Ramin Bahrani,Andrew Garfield,United States,8000000.0,1828232.0,Broad Green Pictures,112.0
Black or White,PG-13,Drama,2014,"January 30, 2015 (United States)",6.6,12000.0,Mike Binder,Mike Binder,Kevin Costner,United States,9000000.0,21833967.0,BlackWhite,121.0
Laggies,R,Comedy,2014,"October 24, 2014 (United States)",6.4,43000.0,Lynn Shelton,Andrea Seigel,Keira Knightley,United States,5000000.0,2379154.0,Anonymous Content,99.0
Mad Max: Fury Road,R,Action,2015,"May 15, 2015 (United States)",8.1,912000.0,George Miller,George Miller,Tom Hardy,Australia,150000000.0,375658750.0,Warner Bros.,120.0
Avengers: Age of Ultron,PG-13,Action,2015,"May 1, 2015 (United States)",7.3,777000.0,Joss Whedon,Joss Whedon,Robert Downey Jr.,United States,250000000.0,1402809540.0,Marvel Studios,141.0
Crimson Peak,R,Drama,2015,"October 16, 2015 (United States)",6.5,136000.0,Guillermo del Toro,Guillermo del Toro,Mia Wasikowska,Canada,55000000.0,74679822.0,Double Dare You (DDY),119.0
Furious 7,PG-13,Action,2015,"April 3, 2015 (United States)",7.1,370000.0,James Wan,Chris Morgan,Vin Diesel,United States,190000000.0,1515341399.0,Universal Pictures,137.0
The Hateful Eight,R,Crime,2015,"December 30, 2015 (United States)",7.8,539000.0,Quentin Tarantino,Quentin Tarantino,Samuel L. Jackson,United States,44000000.0,156480177.0,Visiona Romantica,168.0
Ant-Man,PG-13,Action,2015,"July 17, 2015 (United States)",7.3,595000.0,Peyton Reed,Edgar Wright,Paul Rudd,United States,130000000.0,519311965.0,Gary Sanchez Productions,117.0
Fifty Shades of Grey,R,Drama,2015,"February 13, 2015 (United States)",4.1,304000.0,Sam Taylor-Johnson,Kelly Marcel,Dakota Johnson,United States,40000000.0,569651467.0,Focus Features,125.0
Sicario,R,Action,2015,"October 2, 2015 (United States)",7.6,386000.0,Denis Villeneuve,Taylor Sheridan,Emily Blunt,United States,30000000.0,84872444.0,Lionsgate,121.0
The Witch,R,Drama,2015,"February 19, 2016 (United States)",6.9,218000.0,Robert Eggers,Robert Eggers,Anya Taylor-Joy,Canada,4000000.0,40423945.0,Parts and Labor,92.0
The Big Short,R,Biography,2015,"December 23, 2015 (United States)",7.8,381000.0,Adam McKay,Charles Randolph,Christian Bale,United States,28000000.0,133440870.0,Paramount Pictures,130.0
Jurassic World,PG-13,Action,2015,"June 12, 2015 (United States)",7.0,593000.0,Colin Trevorrow,Rick Jaffa,Chris Pratt,United States,150000000.0,1670516444.0,Universal Pictures,124.0
The Revenant,R,Action,2015,"January 8, 2016 (United States)",8.0,729000.0,Alejandro G. Iñárritu,Mark L. Smith,Leonardo DiCaprio,United States,135000000.0,532950503.0,New Regency Productions,156.0
The Martian,PG-13,Adventure,2015,"October 2, 2015 (United States)",8.0,783000.0,Ridley Scott,Drew Goddard,Matt Damon,United Kingdom,108000000.0,630162448.0,Twentieth Century Fox,144.0
Room,R,Drama,2015,"January 22, 2016 (United States)",8.1,386000.0,Lenny Abrahamson,Emma Donoghue,Brie Larson,Canada,13000000.0,35401758.0,Element Pictures,118.0
Inside Out,PG,Animation,2015,"June 19, 2015 (United States)",8.1,641000.0,Pete Docter,Pete Docter,Amy Poehler,United States,175000000.0,858848019.0,Pixar Animation Studios,95.0
Spotlight,R,Biography,2015,"November 20, 2015 (United States)",8.1,435000.0,Tom McCarthy,Josh Singer,Mark Ruffalo,United States,20000000.0,98690254.0,Participant,129.0
American Ultra,R,Action,2015,"August 21, 2015 (United States)",6.1,87000.0,Nima Nourizadeh,Max Landis,Jesse Eisenberg,United States,28000000.0,27262374.0,PalmStar Media,96.0
The Man from U.N.C.L.E.,PG-13,Action,2015,"August 14, 2015 (United States)",7.3,286000.0,Guy Ritchie,Guy Ritchie,Henry Cavill,United States,75000000.0,107045109.0,Warner Bros.,116.0
Terminator Genisys,PG-13,Action,2015,"July 1, 2015 (United States)",6.3,264000.0,Alan Taylor,Laeta Kalogridis,Arnold Schwarzenegger,United States,155000000.0,440603537.0,Paramount Pictures,126.0
Cinderella,PG,Drama,2015,"March 13, 2015 (United States)",6.9,165000.0,Kenneth Branagh,Chris Weitz,Lily James,United States,95000000.0,542358331.0,Allison Shearmur Productions,105.0
Star Wars: Episode VII - The Force Awakens,PG-13,Action,2015,"December 18, 2015 (United States)",7.8,876000.0,J.J. Abrams,Lawrence Kasdan,Daisy Ridley,United States,245000000.0,2069521700.0,Lucasfilm,138.0
Spectre,PG-13,Action,2015,"November 6, 2015 (United States)",6.8,393000.0,Sam Mendes,John Logan,Daniel Craig,United Kingdom,245000000.0,880681519.0,B24,148.0
Legend,R,Biography,2015,"November 20, 2015 (United States)",6.9,164000.0,Brian Helgeland,Brian Helgeland,Tom Hardy,United Kingdom,30000000.0,42972994.0,Cross Creek Pictures,132.0
Chappie,R,Action,2015,"March 6, 2015 (United States)",6.8,235000.0,Neill Blomkamp,Neill Blomkamp,Sharlto Copley,South Africa,49000000.0,102811889.0,Columbia Pictures,120.0
Knock Knock,R,Drama,2015,"October 9, 2015 (United States)",4.9,87000.0,Eli Roth,Eli Roth,Keanu Reeves,United States,2500000.0,5567103.0,Black Bear Pictures,99.0
In the Heart of the Sea,PG-13,Action,2015,"December 11, 2015 (United States)",6.9,128000.0,Ron Howard,Charles Leavitt,Chris Hemsworth,United States,100000000.0,93920758.0,Warner Bros.,122.0
The Bronze,R,Comedy,2015,"March 18, 2016 (United States)",6.1,11000.0,Bryan Buckley,Melissa Rauch,Melissa Rauch,United States,3500000.0,615816.0,Duplass Brothers Productions,100.0
The Intern,PG-13,Comedy,2015,"September 25, 2015 (United States)",7.1,231000.0,Nancy Meyers,Nancy Meyers,Robert De Niro,United States,35000000.0,194564672.0,Waverly Films,121.0
The Hunger Games: Mockingjay - Part 2,PG-13,Action,2015,"November 20, 2015 (United States)",6.6,297000.0,Francis Lawrence,Peter Craig,Jennifer Lawrence,United States,160000000.0,658344137.0,Lionsgate,137.0
Everest,PG-13,Action,2015,"September 25, 2015 (United States)",7.1,205000.0,Baltasar Kormákur,William Nicholson,Jason Clarke,United Kingdom,55000000.0,203427584.0,Working Title Films,121.0
Blackhat,R,Action,2015,"January 16, 2015 (United States)",5.4,56000.0,Michael Mann,Morgan Davis Foehl,Chris Hemsworth,United States,70000000.0,19652057.0,Forward Pass,133.0
Spy,R,Action,2015,"June 5, 2015 (United States)",7.0,234000.0,Paul Feig,Paul Feig,Melissa McCarthy,United States,65000000.0,235666219.0,Twentieth Century Fox,120.0
Fantastic Four,PG-13,Action,2015,"August 7, 2015 (United States)",4.2,156000.0,Josh Trank,Jeremy Slater,Miles Teller,United States,120000000.0,167882881.0,Twentieth Century Fox,100.0
Mission: Impossible - Rogue Nation,PG-13,Action,2015,"July 31, 2015 (United States)",7.4,350000.0,Christopher McQuarrie,Bruce Geller,Tom Cruise,United States,150000000.0,682716636.0,Paramount Pictures,131.0
The Visit,PG-13,Horror,2015,"September 11, 2015 (United States)",6.2,119000.0,M. Night Shyamalan,M. Night Shyamalan,Olivia DeJonge,United States,5000000.0,98450062.0,Blinding Edge Pictures,94.0
Vacation,R,Adventure,2015,"July 29, 2015 (United States)",6.1,103000.0,John Francis Daley,Jonathan Goldstein,Ed Helms,United States,31000000.0,107228221.0,BenderSpink,99.0
Creed,PG-13,Drama,2015,"November 25, 2015 (United States)",7.6,254000.0,Ryan Coogler,Ryan Coogler,Michael B. Jordan,United States,35000000.0,173567581.0,Metro-Goldwyn-Mayer (MGM),133.0
The Age of Adaline,PG-13,Drama,2015,"April 24, 2015 (United States)",7.2,160000.0,Lee Toland Krieger,J. Mills Goodloe,Blake Lively,United States,25000000.0,65663276.0,Lakeshore Entertainment,112.0
Black Mass,R,Biography,2015,"September 18, 2015 (United States)",6.9,171000.0,Scott Cooper,Mark Mallouk,Johnny Depp,United States,53000000.0,99775678.0,Cross Creek Pictures,123.0
Focus,R,Comedy,2015,"February 27, 2015 (United States)",6.6,226000.0,Glenn Ficarra,Glenn Ficarra,Will Smith,United States,50100000.0,158762963.0,Kramer & Sigman Films,105.0
Home,PG,Animation,2015,"March 27, 2015 (United States)",6.6,95000.0,Tim Johnson,Tom J. Astle,Jim Parsons,United States,135000000.0,386041607.0,DreamWorks Animation,94.0
Jupiter Ascending,PG-13,Action,2015,"February 6, 2015 (United States)",5.3,182000.0,Lana Wachowski,Lilly Wachowski,Channing Tatum,United States,176000000.0,183887723.0,Warner Bros.,127.0
I Saw the Light,R,Biography,2015,"April 1, 2016 (United States)",5.8,6700.0,Marc Abraham,Marc Abraham,Tom Hiddleston,United States,13000000.0,1767963.0,BRON Studios,123.0
Minions,PG,Animation,2015,"July 10, 2015 (United States)",6.4,218000.0,Kyle Balda,Brian Lynch,Sandra Bullock,United States,74000000.0,1159444662.0,Illumination Entertainment,91.0
Pitch Perfect 2,PG-13,Comedy,2015,"May 15, 2015 (United States)",6.4,146000.0,Elizabeth Banks,Kay Cannon,Anna Kendrick,United States,29000000.0,287144079.0,Brownstone Productions (II),115.0
San Andreas,PG-13,Action,2015,"May 29, 2015 (United States)",6.1,219000.0,Brad Peyton,Carlton Cuse,Dwayne Johnson,United States,110000000.0,473990832.0,New Line Cinema,114.0
Trainwreck,R,Comedy,2015,"July 17, 2015 (United States)",6.2,132000.0,Judd Apatow,Amy Schumer,Amy Schumer,United States,35000000.0,140795793.0,Universal Pictures,125.0
Tomorrowland,PG,Action,2015,"May 22, 2015 (United States)",6.4,175000.0,Brad Bird,Damon Lindelof,George Clooney,United States,190000000.0,209035668.0,Walt Disney Pictures,130.0
Bridge of Spies,PG-13,Drama,2015,"October 16, 2015 (United States)",7.6,295000.0,Steven Spielberg,Matt Charman,Tom Hanks,United States,40000000.0,165478348.0,Dreamworks Pictures,142.0
The Danish Girl,R,Biography,2015,"January 22, 2016 (United States)",7.1,170000.0,Tom Hooper,Lucinda Coxon,Eddie Redmayne,United Kingdom,15000000.0,64191523.0,Working Title Films,119.0
The Divergent Series: Insurgent,PG-13,Action,2015,"March 20, 2015 (United States)",6.2,223000.0,Robert Schwentke,Brian Duffield,Shailene Woodley,United States,110000000.0,297002527.0,Summit Entertainment,119.0
Straight Outta Compton,R,Biography,2015,"August 14, 2015 (United States)",7.8,185000.0,F. Gary Gray,Jonathan Herman,O'Shea Jackson Jr.,United States,28000000.0,201634991.0,Universal Pictures,147.0
Carol,R,Drama,2015,"January 15, 2016 (United States)",7.2,120000.0,Todd Haynes,Phyllis Nagy,Cate Blanchett,United Kingdom,11800000.0,40272135.0,The Weinstein Company,118.0
No Escape,R,Action,2015,"August 26, 2015 (United States)",6.8,81000.0,John Erick Dowdle,John Erick Dowdle,Lake Bell,United States,16200000.0,54418872.0,Bold Films,103.0
The Boy Next Door,R,Thriller,2015,"January 23, 2015 (United States)",4.7,40000.0,Rob Cohen,Barbara Curry,Jennifer Lopez,United States,4000000.0,52425855.0,Universal Pictures,91.0
Southpaw,R,Action,2015,"July 24, 2015 (United States)",7.4,223000.0,Antoine Fuqua,Kurt Sutter,Jake Gyllenhaal,Hong Kong,30000000.0,91970827.0,Escape Artists,124.0
Maze Runner: The Scorch Trials,PG-13,Action,2015,"September 18, 2015 (United States)",6.3,230000.0,Wes Ball,T.S. Nowlin,Dylan O'Brien,United States,61000000.0,312296056.0,Gotham Group,131.0
The Last Witch Hunter,PG-13,Action,2015,"October 23, 2015 (United States)",6.0,98000.0,Breck Eisner,Cory Goodman,Vin Diesel,United States,90000000.0,146936910.0,Summit Entertainment,106.0
Green Room,R,Horror,2015,"May 13, 2016 (United States)",7.0,112000.0,Jeremy Saulnier,Jeremy Saulnier,Anton Yelchin,United States,5000000.0,3769214.0,Broad Green Pictures,95.0
Burnt,R,Comedy,2015,"October 30, 2015 (United States)",6.6,110000.0,John Wells,Steven Knight,Bradley Cooper,United States,20000000.0,36606743.0,3 Arts Entertainment,101.0
The Good Dinosaur,PG,Animation,2015,"November 25, 2015 (United States)",6.7,106000.0,Peter Sohn,Bob Peterson,Jeffrey Wright,United States,200000000.0,332207671.0,Pixar Animation Studios,93.0
The Gift,R,Drama,2015,"August 7, 2015 (United States)",7.0,145000.0,Joel Edgerton,Joel Edgerton,Jason Bateman,United States,5000000.0,58980521.0,Blumhouse Productions,108.0
Point Break,PG-13,Action,2015,"December 25, 2015 (United States)",5.3,60000.0,Ericson Core,Kurt Wimmer,Edgar Ramírez,China,105000000.0,133718711.0,Alcon Entertainment,114.0
Get Hard,R,Comedy,2015,"March 27, 2015 (United States)",6.0,127000.0,Etan Cohen,Jay Martel,Will Ferrell,United States,40000000.0,111711453.0,Gary Sanchez Productions,100.0
Hitman: Agent 47,R,Action,2015,"August 21, 2015 (United States)",5.7,87000.0,Aleksander Bach,Skip Woods,Rupert Friend,United States,35000000.0,82347656.0,Twentieth Century Fox,96.0
Entourage,R,Comedy,2015,"June 3, 2015 (United States)",6.6,77000.0,Doug Ellin,Doug Ellin,Adrian Grenier,United States,30000000.0,49263404.0,Warner Bros.,104.0
Steve Jobs,R,Biography,2015,"October 23, 2015 (United States)",7.2,160000.0,Danny Boyle,Aaron Sorkin,Michael Fassbender,United Kingdom,30000000.0,34441873.0,Universal Pictures,122.0
Scouts Guide to the Zombie Apocalypse,R,Action,2015,"October 30, 2015 (United States)",6.3,47000.0,Christopher Landon,Carrie Lee Wilson,Tye Sheridan,United States,15000000.0,16137046.0,Paramount Pictures,93.0
Hardcore Henry,R,Action,2015,"April 8, 2016 (United States)",6.7,90000.0,Ilya Naishuller,Ilya Naishuller,Sharlto Copley,Russia,2000000.0,16810562.0,Bazelevs Production,96.0
Joy,PG-13,Biography,2015,"December 25, 2015 (United States)",6.6,131000.0,David O. Russell,David O. Russell,Jennifer Lawrence,United States,60000000.0,101134059.0,Fox 2000 Pictures,124.0
Masterminds,PG-13,Biography,2015,"September 30, 2016 (United States)",5.8,52000.0,Jared Hess,Chris Bowman,Zach Galifianakis,United States,25000000.0,29674699.0,Broadway Video,95.0
Brooklyn,PG-13,Drama,2015,"November 25, 2015 (United States)",7.5,135000.0,John Crowley,Nick Hornby,Saoirse Ronan,United Kingdom,11000000.0,62402155.0,Wildgaze Films,117.0
Self/less,PG-13,Action,2015,"July 10, 2015 (United States)",6.5,93000.0,Tarsem Singh,Àlex Pastor,Ryan Reynolds,United States,26000000.0,31807156.0,Focus Features,117.0
Ted 2,R,Comedy,2015,"June 26, 2015 (United States)",6.3,191000.0,Seth MacFarlane,Seth MacFarlane,Mark Wahlberg,United States,68000000.0,215863606.0,Universal Pictures,115.0
Pan,PG,Adventure,2015,"October 9, 2015 (United States)",5.7,62000.0,Joe Wright,Jason Fuchs,Levi Miller,United States,150000000.0,128388320.0,Warner Bros.,111.0
Pixels,PG-13,Action,2015,"July 24, 2015 (United States)",5.5,135000.0,Chris Columbus,Tim Herlihy,Adam Sandler,United States,88000000.0,244874809.0,Columbia Pictures,105.0
Demolition,R,Comedy,2015,"April 8, 2016 (United States)",7.0,93000.0,Jean-Marc Vallée,Bryan Sipe,Jake Gyllenhaal,United States,10000000.0,4366460.0,Black Label Media,101.0
Macbeth,R,Drama,2015,"December 11, 2015 (United States)",6.6,54000.0,Justin Kurzel,Todd Louiso,Michael Fassbender,United Kingdom,15000000.0,16322067.0,See-Saw Films,113.0
Daddy's Home,PG-13,Comedy,2015,"December 25, 2015 (United States)",6.2,112000.0,Sean Anders,Brian Burns,Will Ferrell,United States,50000000.0,242786137.0,Paramount Pictures,96.0
Run All Night,R,Action,2015,"March 13, 2015 (United States)",6.6,105000.0,Jaume Collet-Serra,Brad Ingelsby,Liam Neeson,United States,50000000.0,71561644.0,Warner Bros.,114.0
Mr. Right,R,Action,2015,"April 8, 2016 (United States)",6.4,52000.0,Paco Cabezas,Max Landis,Anna Kendrick,United States,8000000.0,607595.0,Amasia Entertainment,95.0
Magic Mike XXL,R,Comedy,2015,"July 1, 2015 (United States)",5.6,53000.0,Gregory Jacobs,Reid Carolin,Channing Tatum,United States,14800000.0,117813057.0,Warner Bros.,115.0
The DUFF,PG-13,Comedy,2015,"February 20, 2015 (United States)",6.5,87000.0,Ari Sandel,Josh A. Cagan,Mae Whitman,United States,8500000.0,43709744.0,CBS Films,101.0
Trumbo,R,Biography,2015,"November 27, 2015 (United States)",7.5,78000.0,Jay Roach,John McNamara,Bryan Cranston,United States,15000000.0,11430025.0,Bleecker Street Films,124.0
Hotel Transylvania 2,PG,Animation,2015,"September 25, 2015 (United States)",6.7,113000.0,Genndy Tartakovsky,Robert Smigel,Adam Sandler,United States,80000000.0,474800000.0,Columbia Pictures,89.0
The Longest Ride,PG-13,Drama,2015,"April 10, 2015 (United States)",7.1,79000.0,George Tillman Jr.,Nicholas Sparks,Scott Eastwood,United States,34000000.0,62944815.0,Fox 2000 Pictures,123.0
Victor Frankenstein,PG-13,Drama,2015,"November 25, 2015 (United States)",6.0,54000.0,Paul McGuigan,Max Landis,Daniel Radcliffe,United Kingdom,65000000.0,34227298.0,Davis Entertainment,110.0
Insidious: Chapter 3,PG-13,Horror,2015,"June 5, 2015 (United States)",6.1,97000.0,Leigh Whannell,Leigh Whannell,Dermot Mulroney,Canada,10000000.0,112983889.0,Gramercy Pictures (I),97.0
Goosebumps,PG,Adventure,2015,"October 16, 2015 (United States)",6.3,83000.0,Rob Letterman,Darren Lemke,Jack Black,United States,58000000.0,158261424.0,Sony Pictures Animation,103.0
Aloha,PG-13,Comedy,2015,"May 29, 2015 (United States)",5.4,64000.0,Cameron Crowe,Cameron Crowe,Bradley Cooper,United States,37000000.0,26250020.0,Columbia Pictures,105.0
Baahubali: The Beginning,Not Rated,Action,2015,"July 9, 2015 (United States)",8.0,107000.0,S.S. Rajamouli,Vijayendra Prasad,Prabhas,India,18026148.0,24548038.0,Arka Mediaworks,159.0
The Wedding Ringer,R,Comedy,2015,"January 16, 2015 (United States)",6.6,72000.0,Jeremy Garelick,Jeremy Garelick,Kevin Hart,United States,23000000.0,79799880.0,LStar Capital,101.0
Sisters,R,Comedy,2015,"December 18, 2015 (United States)",6.0,64000.0,Jason Moore,Paula Pell,Amy Poehler,United States,30000000.0,105011053.0,Little Stranger,118.0
Secret in Their Eyes,PG-13,Crime,2015,"November 20, 2015 (United States)",6.3,46000.0,Billy Ray,Billy Ray,Chiwetel Ejiofor,United States,19500000.0,34854990.0,IM Global,111.0
Irrational Man,R,Comedy,2015,"August 7, 2015 (United States)",6.6,60000.0,Woody Allen,Woody Allen,Joaquin Phoenix,United States,11000000.0,27391084.0,Gravier Productions,95.0
Wild Card,R,Action,2015,"January 14, 2015 (Belgium)",5.6,53000.0,Simon West,William Goldman,Jason Statham,United States,30000000.0,6738764.0,Lionsgate,92.0
Paper Towns,PG-13,Adventure,2015,"July 24, 2015 (United States)",6.2,98000.0,Jake Schreier,Scott Neustadter,Nat Wolff,United States,12000000.0,85512300.0,Fox 2000 Pictures,109.0
The Lady in the Van,PG-13,Biography,2015,"February 26, 2016 (United States)",6.7,27000.0,Nicholas Hytner,Alan Bennett,Maggie Smith,United Kingdom,6000000.0,41387687.0,BBC Films,104.0
The SpongeBob Movie: Sponge Out of Water,PG,Animation,2015,"February 6, 2015 (United States)",6.0,51000.0,Paul Tibbitt,Jonathan Aibel,Tom Kenny,United States,74000000.0,325186032.0,Paramount Animation,92.0
Child 44,R,Crime,2015,"April 17, 2015 (United Kingdom)",6.5,68000.0,Daniel Espinosa,Richard Price,Tom Hardy,Czech Republic,50000000.0,12951093.0,Summit Entertainment,137.0
Beasts of No Nation,TV-MA,Drama,2015,"October 16, 2015 (United States)",7.7,76000.0,Cary Joji Fukunaga,Cary Joji Fukunaga,Abraham Attah,United States,6000000.0,90777.0,Red Crown Productions,137.0
Me and Earl and the Dying Girl,PG-13,Comedy,2015,"July 1, 2015 (United States)",7.7,126000.0,Alfonso Gomez-Rejon,Jesse Andrews,Thomas Mann,United States,8000000.0,9074749.0,Fox Searchlight Pictures,105.0
Concussion,PG-13,Biography,2015,"December 25, 2015 (United States)",7.1,89000.0,Peter Landesman,Peter Landesman,Will Smith,United Kingdom,35000000.0,48623572.0,LStar Capital,123.0
The Diary of a Teenage Girl,R,Comedy,2015,"August 28, 2015 (United States)",6.9,30000.0,Marielle Heller,Phoebe Gloeckner,Bel Powley,United States,2000000.0,1775133.0,Caviar,102.0
The Walk,PG,Action,2015,"October 9, 2015 (United States)",7.3,123000.0,Robert Zemeckis,Robert Zemeckis,Joseph Gordon-Levitt,United States,35000000.0,61181942.0,Sony Pictures Entertainment (SPE),123.0
Tangerine,R,Comedy,2015,"July 10, 2015 (United States)",7.1,28000.0,Sean Baker,Sean Baker,Kitana Kiki Rodriguez,United States,100000.0,828874.0,Duplass Brothers Productions,88.0
A Walk in the Woods,R,Adventure,2015,"September 2, 2015 (United States)",6.4,26000.0,Ken Kwapis,Michael Arndt,Robert Redford,United States,8000000.0,37461274.0,Route One Entertainment,104.0
Sinister 2,R,Horror,2015,"August 21, 2015 (United States)",5.3,50000.0,Ciarán Foy,Scott Derrickson,James Ransone,United States,10000000.0,53329150.0,Entertainment One,97.0
Anomalisa,R,Animation,2015,"March 11, 2016 (United Kingdom)",7.3,68000.0,Duke Johnson,Charlie Kaufman,David Thewlis,United Kingdom,8000000.0,5659286.0,Paramount Animation,90.0
Mississippi Grind,R,Comedy,2015,"August 13, 2015 (United States)",6.4,22000.0,Anna Boden,Anna Boden,Ben Mendelsohn,United States,6000000.0,422746.0,Sycamore Pictures,108.0
Woman in Gold,PG-13,Biography,2015,"April 10, 2015 (United States)",7.3,56000.0,Simon Curtis,Alexi Kaye Campbell,Helen Mirren,United Kingdom,11000000.0,61619773.0,Origin Pictures,109.0
Eddie the Eagle,PG-13,Biography,2015,"February 26, 2016 (United States)",7.4,88000.0,Dexter Fletcher,Simon Kelton,Taron Egerton,United Kingdom,23000000.0,46152800.0,Hurwitz Creative,106.0
Eye in the Sky,R,Action,2015,"April 1, 2016 (United States)",7.3,81000.0,Gavin Hood,Guy Hibbert,Helen Mirren,United Kingdom,13000000.0,35259653.0,Raindog Films,102.0
The Second Best Exotic Marigold Hotel,PG,Comedy,2015,"March 6, 2015 (United States)",6.6,32000.0,John Madden,Ol Parker,Judi Dench,United Kingdom,10000000.0,85978292.0,Blueprint Pictures,122.0
Poltergeist,PG-13,Horror,2015,"May 22, 2015 (United States)",4.9,56000.0,Gil Kenan,David Lindsay-Abaire,Sam Rockwell,United States,35000000.0,95437994.0,Fox 2000 Pictures,93.0
The Meddler,PG-13,Comedy,2015,"June 3, 2016 (Spain)",6.3,12000.0,Lorene Scafaria,Lorene Scafaria,Susan Sarandon,United States,3200000.0,5425148.0,Anonymous Content,103.0
We Are Your Friends,R,Drama,2015,"August 28, 2015 (United States)",6.2,37000.0,Max Joseph,Max Joseph,Zac Efron,United Kingdom,2000000.0,11122090.0,StudioCanal,96.0
Grandma,R,Comedy,2015,"September 18, 2015 (United States)",6.7,15000.0,Paul Weitz,Paul Weitz,Lily Tomlin,United States,600000.0,7205073.0,Depth of Field,79.0
By the Sea,R,Drama,2015,"December 9, 2015 (France)",5.3,19000.0,Angelina Jolie,Angelina Jolie,Brad Pitt,France,10000000.0,3334927.0,Universal Pictures,122.0
Mortdecai,R,Action,2015,"January 23, 2015 (United States)",5.5,69000.0,David Koepp,Eric Aronson,Johnny Depp,United Kingdom,60000000.0,47275717.0,MWM Studios,107.0
Project Almanac,PG-13,Drama,2015,"January 30, 2015 (United States)",6.4,77000.0,Dean Israelite,Jason Pagan,Amy Landecker,United States,12000000.0,33213241.0,Insurge Pictures,106.0
The Man Who Knew Infinity,PG-13,Biography,2015,"April 29, 2016 (United States)",7.2,53000.0,Matt Brown,Matt Brown,Dev Patel,United Kingdom,10000000.0,12252684.0,Pressman Film,108.0
Z for Zachariah,PG-13,Drama,2015,"August 13, 2015 (Denmark)",6.0,29000.0,Craig Zobel,Nissar Modi,Chiwetel Ejiofor,Iceland,7500000.0,381839.0,Silver Reel,98.0
Equals,PG-13,Drama,2015,"May 26, 2016 (United States)",6.1,29000.0,Drake Doremus,Nathan Parker,Nicholas Hoult,United States,16000000.0,2084628.0,Freedom Media,101.0
Dope,R,Adventure,2015,"June 19, 2015 (United States)",7.2,82000.0,Rick Famuyiwa,Rick Famuyiwa,Shameik Moore,United States,7000000.0,17986781.0,i am OTHER,103.0
Hot Pursuit,PG-13,Action,2015,"May 8, 2015 (United States)",5.2,49000.0,Anne Fletcher,David Feeney,Reese Witherspoon,United States,35000000.0,51380201.0,Metro-Goldwyn-Mayer (MGM),87.0
Krampus,PG-13,Comedy,2015,"December 4, 2015 (United States)",6.2,66000.0,Michael Dougherty,Todd Casey,Adam Scott,United States,15000000.0,61548707.0,Legendary Entertainment,98.0
The Gunman,R,Action,2015,"March 20, 2015 (United States)",5.8,40000.0,Pierre Morel,Jean-Patrick Manchette,Sean Penn,United States,40000000.0,24177137.0,Open Road Films (II),115.0
The Night Before,R,Comedy,2015,"November 20, 2015 (United States)",6.4,68000.0,Jonathan Levine,Jonathan Levine,Joseph Gordon-Levitt,United States,25000000.0,52395996.0,Columbia Pictures,101.0
90 Minutes in Heaven,PG-13,Drama,2015,"September 11, 2015 (United States)",4.8,3500.0,Michael Polish,Michael Polish,Kate Bosworth,United States,5000000.0,4842699.0,Astute Films,121.0
Ip Man 3,PG-13,Action,2015,"December 24, 2015 (Hong Kong)",7.1,51000.0,Wilson Yip,Tai-lee Chan,Donnie Yen,China,36000000.0,157029618.0,Golden Harvest Company,105.0
"McFarland, USA",PG,Biography,2015,"February 20, 2015 (United States)",7.4,36000.0,Niki Caro,Christopher Cleveland,Kevin Costner,United States,17000000.0,45710059.0,Mayhem Pictures,129.0
The Peanuts Movie,G,Animation,2015,"November 6, 2015 (United States)",7.1,43000.0,Steve Martino,Craig Schulz,Noah Schnapp,United States,99000000.0,246233113.0,Twentieth Century Fox Animation,88.0
Rock the Kasbah,R,Comedy,2015,"October 23, 2015 (United States)",5.5,11000.0,Barry Levinson,Mitch Glazer,Bill Murray,United States,15000000.0,3394174.0,Covert Media,106.0
The Sea of Trees,PG-13,Drama,2015,"August 26, 2016 (United States)",6.1,15000.0,Gus Van Sant,Chris Sparling,Matthew McConaughey,United States,25000000.0,906995.0,Bloom,110.0
Alvin and the Chipmunks: The Road Chip,PG,Animation,2015,"December 18, 2015 (United States)",5.0,18000.0,Walt Becker,Ross Bagdasarian,Jason Lee,United States,90000000.0,234798636.0,Fox 2000 Pictures,92.0
The Lazarus Effect,PG-13,Horror,2015,"February 27, 2015 (United States)",5.2,42000.0,David Gelb,Luke Dawson,Olivia Wilde,United States,3300000.0,38356892.0,Blumhouse Productions,83.0
Love the Coopers,PG-13,Comedy,2015,"November 13, 2015 (United States)",5.8,22000.0,Jessie Nelson,Steven Rogers,Steve Martin,United States,17000000.0,42426912.0,CBS Films,107.0
The 33,PG-13,Biography,2015,"November 13, 2015 (United States)",6.9,37000.0,Patricia Riggen,Mikko Alanne,Antonio Banderas,Chile,26000000.0,27972023.0,Alcon Entertainment,127.0
The Little Prince,PG,Animation,2015,"August 5, 2016 (United States)",7.7,58000.0,Mark Osborne,Irena Brignull,Jeff Bridges,France,81200000.0,97571250.0,Onyx Films,108.0
Louder Than Bombs,R,Drama,2015,"October 2, 2015 (Norway)",6.6,12000.0,Joachim Trier,Joachim Trier,Jesse Eisenberg,Norway,11000000.0,1160724.0,Motlys,109.0
The Gallows,R,Horror,2015,"July 10, 2015 (United States)",4.3,20000.0,Travis Cluff,Chris Lofing,Reese Mishler,United States,100000.0,42964410.0,New Line Cinema,81.0
Slow West,R,Action,2015,"April 16, 2015 (United States)",6.9,44000.0,John Maclean,John Maclean,Kodi Smit-McPhee,United Kingdom,2000000.0,1295574.0,Film4,84.0
Cop Car,R,Crime,2015,"August 7, 2015 (United States)",6.3,31000.0,Jon Watts,Jon Watts,Kevin Bacon,United States,800000.0,143658.0,Audax Films,88.0
Jem and the Holograms,PG,Adventure,2015,"October 23, 2015 (United States)",4.2,7500.0,Jon M. Chu,Ryan Landels,Aubrey Peeples,United States,5000000.0,2333684.0,Allspark Pictures,118.0
Captive,PG-13,Action,2015,"September 18, 2015 (United States)",5.4,6500.0,Jerry Jameson,Brian Bird,Kate Mara,United States,2000000.0,2801508.0,BN Films,97.0
Our Brand Is Crisis,R,Comedy,2015,"October 30, 2015 (United States)",6.1,21000.0,David Gordon Green,Rachel Boynton,Sandra Bullock,United States,28000000.0,8527658.0,Fortis Films,107.0
Unfinished Business,R,Comedy,2015,"March 6, 2015 (United States)",5.4,33000.0,Ken Scott,Steve Conrad,Vince Vaughn,United States,35000000.0,14431253.0,New Regency Productions,91.0
Hot Tub Time Machine 2,R,Comedy,2015,"February 20, 2015 (United States)",5.1,38000.0,Steve Pink,Josh Heald,Rob Corddry,United States,14000000.0,13081651.0,Paramount Pictures,93.0
"Hello, My Name Is Doris",R,Comedy,2015,"April 1, 2016 (United States)",6.6,19000.0,Michael Showalter,Laura Terruso,Sally Field,United States,1000000.0,14659448.0,Red Crown Productions,90.0
Ricki and the Flash,PG-13,Comedy,2015,"August 7, 2015 (United States)",5.9,23000.0,Jonathan Demme,Diablo Cody,Meryl Streep,United States,18000000.0,41325328.0,Clinica Estetico,101.0
Danny Collins,R,Biography,2015,"April 10, 2015 (United States)",7.0,30000.0,Dan Fogelman,Dan Fogelman,Al Pacino,United States,10000000.0,10835752.0,Big Indie Pictures,106.0
Mr. Holmes,PG,Drama,2015,"July 24, 2015 (United States)",6.9,62000.0,Bill Condon,Mitch Cullin,Ian McKellen,United Kingdom,11000000.0,29355203.0,Miramax,104.0
Paul Blart: Mall Cop 2,PG,Action,2015,"April 17, 2015 (United States)",4.4,35000.0,Andy Fickman,Kevin James,Kevin James,United States,30000000.0,107588225.0,Columbia Pictures,94.0
War Room,PG,Drama,2015,"August 28, 2015 (United States)",6.5,14000.0,Alex Kendrick,Alex Kendrick,Priscilla C. Shirer,United States,3000000.0,73256266.0,FaithStep Films,120.0
Dragon Blade,R,Action,2015,"September 4, 2015 (United States)",6.0,19000.0,Daniel Lee,Daniel Lee,Jackie Chan,China,65000000.0,122606884.0,Sparkle Roll Media,127.0
Mother's Day,PG-13,Comedy,2016,"April 29, 2016 (United States)",5.7,35000.0,Garry Marshall,Anya Kochoff,Jennifer Aniston,United States,25000000.0,48782670.0,Open Road Films (II),118.0
Suicide Squad,PG-13,Action,2016,"August 5, 2016 (United States)",5.9,625000.0,David Ayer,David Ayer,Will Smith,United States,175000000.0,746846894.0,Atlas Entertainment,123.0
The Magnificent Seven,PG-13,Action,2016,"September 23, 2016 (United States)",6.9,191000.0,Antoine Fuqua,Akira Kurosawa,Denzel Washington,United States,90000000.0,162360636.0,Metro-Goldwyn-Mayer (MGM),132.0
Captain America: Civil War,PG-13,Action,2016,"May 6, 2016 (United States)",7.8,694000.0,Anthony Russo,Christopher Markus,Chris Evans,United States,250000000.0,1153337496.0,Marvel Studios,147.0
Warcraft,PG-13,Action,2016,"June 10, 2016 (United States)",6.8,249000.0,Duncan Jones,Charles Leavitt,Travis Fimmel,China,160000000.0,439048914.0,Legendary Entertainment,123.0
Deadpool,R,Action,2016,"February 12, 2016 (United States)",8.0,932000.0,Tim Miller,Rhett Reese,Ryan Reynolds,United States,58000000.0,782836791.0,Twentieth Century Fox,108.0
Doctor Strange,PG-13,Action,2016,"November 4, 2016 (United States)",7.5,628000.0,Scott Derrickson,Jon Spaihts,Benedict Cumberbatch,United States,165000000.0,677796076.0,Marvel Studios,115.0
Split,PG-13,Horror,2016,"January 20, 2017 (United States)",7.3,446000.0,M. Night Shyamalan,M. Night Shyamalan,James McAvoy,United States,9000000.0,278454417.0,Universal Pictures,117.0
Me Before You,PG-13,Drama,2016,"June 3, 2016 (United States)",7.4,220000.0,Thea Sharrock,Jojo Moyes,Emilia Clarke,United Kingdom,20000000.0,208314186.0,Metro-Goldwyn-Mayer (MGM),106.0
Don't Breathe,R,Crime,2016,"August 26, 2016 (United States)",7.1,235000.0,Fede Alvarez,Fede Alvarez,Stephen Lang,United States,9900000.0,157830487.0,Screen Gems,88.0
Moana,PG,Animation,2016,"November 23, 2016 (United States)",7.6,289000.0,Directors,Jared Bush,Auli'i Cravalho,United States,150000000.0,644411850.0,Hurwitz Creative,107.0
Arrival,PG-13,Drama,2016,"November 11, 2016 (United States)",7.9,621000.0,Denis Villeneuve,Eric Heisserer,Amy Adams,United States,47000000.0,203388186.0,Lava Bear Films,116.0
X-Men: Apocalypse,PG-13,Action,2016,"May 27, 2016 (United States)",6.9,404000.0,Bryan Singer,Simon Kinberg,James McAvoy,United States,178000000.0,543934105.0,Twentieth Century Fox,144.0
Captain Fantastic,R,Comedy,2016,"July 29, 2016 (United States)",7.9,201000.0,Matt Ross,Matt Ross,Viggo Mortensen,United States,5000000.0,23123592.0,Electric City Entertainment,118.0
Star Trek Beyond,PG-13,Action,2016,"July 22, 2016 (United States)",7.0,234000.0,Justin Lin,Simon Pegg,Chris Pine,United States,185000000.0,343471816.0,Paramount Pictures,122.0
Sing,PG,Animation,2016,"December 21, 2016 (United States)",7.1,140000.0,Garth Jennings,Garth Jennings,Matthew McConaughey,United States,75000000.0,634208384.0,Dentsu,108.0
La La Land,PG-13,Comedy,2016,"December 25, 2016 (United States)",8.0,527000.0,Damien Chazelle,Damien Chazelle,Ryan Gosling,United States,30000000.0,448906865.0,Summit Entertainment,128.0
The Conjuring 2,R,Horror,2016,"June 10, 2016 (United States)",7.3,242000.0,James Wan,Chad Hayes,Vera Farmiga,Canada,40000000.0,321788219.0,New Line Cinema,134.0
Passengers,PG-13,Drama,2016,"December 21, 2016 (United States)",7.0,364000.0,Morten Tyldum,Jon Spaihts,Jennifer Lawrence,United States,110000000.0,303144152.0,Columbia Pictures,116.0
Zootopia,PG,Animation,2016,"March 4, 2016 (United States)",8.0,450000.0,Byron Howard,Byron Howard,Ginnifer Goodwin,United States,150000000.0,1024121104.0,Walt Disney Pictures,108.0
The Huntsman: Winter's War,PG-13,Action,2016,"April 22, 2016 (United States)",6.1,101000.0,Cedric Nicolas-Troyan,Evan Spiliotopoulos,Chris Hemsworth,United States,115000000.0,164989338.0,Universal Pictures,114.0
Hacksaw Ridge,R,Biography,2016,"November 4, 2016 (United States)",8.1,457000.0,Mel Gibson,Robert Schenkkan,Andrew Garfield,Australia,40000000.0,180563636.0,Summit Entertainment,139.0
13 Hours,R,Action,2016,"January 15, 2016 (United States)",7.3,126000.0,Michael Bay,Chuck Hogan,John Krasinski,United States,50000000.0,69411370.0,Paramount Pictures,144.0
Nocturnal Animals,R,Drama,2016,"December 9, 2016 (United States)",7.5,248000.0,Tom Ford,Tom Ford,Amy Adams,United States,22500000.0,30311857.0,Focus Features,116.0
Rogue One: A Star Wars Story,PG-13,Action,2016,"December 16, 2016 (United States)",7.8,572000.0,Gareth Edwards,Chris Weitz,Felicity Jones,United States,200000000.0,1056057720.0,Lucasfilm,133.0
Batman v Superman: Dawn of Justice,PG-13,Action,2016,"March 25, 2016 (United States)",6.4,655000.0,Zack Snyder,Chris Terrio,Ben Affleck,United States,250000000.0,873637528.0,Warner Bros.,152.0
Kung Fu Panda 3,PG,Animation,2016,"January 29, 2016 (United States)",7.1,141000.0,Alessandro Carloni,Jonathan Aibel,Jack Black,United States,145000000.0,521170825.0,China Film Group Corporation (CFGC),95.0
The Nice Guys,R,Action,2016,"May 20, 2016 (United States)",7.4,294000.0,Shane Black,Shane Black,Russell Crowe,United States,50000000.0,62788218.0,Warner Bros.,116.0
Independence Day: Resurgence,PG-13,Action,2016,"June 24, 2016 (United States)",5.2,171000.0,Roland Emmerich,Nicolas Wright,Liam Hemsworth,United States,165000000.0,389681935.0,Twentieth Century Fox,120.0
Miss Peregrine's Home for Peculiar Children,PG-13,Adventure,2016,"September 30, 2016 (United States)",6.7,160000.0,Tim Burton,Ransom Riggs,Eva Green,United States,110000000.0,296482446.0,Twentieth Century Fox,127.0
Fantastic Beasts and Where to Find Them,PG-13,Adventure,2016,"November 18, 2016 (United States)",7.3,422000.0,David Yates,J.K. Rowling,Eddie Redmayne,United Kingdom,180000000.0,814044001.0,Heyday Films,132.0
Resident Evil: The Final Chapter,R,Action,2016,"January 27, 2017 (United States)",5.5,87000.0,Paul W.S. Anderson,Paul W.S. Anderson,Milla Jovovich,United States,40000000.0,312242626.0,Screen Gems,107.0
Criminal,R,Action,2016,"April 15, 2016 (United States)",6.3,62000.0,Ariel Vromen,Douglas Cook,Kevin Costner,United States,31500000.0,38803993.0,Summit Entertainment,113.0
Underworld: Blood Wars,R,Action,2016,"January 6, 2017 (United States)",5.8,72000.0,Anna Foerster,Cory Goodman,Kate Beckinsale,United States,35000000.0,81093313.0,Screen Gems,91.0
The Shallows,PG-13,Action,2016,"June 24, 2016 (United States)",6.3,124000.0,Jaume Collet-Serra,Anthony Jaswinski,Blake Lively,United States,17000000.0,119100758.0,Columbia Pictures,86.0
Hidden Figures,PG,Biography,2016,"January 6, 2017 (United States)",7.8,209000.0,Theodore Melfi,Allison Schroeder,Taraji P. Henson,United States,25000000.0,236225193.0,Fox 2000 Pictures,127.0
Sausage Party,R,Animation,2016,"August 12, 2016 (United States)",6.1,181000.0,Greg Tiernan,Kyle Hunter,Seth Rogen,United States,19000000.0,140705322.0,Annapurna Pictures,89.0
The Girl on the Train,R,Crime,2016,"October 7, 2016 (United States)",6.5,176000.0,Tate Taylor,Erin Cressida Wilson,Emily Blunt,United States,45000000.0,173185859.0,Dreamworks Pictures,112.0
Hell or High Water,R,Action,2016,"August 26, 2016 (United States)",7.6,211000.0,David Mackenzie,Taylor Sheridan,Chris Pine,United States,12000000.0,37879877.0,CBS Films,102.0
The Purge: Election Year,R,Action,2016,"July 1, 2016 (United States)",6.0,93000.0,James DeMonaco,James DeMonaco,Frank Grillo,United States,10000000.0,118587880.0,Universal Pictures,108.0
Ghostbusters,PG-13,Action,2016,"July 15, 2016 (United States)",6.7,209000.0,Paul Feig,Katie Dippold,Melissa McCarthy,United States,144000000.0,229147509.0,Columbia Pictures,117.0
The Accountant,R,Action,2016,"October 14, 2016 (United States)",7.3,271000.0,Gavin O'Connor,Bill Dubuque,Ben Affleck,United States,44000000.0,155160045.0,Warner Bros.,128.0
The Neon Demon,R,Horror,2016,"June 24, 2016 (United States)",6.2,87000.0,Nicolas Winding Refn,Nicolas Winding Refn,Elle Fanning,United States,7000000.0,3377430.0,Space Rocket Nation,117.0
Moonlight,R,Drama,2016,"November 18, 2016 (United States)",7.4,284000.0,Barry Jenkins,Barry Jenkins,Mahershala Ali,United States,4000000.0,65336603.0,A24,111.0
Jason Bourne,PG-13,Action,2016,"July 29, 2016 (United States)",6.6,213000.0,Paul Greengrass,Paul Greengrass,Matt Damon,United States,120000000.0,415484914.0,Universal Pictures,123.0
Manchester by the Sea,R,Drama,2016,"December 16, 2016 (United States)",7.8,257000.0,Kenneth Lonergan,Kenneth Lonergan,Casey Affleck,United States,9000000.0,78988148.0,Amazon Studios,137.0
Central Intelligence,PG-13,Action,2016,"June 17, 2016 (United States)",6.3,166000.0,Rawson Marshall Thurber,Ike Barinholtz,Dwayne Johnson,United States,50000000.0,216972543.0,New Line Cinema,107.0
War Dogs,R,Biography,2016,"August 19, 2016 (United States)",7.1,188000.0,Todd Phillips,Stephen Chin,Jonah Hill,United States,40000000.0,86234523.0,BZ Entertainment,114.0
The Legend of Tarzan,PG-13,Action,2016,"July 1, 2016 (United States)",6.2,168000.0,David Yates,Adam Cozad,Alexander Skarsgård,United Kingdom,180000000.0,356700357.0,Village Roadshow Pictures,110.0
Silence,R,Drama,2016,"January 13, 2017 (United States)",7.2,104000.0,Martin Scorsese,Jay Cocks,Andrew Garfield,United States,46000000.0,23834809.0,SharpSword Films,161.0
Gods of Egypt,PG-13,Action,2016,"February 26, 2016 (United States)",5.4,110000.0,Alex Proyas,Matt Sazama,Brenton Thwaites,United States,140000000.0,150680864.0,Pyramania,127.0
The Founder,PG-13,Biography,2016,"January 20, 2017 (United States)",7.2,134000.0,John Lee Hancock,Robert Siegel,Michael Keaton,United States,25000000.0,24121245.0,The Weinstein Company,115.0
Inferno,PG-13,Action,2016,"October 28, 2016 (United States)",6.2,165000.0,Ron Howard,Dan Brown,Tom Hanks,United States,75000000.0,220021259.0,Columbia Pictures,121.0
Now You See Me 2,PG-13,Action,2016,"June 10, 2016 (United States)",6.5,260000.0,Jon M. Chu,Ed Solomon,Jesse Eisenberg,United States,90000000.0,334897606.0,Summit Entertainment,129.0
Miss Sloane,R,Drama,2016,"December 9, 2016 (United States)",7.5,68000.0,John Madden,Jonathan Perera,Jessica Chastain,France,13000000.0,9101546.0,EuropaCorp,132.0
The Jungle Book,PG,Adventure,2016,"April 15, 2016 (United States)",7.4,264000.0,Jon Favreau,Justin Marks,Neel Sethi,United Kingdom,175000000.0,966554929.0,Fairview Entertainment,106.0
10 Cloverfield Lane,PG-13,Action,2016,"March 11, 2016 (United States)",7.2,300000.0,Dan Trachtenberg,Josh Campbell,John Goodman,United States,15000000.0,110216998.0,Paramount Pictures,103.0
The Lost City of Z,PG-13,Biography,2016,"April 21, 2017 (United States)",6.6,83000.0,James Gray,James Gray,Charlie Hunnam,United States,30000000.0,19263938.0,Keep Your Head,141.0
Finding Dory,PG,Animation,2016,"June 17, 2016 (United States)",7.3,250000.0,Andrew Stanton,Andrew Stanton,Ellen DeGeneres,United States,200000000.0,1028570942.0,Pixar Animation Studios,97.0
Lion,PG-13,Biography,2016,"January 6, 2017 (United States)",8.0,221000.0,Garth Davis,Saroo Brierley,Dev Patel,United Kingdom,12000000.0,140853810.0,The Weinstein Company,118.0
Lights Out,PG-13,Drama,2016,"July 22, 2016 (United States)",6.3,119000.0,David F. Sandberg,Eric Heisserer,Teresa Palmer,United States,4900000.0,148868835.0,New Line Cinema,81.0
Meet the Blacks,R,Comedy,2016,"April 1, 2016 (United States)",4.8,36000.0,Deon Taylor,Deon Taylor,Mike Epps,United States,900000.0,9097072.0,Hidden Empire Film Group (HEFG),94.0
Allied,R,Action,2016,"November 23, 2016 (United States)",7.1,146000.0,Robert Zemeckis,Steven Knight,Brad Pitt,United Kingdom,85000000.0,119520023.0,Paramount Pictures,124.0
Jack Reacher: Never Go Back,PG-13,Action,2016,"October 21, 2016 (United States)",6.1,144000.0,Edward Zwick,Richard Wenk,Tom Cruise,China,60000000.0,162146076.0,Paramount Pictures,118.0
Bridget Jones's Baby,R,Comedy,2016,"September 16, 2016 (United States)",6.5,71000.0,Sharon Maguire,Helen Fielding,Renée Zellweger,United States,35000000.0,211952420.0,Universal Pictures,123.0
How to Be Single,R,Comedy,2016,"February 12, 2016 (United States)",6.1,83000.0,Christian Ditter,Abby Kohn,Dakota Johnson,United States,38000000.0,112343513.0,New Line Cinema,110.0
Snowden,R,Biography,2016,"September 16, 2016 (United States)",7.3,143000.0,Oliver Stone,Kieran Fitzgerald,Joseph Gordon-Levitt,United Kingdom,40000000.0,37357216.0,Endgame Entertainment,134.0
The Bad Batch,R,Action,2016,"June 23, 2017 (United States)",5.3,28000.0,Ana Lily Amirpour,Ana Lily Amirpour,Suki Waterhouse,United States,6000000.0,201890.0,Human Stew Factory,118.0
Triple 9,R,Action,2016,"February 26, 2016 (United States)",6.3,69000.0,John Hillcoat,Matt Cook,Casey Affleck,United States,20000000.0,23177948.0,Worldview Entertainment,115.0
Deepwater Horizon,PG-13,Action,2016,"September 30, 2016 (United States)",7.1,157000.0,Peter Berg,Matthew Michael Carnahan,Mark Wahlberg,United States,110000000.0,121790373.0,Summit Entertainment,107.0
Sully,PG-13,Biography,2016,"September 9, 2016 (United States)",7.4,248000.0,Clint Eastwood,Todd Komarnicki,Tom Hanks,United States,60000000.0,240797623.0,Flashlight Films,96.0
Morgan,R,Action,2016,"September 2, 2016 (United States)",5.8,41000.0,Luke Scott,Seth W. Owen,Kate Mara,United States,8000000.0,8809407.0,Burk A Project,92.0
Pride and Prejudice and Zombies,PG-13,Action,2016,"February 5, 2016 (United States)",5.8,53000.0,Burr Steers,Burr Steers,Lily James,United States,28000000.0,16457494.0,Cross Creek Pictures,108.0
The Infiltrator,R,Biography,2016,"July 13, 2016 (United States)",7.0,71000.0,Brad Furman,Ellen Furman,Bryan Cranston,United Kingdom,28000000.0,21011110.0,George Films,127.0
The Edge of Seventeen,R,Comedy,2016,"November 18, 2016 (United States)",7.3,110000.0,Kelly Fremon Craig,Kelly Fremon Craig,Hailee Steinfeld,United States,9000000.0,19370020.0,Gracie Films,104.0
A Cure for Wellness,R,Drama,2016,"February 17, 2017 (United States)",6.4,90000.0,Gore Verbinski,Justin Haythe,Dane DeHaan,United States,40000000.0,26620002.0,New Regency Productions,146.0
London Has Fallen,R,Action,2016,"March 4, 2016 (United States)",5.9,149000.0,Babak Najafi,Creighton Rothenberger,Gerard Butler,United States,60000000.0,205754447.0,Millennium Films,99.0
Dirty Grandpa,R,Comedy,2016,"January 22, 2016 (United States)",5.9,117000.0,Dan Mazer,John Phillips,Robert De Niro,United States,25000000.0,94073028.0,Lionsgate,102.0
"Hail, Caesar!",PG-13,Comedy,2016,"February 5, 2016 (United States)",6.3,127000.0,Ethan Coen,Joel Coen,Josh Brolin,United States,22000000.0,63945241.0,Universal Pictures,106.0
The 5th Wave,PG-13,Action,2016,"January 22, 2016 (United States)",5.2,103000.0,J Blakeson,Susannah Grant,Chloë Grace Moretz,United States,38000000.0,109906372.0,Columbia Pictures,112.0
Trolls,PG,Animation,2016,"November 4, 2016 (United States)",6.5,75000.0,Mike Mitchell,Jonathan Aibel,Anna Kendrick,United States,125000000.0,346864886.0,DreamWorks Animation,92.0
Allegiant,PG-13,Action,2016,"March 18, 2016 (United States)",5.7,113000.0,Robert Schwentke,Noah Oppenheim,Shailene Woodley,United States,110000000.0,179246868.0,Mandeville Films,120.0
Paterson,R,Comedy,2016,"December 28, 2016 (United States)",7.4,74000.0,Jim Jarmusch,Jim Jarmusch,Adam Driver,France,5000000.0,9588282.0,K5 International,118.0
Swiss Army Man,R,Comedy,2016,"July 1, 2016 (United States)",7.0,109000.0,Dan Kwan,Daniel Scheinert,Paul Dano,United States,3000000.0,4935501.0,Astrakan Films,97.0
The Great Wall,PG-13,Action,2016,"February 17, 2017 (United States)",5.9,128000.0,Yimou Zhang,Carlo Bernard,Matt Damon,United States,150000000.0,334933831.0,Legendary East,103.0
Mike and Dave Need Wedding Dates,R,Comedy,2016,"July 8, 2016 (United States)",6.0,85000.0,Jake Szymanski,Andrew Jay Cohen,Zac Efron,United States,33000000.0,77068246.0,Twentieth Century Fox,98.0
Bad Moms,R,Comedy,2016,"July 29, 2016 (United States)",6.2,117000.0,Jon Lucas,Jon Lucas,Mila Kunis,United States,20000000.0,183936074.0,STX Entertainment,100.0
Collateral Beauty,PG-13,Drama,2016,"December 16, 2016 (United States)",6.8,95000.0,David Frankel,Allan Loeb,Will Smith,United States,36000000.0,88528280.0,New Line Cinema,97.0
The Boy,PG-13,Horror,2016,"January 22, 2016 (United States)",6.0,84000.0,William Brent Bell,Stacey Menear,Lauren Cohan,United States,10000000.0,73929392.0,Lakeshore Entertainment,97.0
Fences,PG-13,Drama,2016,"December 25, 2016 (United States)",7.2,101000.0,Denzel Washington,August Wilson,Denzel Washington,United States,24000000.0,64414761.0,BRON Studios,139.0
Alice Through the Looking Glass,PG,Adventure,2016,"May 27, 2016 (United States)",6.2,98000.0,James Bobin,Linda Woolverton,Mia Wasikowska,United States,170000000.0,299820798.0,Walt Disney Pictures,113.0
The Brothers Grimsby,R,Action,2016,"March 11, 2016 (United States)",6.2,96000.0,Louis Leterrier,Sacha Baron Cohen,Sacha Baron Cohen,United Kingdom,35000000.0,27979040.0,Blue Sky Films,83.0
Ice Age: Collision Course,PG,Animation,2016,"July 22, 2016 (United States)",5.7,60000.0,Mike Thurmeier,Michael J. Wilson,Ray Romano,United States,105000000.0,408754975.0,Blue Sky Studios,94.0
Patriots Day,R,Action,2016,"January 13, 2017 (United States)",7.4,96000.0,Peter Berg,Peter Berg,Mark Wahlberg,Hong Kong,45000000.0,52185751.0,CBS Films,133.0
Keeping Up with the Joneses,PG-13,Action,2016,"October 21, 2016 (United States)",5.9,60000.0,Greg Mottola,Michael LeSieur,Zach Galifianakis,United States,40000000.0,29918745.0,Fox 2000 Pictures,105.0
The Secret Life of Pets,PG,Animation,2016,"July 8, 2016 (United States)",6.5,188000.0,Chris Renaud,Cinco Paul,Louis C.K.,United States,75000000.0,875458631.0,Universal Pictures,87.0
Popstar: Never Stop Never Stopping,R,Comedy,2016,"June 3, 2016 (United States)",6.7,57000.0,Akiva Schaffer,Andy Samberg,Andy Samberg,United States,20000000.0,9680029.0,Universal Pictures,87.0
20th Century Women,R,Comedy,2016,"January 20, 2017 (United States)",7.3,42000.0,Mike Mills,Mike Mills,Annette Bening,United States,7000000.0,7214806.0,A24,119.0
Assassin's Creed,PG-13,Action,2016,"December 21, 2016 (United States)",5.7,190000.0,Justin Kurzel,Michael Lesslie,Michael Fassbender,United States,125000000.0,240697856.0,New Regency Productions,115.0
Teenage Mutant Ninja Turtles: Out of the Shadows,PG-13,Action,2016,"June 3, 2016 (United States)",6.0,87000.0,Dave Green,Josh Appelbaum,Megan Fox,United States,135000000.0,245623848.0,Paramount Pictures,112.0
Everybody Wants Some!!,R,Comedy,2016,"April 7, 2016 (Russia)",6.9,53000.0,Richard Linklater,Richard Linklater,Blake Jenner,United States,10000000.0,4644472.0,Annapurna Pictures,117.0
The Take,R,Action,2016,"November 18, 2016 (United States)",6.3,40000.0,James Watkins,Andrew Baldwin,Idris Elba,United Kingdom,20000000.0,14857808.0,StudioCanal,92.0
The Finest Hours,PG-13,Action,2016,"January 29, 2016 (United States)",6.8,63000.0,Craig Gillespie,Scott Silver,Chris Pine,United States,80000000.0,52099090.0,Walt Disney Pictures,117.0
Greater,PG,Biography,2016,"August 26, 2016 (United States)",7.3,5300.0,David L. Hunt,Brian Reindl,Neal McDonough,United States,9000000.0,2000620.0,Greater Productions,130.0
The Belko Experiment,R,Horror,2016,"March 17, 2017 (United States)",6.1,46000.0,Greg McLean,James Gunn,John Gallagher Jr.,United States,5000000.0,11084630.0,Orion Pictures,89.0
The BFG,PG,Adventure,2016,"July 1, 2016 (United States)",6.4,80000.0,Steven Spielberg,Melissa Mathison,Mark Rylance,United States,140000000.0,195243411.0,Walt Disney Pictures,117.0
Zoolander 2,PG-13,Action,2016,"February 12, 2016 (United States)",4.7,66000.0,Ben Stiller,Justin Theroux,Ben Stiller,United States,50000000.0,56722693.0,Panorama Films,101.0
Midnight Special,PG-13,Drama,2016,"April 21, 2016 (Greece)",6.6,77000.0,Jeff Nichols,Jeff Nichols,Michael Shannon,United States,18000000.0,6740647.0,Warner Bros.,112.0
The Angry Birds Movie,PG,Animation,2016,"May 20, 2016 (United States)",6.3,84000.0,Clay Kaytis,Jon Vitti,Jason Sudeikis,Finland,73000000.0,352333929.0,Columbia Pictures,97.0
Live by Night,R,Action,2016,"January 13, 2017 (United States)",6.4,54000.0,Ben Affleck,Ben Affleck,Ben Affleck,United States,108000000.0,22678555.0,Appian Way,129.0
Nerve,PG-13,Action,2016,"July 27, 2016 (United States)",6.5,120000.0,Henry Joost,Jessica Sharzer,Emma Roberts,United States,19000000.0,85251425.0,Lionsgate,96.0
Mechanic: Resurrection,R,Action,2016,"August 26, 2016 (United States)",5.7,79000.0,Dennis Gansel,Lewis John Carlino,Jason Statham,United States,40000000.0,125729635.0,Summit Entertainment,98.0
The Light Between Oceans,PG-13,Drama,2016,"September 2, 2016 (United States)",7.2,54000.0,Derek Cianfrance,Derek Cianfrance,Michael Fassbender,United Kingdom,20000000.0,25975621.0,Heyday Films,133.0
Why Him?,R,Comedy,2016,"December 23, 2016 (United States)",6.2,104000.0,John Hamburg,John Hamburg,Zoey Deutch,United States,38000000.0,118102725.0,Twentieth Century Fox,111.0
Miracles from Heaven,PG,Biography,2016,"March 16, 2016 (United States)",7.1,23000.0,Patricia Riggen,Christy Beam,Jennifer Garner,United States,13000000.0,73983003.0,Columbia Pictures,109.0
Colossal,R,Comedy,2016,"April 21, 2017 (Canada)",6.2,61000.0,Nacho Vigalondo,Nacho Vigalondo,Anne Hathaway,Canada,15000000.0,4531320.0,Toy Fight Productions,109.0
Neighbors 2: Sorority Rising,R,Comedy,2016,"May 20, 2016 (United States)",5.7,116000.0,Nicholas Stoller,Andrew Jay Cohen,Seth Rogen,United States,35000000.0,108007109.0,Universal Pictures,92.0
Ben-Hur,PG-13,Action,2016,"August 19, 2016 (United States)",5.7,43000.0,Timur Bekmambetov,Lew Wallace,Jack Huston,United States,100000000.0,94061311.0,Hivemind,123.0
Free State of Jones,R,Action,2016,"June 24, 2016 (United States)",6.9,55000.0,Gary Ross,Gary Ross,Matthew McConaughey,United States,50000000.0,25035950.0,Route One Entertainment,139.0
Jackie,R,Biography,2016,"December 2, 2016 (United States)",6.7,75000.0,Pablo Larraín,Noah Oppenheim,Natalie Portman,United States,9000000.0,29777777.0,Fox Searchlight Pictures,100.0
Gold,R,Crime,2016,"January 27, 2017 (United States)",6.7,60000.0,Stephen Gaghan,Patrick Massett,Matthew McConaughey,United States,20000000.0,14880939.0,Black Bear Pictures,120.0
Pete's Dragon,PG,Action,2016,"August 12, 2016 (United States)",6.7,55000.0,David Lowery,David Lowery,Bryce Dallas Howard,United States,65000000.0,143695338.0,Walt Disney Pictures,102.0
31,,Horror,2016,"September 16, 2016 (United States)",5.1,19000.0,Rob Zombie,Rob Zombie,Malcolm McDowell,United Kingdom,1500000.0,850419.0,Bow and Arrow Entertainment,102.0
Keanu,R,Action,2016,"April 29, 2016 (United States)",6.3,47000.0,Peter Atencio,Jordan Peele,Keegan-Michael Key,United States,15000000.0,20651333.0,Artists First,100.0
Storks,PG,Animation,2016,"September 23, 2016 (United States)",6.8,58000.0,Nicholas Stoller,Nicholas Stoller,Andy Samberg,United States,70000000.0,183388953.0,RatPac-Dune Entertainment,87.0
A Monster Calls,PG-13,Adventure,2016,"January 6, 2017 (United States)",7.5,83000.0,J.A. Bayona,Patrick Ness,Lewis MacDougall,United Kingdom,43000000.0,47309313.0,Participant,108.0
Kubo and the Two Strings,PG,Animation,2016,"August 19, 2016 (United States)",7.8,121000.0,Travis Knight,Marc Haimes,Charlize Theron,United States,60000000.0,76249438.0,Focus Features,101.0
Café Society,PG-13,Comedy,2016,"August 5, 2016 (United States)",6.6,73000.0,Woody Allen,Woody Allen,Jesse Eisenberg,United States,30000000.0,43763247.0,Gravier Productions,96.0
Blair Witch,R,Horror,2016,"September 16, 2016 (United States)",5.0,43000.0,Adam Wingard,Simon Barrett,James Allen McCune,Canada,5000000.0,45173154.0,Lionsgate,89.0
Ratchet & Clank,PG,Animation,2016,"April 29, 2016 (United States)",5.6,10000.0,Kevin Munroe,T.J. Fixman,James Arnold Taylor,Hong Kong,20000000.0,13385737.0,Gramercy Pictures (I),94.0
Risen,PG-13,Action,2016,"February 19, 2016 (United States)",6.3,26000.0,Kevin Reynolds,Kevin Reynolds,Joseph Fiennes,United States,20000000.0,46771565.0,LD Entertainment,107.0
Rules Don't Apply,PG-13,Comedy,2016,"November 23, 2016 (United States)",5.7,10000.0,Warren Beatty,Warren Beatty,Lily Collins,United States,25000000.0,3885342.0,New Regency Productions,127.0
Office Christmas Party,R,Comedy,2016,"December 9, 2016 (United States)",5.9,72000.0,Josh Gordon,Jon Lucas,Jason Bateman,United States,45000000.0,114501299.0,DreamWorks,105.0
Florence Foster Jenkins,PG-13,Biography,2016,"August 12, 2016 (United States)",6.8,52000.0,Stephen Frears,Nicholas Martin,Meryl Streep,United Kingdom,29000000.0,49052787.0,Pathé,111.0
Batman: The Killing Joke,R,Animation,2016,"July 25, 2016 (United States)",6.4,52000.0,Sam Liu,Brian Azzarello,Kevin Conroy,United States,3500000.0,4462034.0,Warner Bros. Animation,76.0
Leap!,PG,Animation,2016,"August 25, 2017 (United States)",6.8,21000.0,Directors,Eric Summer,Elle Fanning,France,30000000.0,106127278.0,Quad Productions,89.0
A Hologram for the King,R,Comedy,2016,"April 28, 2016 (Germany)",6.1,42000.0,Tom Tykwer,Dave Eggers,Tom Hanks,United Kingdom,30000000.0,9169507.0,X-Filme Creative Pool,98.0
Ouija: Origin of Evil,PG-13,Drama,2016,"October 21, 2016 (United States)",6.1,56000.0,Mike Flanagan,Mike Flanagan,Elizabeth Reaser,United States,9000000.0,81705746.0,Universal Pictures,99.0
All I See Is You,R,Drama,2016,"October 27, 2017 (United States)",5.4,11000.0,Marc Forster,Sean Conway,Blake Lively,United States,30000000.0,678150.0,2DUX²,109.0
The Forest,PG-13,Horror,2016,"January 8, 2016 (United States)",4.8,41000.0,Jason Zada,Nick Antosca,Natalie Dormer,United States,10000000.0,39712000.0,AI-Film,93.0
Money Monster,R,Crime,2016,"May 13, 2016 (United States)",6.5,96000.0,Jodie Foster,Jamie Linden,George Clooney,United States,27000000.0,93282604.0,TriStar Pictures,98.0
Monster Trucks,PG,Animation,2016,"January 13, 2017 (United States)",5.7,16000.0,Chris Wedge,Derek Connolly,Lucas Till,Canada,125000000.0,64493915.0,Paramount Pictures,104.0
The Hollars,PG-13,Comedy,2016,"August 26, 2016 (United States)",6.6,12000.0,John Krasinski,Jim Strouse,Sharlto Copley,United States,3800000.0,1138609.0,Sycamore Pictures,88.0
Fifty Shades of Black,R,Comedy,2016,"January 29, 2016 (United States)",3.5,20000.0,Michael Tiddes,Marlon Wayans,Marlon Wayans,United States,5000000.0,22227514.0,Fermion Films,92.0
My Big Fat Greek Wedding 2,PG-13,Comedy,2016,"March 25, 2016 (United States)",6.0,29000.0,Kirk Jones,Nia Vardalos,Nia Vardalos,United States,18000000.0,90632641.0,Gold Circle Films,94.0
Billy Lynn's Long Halftime Walk,R,Action,2016,"November 18, 2016 (United States)",6.2,22000.0,Ang Lee,Ben Fountain,Joe Alwyn,United Kingdom,40000000.0,30930984.0,Bona Film Group,113.0
Personal Shopper,R,Drama,2016,"March 10, 2017 (United States)",6.1,37000.0,Olivier Assayas,Olivier Assayas,Kristen Stewart,France,6000000.0,2840408.0,CG Cinéma,105.0
Love & Friendship,PG,Comedy,2016,"June 3, 2016 (United States)",6.4,24000.0,Whit Stillman,Whit Stillman,Kate Beckinsale,Ireland,3000000.0,21401949.0,Westerly Films,90.0
Bleed for This,R,Biography,2016,"November 18, 2016 (United States)",6.8,26000.0,Ben Younger,Ben Younger,Miles Teller,United States,6000000.0,6698679.0,Verdi Productions,117.0
Whiskey Tango Foxtrot,R,Biography,2016,"March 4, 2016 (United States)",6.6,51000.0,Glenn Ficarra,Robert Carlock,Tina Fey,United States,35000000.0,24972139.0,Broadway Video,112.0
Loving,PG-13,Biography,2016,"November 4, 2016 (United States)",7.0,33000.0,Jeff Nichols,Jeff Nichols,Ruth Negga,United Kingdom,9000000.0,12957265.0,Raindog Films,123.0
Mr. Church,PG-13,Comedy,2016,"November 11, 2016 (Netherlands)",7.7,27000.0,Bruce Beresford,Susan McMartin,Eddie Murphy,United States,8000000.0,685780.0,Cinelou Films,104.0
Hands of Stone,R,Biography,2016,"August 26, 2016 (United States)",6.6,16000.0,Jonathan Jakubowicz,Jonathan Jakubowicz,Edgar Ramírez,Panama,20000000.0,4978353.0,Fuego Films,111.0
Denial,PG-13,Biography,2016,"October 21, 2016 (United States)",6.7,20000.0,Mick Jackson,Deborah Lipstadt,Rachel Weisz,United Kingdom,10000000.0,7994527.0,BBC Films,109.0
Ride Along 2,PG-13,Action,2016,"January 15, 2016 (United States)",5.9,55000.0,Tim Story,Phil Hay,Ice Cube,United States,40000000.0,124608438.0,Universal Pictures,102.0
Rock Dog,PG,Animation,2016,"February 24, 2017 (United States)",6.0,4900.0,Ash Brannon,Ash Brannon,Luke Wilson,China,60000000.0,23157646.0,Summit Premiere,90.0
Race,PG-13,Biography,2016,"February 19, 2016 (United States)",7.1,36000.0,Stephen Hopkins,Joe Shrapnel,Stephan James,Canada,35000000.0,25070261.0,Forecast Pictures,134.0
A United Kingdom,PG-13,Biography,2016,"February 10, 2017 (United States)",6.9,15000.0,Amma Asante,Guy Hibbert,David Oyelowo,Czech Republic,14000000.0,14459330.0,Fox Searchlight Pictures,111.0
Incarnate,PG-13,Horror,2016,"December 2, 2016 (United States)",5.3,12000.0,Brad Peyton,Ronnie Christensen,Aaron Eckhart,United States,5000000.0,9037058.0,IM Global,87.0
Thor: Ragnarok,PG-13,Action,2017,"November 3, 2017 (United States)",7.9,628000.0,Taika Waititi,Eric Pearson,Chris Hemsworth,United States,180000000.0,853983911.0,Walt Disney Pictures,130.0
Darkest Hour,PG-13,Biography,2017,"December 22, 2017 (United States)",7.4,179000.0,Joe Wright,Anthony McCarten,Gary Oldman,United Kingdom,30000000.0,150847274.0,Focus Features,125.0
The Hitman's Bodyguard,R,Action,2017,"August 18, 2017 (United States)",6.9,203000.0,Patrick Hughes,Tom O'Connor,Ryan Reynolds,United States,30000000.0,176600207.0,Summit Entertainment,118.0
It,R,Horror,2017,"September 8, 2017 (United States)",7.3,478000.0,Andy Muschietti,Chase Palmer,Bill Skarsgård,United States,35000000.0,701796444.0,New Line Cinema,135.0
Spider-Man: Homecoming,PG-13,Action,2017,"July 7, 2017 (United States)",7.4,540000.0,Jon Watts,Jonathan Goldstein,Tom Holland,United States,175000000.0,880166924.0,Columbia Pictures,133.0
Blade Runner 2049,R,Action,2017,"October 6, 2017 (United States)",8.0,486000.0,Denis Villeneuve,Hampton Fancher,Harrison Ford,United States,150000000.0,259334548.0,Alcon Entertainment,164.0
Guardians of the Galaxy Vol. 2,PG-13,Action,2017,"May 5, 2017 (United States)",7.6,596000.0,James Gunn,James Gunn,Chris Pratt,United States,200000000.0,863756051.0,Marvel Studios,136.0
The Greatest Showman,PG,Biography,2017,"December 20, 2017 (United States)",7.6,251000.0,Michael Gracey,Jenny Bicks,Hugh Jackman,United States,84000000.0,438006904.0,Bona Film Group,105.0
Jumanji: Welcome to the Jungle,PG-13,Action,2017,"December 20, 2017 (United States)",6.9,336000.0,Jake Kasdan,Chris McKenna,Dwayne Johnson,United States,90000000.0,962542945.0,Columbia Pictures,119.0
Baywatch,R,Action,2017,"May 25, 2017 (United States)",5.5,170000.0,Seth Gordon,Michael Berk,Dwayne Johnson,United Kingdom,69000000.0,177856751.0,Paramount Pictures,116.0
Home Again,PG-13,Comedy,2017,"September 8, 2017 (United States)",5.8,30000.0,Hallie Meyers-Shyer,Hallie Meyers-Shyer,Reese Witherspoon,United States,12000000.0,37270721.0,Black Bicycle Entertainment,97.0
The Fate of the Furious,PG-13,Action,2017,"April 14, 2017 (United States)",6.6,214000.0,F. Gary Gray,Gary Scott Thompson,Vin Diesel,China,250000000.0,1236005118.0,Universal Pictures,136.0
Get Out,R,Horror,2017,"February 24, 2017 (United States)",7.7,517000.0,Jordan Peele,Jordan Peele,Daniel Kaluuya,United States,4500000.0,255589157.0,Universal Pictures,104.0
Dunkirk,PG-13,Action,2017,"July 21, 2017 (United States)",7.8,582000.0,Christopher Nolan,Christopher Nolan,Fionn Whitehead,United Kingdom,100000000.0,527016307.0,Syncopy,106.0
Coco,PG,Animation,2017,"November 22, 2017 (United States)",8.4,417000.0,Lee Unkrich,Lee Unkrich,Anthony Gonzalez,United States,175000000.0,807817888.0,Walt Disney Pictures,105.0
Baby Driver,R,Action,2017,"June 28, 2017 (United States)",7.6,466000.0,Edgar Wright,Edgar Wright,Ansel Elgort,United Kingdom,34000000.0,226945087.0,TriStar Pictures,113.0
The Boss Baby,PG,Animation,2017,"March 31, 2017 (United States)",6.3,114000.0,Tom McGrath,Michael McCullers,Alec Baldwin,United States,125000000.0,527965936.0,DreamWorks Animation,97.0
Logan,R,Action,2017,"March 3, 2017 (United States)",8.1,674000.0,James Mangold,James Mangold,Hugh Jackman,United States,97000000.0,619179950.0,Twentieth Century Fox,137.0
Wonder Woman,PG-13,Action,2017,"June 2, 2017 (United States)",7.4,600000.0,Patty Jenkins,Allan Heinberg,Gal Gadot,United States,149000000.0,822824522.0,Warner Bros.,141.0
Alien: Covenant,R,Horror,2017,"May 19, 2017 (United States)",6.4,261000.0,Ridley Scott,Dan O'Bannon,Michael Fassbender,United States,97000000.0,240891763.0,Twentieth Century Fox,122.0
John Wick: Chapter 2,R,Action,2017,"February 10, 2017 (United States)",7.5,385000.0,Chad Stahelski,Derek Kolstad,Keanu Reeves,United States,40000000.0,171547802.0,Summit Entertainment,122.0
Wonder,PG,Drama,2017,"November 17, 2017 (United States)",8.0,150000.0,Stephen Chbosky,Stephen Chbosky,Jacob Tremblay,United States,20000000.0,306209289.0,Lionsgate,113.0
Justice League,PG-13,Action,2017,"November 17, 2017 (United States)",6.1,418000.0,Zack Snyder,Jerry Siegel,Ben Affleck,United States,300000000.0,657926987.0,Warner Bros.,120.0
Mother!,R,Drama,2017,"September 15, 2017 (United States)",6.6,200000.0,Darren Aronofsky,Darren Aronofsky,Jennifer Lawrence,United States,30000000.0,44516999.0,Paramount Pictures,121.0
Pirates of the Caribbean: Dead Men Tell No Tales,PG-13,Action,2017,"May 26, 2017 (United States)",6.5,275000.0,Joachim Rønning,Jeff Nathanson,Johnny Depp,United States,230000000.0,794881442.0,Walt Disney Pictures,129.0
The Shape of Water,R,Adventure,2017,"December 22, 2017 (United States)",7.3,386000.0,Guillermo del Toro,Guillermo del Toro,Sally Hawkins,United States,19400000.0,195333312.0,Double Dare You (DDY),123.0
Disobedience,R,Drama,2017,"April 27, 2018 (United States)",6.6,27000.0,Sebastián Lelio,Sebastián Lelio,Rachel Weisz,Ireland,6000000.0,8003180.0,Braven Films,114.0
Kong: Skull Island,PG-13,Action,2017,"March 10, 2017 (United States)",6.6,293000.0,Jordan Vogt-Roberts,Dan Gilroy,Tom Hiddleston,United States,185000000.0,566652812.0,Warner Bros.,118.0
Beauty and the Beast,PG,Family,2017,"March 17, 2017 (United States)",7.1,283000.0,Bill Condon,Stephen Chbosky,Emma Watson,United States,160000000.0,1264434525.0,Mandeville Films,129.0
Kingsman: The Golden Circle,R,Action,2017,"September 22, 2017 (United States)",6.7,286000.0,Matthew Vaughn,Jane Goldman,Taron Egerton,United Kingdom,104000000.0,410902662.0,Twentieth Century Fox,141.0
"Three Billboards Outside Ebbing, Missouri",R,Comedy,2017,"December 1, 2017 (United States)",8.1,456000.0,Martin McDonagh,Martin McDonagh,Frances McDormand,United Kingdom,15000000.0,160192267.0,Blueprint Pictures,115.0
Star Wars: Episode VIII - The Last Jedi,PG-13,Action,2017,"December 15, 2017 (United States)",7.0,581000.0,Rian Johnson,Rian Johnson,Daisy Ridley,United States,317000000.0,1332698830.0,Walt Disney Pictures,152.0
"I, Tonya",R,Biography,2017,"January 19, 2018 (United States)",7.5,193000.0,Craig Gillespie,Steven Rogers,Margot Robbie,United States,11000000.0,53939297.0,AI-Film,119.0
Atomic Blonde,R,Action,2017,"July 28, 2017 (United States)",6.7,182000.0,David Leitch,Kurt Johnstad,Charlize Theron,United States,30000000.0,100014025.0,Focus Features,115.0
Wind River,R,Crime,2017,"August 18, 2017 (United States)",7.7,217000.0,Taylor Sheridan,Taylor Sheridan,Elizabeth Olsen,United Kingdom,11000000.0,43980821.0,Acacia Filmed Entertainment,107.0
Murder on the Orient Express,PG-13,Crime,2017,"November 10, 2017 (United States)",6.5,221000.0,Kenneth Branagh,Michael Green,Kenneth Branagh,Malta,55000000.0,352794081.0,Twentieth Century Fox,114.0
King Arthur: Legend of the Sword,PG-13,Action,2017,"May 12, 2017 (United States)",6.7,200000.0,Guy Ritchie,Joby Harold,Charlie Hunnam,United Kingdom,175000000.0,148675066.0,Warner Bros.,126.0
Lady Bird,R,Comedy,2017,"December 1, 2017 (United States)",7.4,254000.0,Greta Gerwig,Greta Gerwig,Saoirse Ronan,United States,10000000.0,78966486.0,IAC Films,94.0
Logan Lucky,PG-13,Comedy,2017,"August 18, 2017 (United States)",7.0,137000.0,Steven Soderbergh,Jules Asner,Channing Tatum,United States,29000000.0,48453605.0,Fingerprint Releasing,118.0
Fifty Shades Darker,R,Drama,2017,"February 10, 2017 (United States)",4.6,95000.0,James Foley,Niall Leonard,Dakota Johnson,United States,55000000.0,381545846.0,Universal Pictures,118.0
Happy Death Day,PG-13,Comedy,2017,"October 13, 2017 (United States)",6.6,124000.0,Christopher Landon,Scott Lobdell,Jessica Rothe,United States,4800000.0,125479266.0,Universal Pictures,96.0
Transformers: The Last Knight,PG-13,Action,2017,"June 21, 2017 (United States)",5.2,140000.0,Michael Bay,Art Marcum,Mark Wahlberg,United States,217000000.0,605425157.0,Paramount Pictures,154.0
Good Time,R,Crime,2017,"August 25, 2017 (United States)",7.4,100000.0,Benny Safdie,Ronald Bronstein,Robert Pattinson,United States,4500000.0,3283369.0,Elara Pictures,102.0
Ghost in the Shell,PG-13,Action,2017,"March 31, 2017 (United States)",6.3,202000.0,Rupert Sanders,Shirow Masamune,Scarlett Johansson,United States,110000000.0,169846945.0,Paramount Pictures,107.0
Molly's Game,R,Biography,2017,"January 5, 2018 (United States)",7.4,153000.0,Aaron Sorkin,Aaron Sorkin,Jessica Chastain,China,30000000.0,59284015.0,STX Entertainment,140.0
Hostiles,R,Drama,2017,"January 26, 2018 (United States)",7.2,76000.0,Scott Cooper,Scott Cooper,Scott Shepherd,United States,39000000.0,35669017.0,"Grisbi Productions, Le",134.0
Valerian and the City of a Thousand Planets,PG-13,Action,2017,"July 21, 2017 (United States)",6.5,168000.0,Luc Besson,Pierre Christin,Dane DeHaan,France,177200000.0,225973340.0,EuropaCorp,136.0
The Dark Tower,PG-13,Action,2017,"August 4, 2017 (United States)",5.6,131000.0,Nikolaj Arcel,Akiva Goldsman,Idris Elba,United States,60000000.0,113231078.0,Columbia Pictures,95.0
Pitch Perfect 3,PG-13,Comedy,2017,"December 22, 2017 (United States)",5.8,58000.0,Trish Sie,Kay Cannon,Anna Kendrick,United States,45000000.0,185400345.0,Brownstone Entertainment (II),93.0
American Assassin,R,Action,2017,"September 15, 2017 (United States)",6.2,75000.0,Michael Cuesta,Stephen Schiff,Dylan O'Brien,United States,33000000.0,67234188.0,CBS Films,111.0
The Florida Project,R,Drama,2017,"November 10, 2017 (United Kingdom)",7.6,101000.0,Sean Baker,Sean Baker,Brooklynn Prince,United States,2000000.0,10971298.0,Cre Film,111.0
Life,R,Horror,2017,"March 24, 2017 (United States)",6.6,213000.0,Daniel Espinosa,Rhett Reese,Jake Gyllenhaal,United Kingdom,58000000.0,100541806.0,Columbia Pictures,104.0
The Death of Stalin,R,Comedy,2017,"March 9, 2018 (United States)",7.2,92000.0,Armando Iannucci,Armando Iannucci,Steve Buscemi,United Kingdom,13000000.0,24646055.0,Quad Productions,107.0
Gifted,PG-13,Drama,2017,"April 12, 2017 (United States)",7.6,105000.0,Marc Webb,Tom Flynn,Chris Evans,United States,7000000.0,43069254.0,Dayday Films,101.0
Phantom Thread,R,Drama,2017,"January 19, 2018 (United States)",7.5,118000.0,Paul Thomas Anderson,Paul Thomas Anderson,Vicky Krieps,United States,35000000.0,47756590.0,Focus Features,130.0
The Upside,PG-13,Comedy,2017,"January 11, 2019 (United States)",7.0,49000.0,Neil Burger,Jon Hartmere,Kevin Hart,United States,37500000.0,125856180.0,Escape Artists,126.0
Annabelle: Creation,R,Horror,2017,"August 11, 2017 (United States)",6.5,120000.0,David F. Sandberg,Gary Dauberman,Anthony LaPaglia,United States,15000000.0,306515884.0,New Line Cinema,109.0
American Made,R,Action,2017,"September 29, 2017 (United States)",7.2,165000.0,Doug Liman,Gary Spinelli,Tom Cruise,United States,50000000.0,134866593.0,Cross Creek Pictures,115.0
War for the Planet of the Apes,PG-13,Action,2017,"July 14, 2017 (United States)",7.4,235000.0,Matt Reeves,Mark Bomback,Andy Serkis,United States,150000000.0,490719763.0,Twentieth Century Fox,140.0
Geostorm,PG-13,Action,2017,"October 20, 2017 (United States)",5.3,99000.0,Dean Devlin,Dean Devlin,Gerard Butler,United States,120000000.0,221600160.0,Warner Bros.,109.0
The Circle,PG-13,Drama,2017,"April 28, 2017 (United States)",5.3,87000.0,James Ponsoldt,James Ponsoldt,Emma Watson,United Arab Emirates,18000000.0,40656399.0,1978 Films,110.0
Cars 3,G,Animation,2017,"June 16, 2017 (United States)",6.7,82000.0,Brian Fee,Brian Fee,Owen Wilson,United States,175000000.0,383930656.0,Pixar Animation Studios,102.0
Rough Night,R,Comedy,2017,"June 16, 2017 (United States)",5.2,49000.0,Lucia Aniello,Lucia Aniello,Scarlett Johansson,United States,20000000.0,47347283.0,Paulilu Productions,101.0
xXx: Return of Xander Cage,PG-13,Action,2017,"January 20, 2017 (United States)",5.2,88000.0,D.J. Caruso,Rich Wilkes,Vin Diesel,China,85000000.0,346118277.0,Paramount Pictures,107.0
The Mummy,PG-13,Action,2017,"June 9, 2017 (United States)",5.4,177000.0,Alex Kurtzman,David Koepp,Tom Cruise,United States,125000000.0,409231607.0,Universal Pictures,110.0
CHIPS,R,Action,2017,"March 24, 2017 (United States)",6.0,44000.0,Dax Shepard,Rick Rosner,Michael Peña,United States,25000000.0,26800152.0,Primate Pictures,100.0
Ferdinand,PG,Animation,2017,"December 15, 2017 (United States)",6.7,51000.0,Carlos Saldanha,Robert L. Baird,John Cena,United States,111000000.0,296069199.0,Blue Sky Studios,108.0
Only the Brave,PG-13,Action,2017,"October 20, 2017 (United States)",7.6,62000.0,Joseph Kosinski,Sean Flynn,Josh Brolin,United States,38000000.0,26351322.0,Columbia Pictures,134.0
The Beguiled,R,Drama,2017,"June 30, 2017 (United States)",6.3,54000.0,Sofia Coppola,Sofia Coppola,Nicole Kidman,United States,10500000.0,27869129.0,American Zoetrope,93.0
The Glass Castle,PG-13,Biography,2017,"August 11, 2017 (United States)",7.1,31000.0,Destin Daniel Cretton,Destin Daniel Cretton,Brie Larson,United States,9000000.0,22088533.0,Lionsgate,127.0
The Lego Batman Movie,PG,Animation,2017,"February 10, 2017 (United States)",7.3,135000.0,Chris McKay,Seth Grahame-Smith,Will Arnett,United States,80000000.0,311950384.0,Animal Logic,104.0
The Big Sick,R,Comedy,2017,"July 14, 2017 (United States)",7.5,126000.0,Michael Showalter,Emily V. Gordon,Kumail Nanjiani,United States,5000000.0,56411585.0,Apatow Productions,120.0
Thoroughbreds,R,Comedy,2017,"March 9, 2018 (United States)",6.7,38000.0,Cory Finley,Cory Finley,Olivia Cooke,United States,6000000.0,3187255.0,B Story,92.0
The Foreigner,R,Action,2017,"October 13, 2017 (United States)",7.0,106000.0,Martin Campbell,David Marconi,Katie Leung,United Kingdom,35000000.0,145418070.0,STX Entertainment,113.0
Jigsaw,R,Crime,2017,"October 27, 2017 (United States)",5.8,73000.0,Michael Spierig,Josh Stolberg,Matt Passmore,Canada,10000000.0,102952888.0,Twisted Pictures,92.0
The Snowman,R,Crime,2017,"October 20, 2017 (United States)",5.1,60000.0,Tomas Alfredson,Jo Nesbø,Michael Fassbender,United Kingdom,35000000.0,43155261.0,Universal Pictures,119.0
The Disaster Artist,R,Biography,2017,"December 8, 2017 (United States)",7.4,143000.0,James Franco,Scott Neustadter,James Franco,United States,10000000.0,29820616.0,Good Universe,104.0
47 Meters Down,PG-13,Adventure,2017,"June 16, 2017 (United States)",5.7,51000.0,Johannes Roberts,Johannes Roberts,Mandy Moore,United Kingdom,5300000.0,62198461.0,thefyzz,89.0
The Post,PG-13,Drama,2017,"January 12, 2018 (United States)",7.2,141000.0,Steven Spielberg,Liz Hannah,Meryl Streep,United States,50000000.0,180419231.0,Twentieth Century Fox,116.0
"Everything, Everything",PG-13,Drama,2017,"May 19, 2017 (United States)",6.4,35000.0,Stella Meghie,J. Mills Goodloe,Amandla Stenberg,United States,10000000.0,61621140.0,Alloy Entertainment,96.0
A Ghost Story,R,Drama,2017,"July 27, 2017 (Australia)",6.9,64000.0,David Lowery,David Lowery,Casey Affleck,United States,100000.0,1951683.0,Sailor Bear,92.0
Power Rangers,PG-13,Action,2017,"March 24, 2017 (United States)",5.9,104000.0,Dean Israelite,John Gatins,Dacre Montgomery,United States,100000000.0,142337240.0,Lionsgate,124.0
All the Money in the World,R,Biography,2017,"December 25, 2017 (United States)",6.8,79000.0,Ridley Scott,David Scarpa,Michelle Williams,United States,50000000.0,56996304.0,Imperative Entertainment,132.0
Suburbicon,R,Comedy,2017,"October 27, 2017 (United States)",5.7,42000.0,George Clooney,Joel Coen,Matt Damon,United Kingdom,25000000.0,12751667.0,Black Bear Pictures,105.0
It Comes at Night,R,Horror,2017,"June 9, 2017 (United States)",6.2,87000.0,Trey Edward Shults,Trey Edward Shults,Joel Edgerton,United States,5000000.0,19735344.0,Animal Kingdom,91.0
Despicable Me 3,PG,Animation,2017,"June 30, 2017 (United States)",6.3,119000.0,Kyle Balda,Cinco Paul,Steve Carell,United States,80000000.0,1034800131.0,Illumination Entertainment,89.0
Going in Style,PG-13,Comedy,2017,"April 7, 2017 (United States)",6.6,79000.0,Zach Braff,Theodore Melfi,Michael Caine,United States,25000000.0,84918541.0,De Line Pictures,96.0
Downsizing,R,Drama,2017,"December 22, 2017 (United States)",5.7,102000.0,Alexander Payne,Alexander Payne,Matt Damon,United States,68000000.0,55003890.0,Paramount Pictures,135.0
Before I Fall,PG-13,Drama,2017,"March 3, 2017 (United States)",6.5,48000.0,Ry Russo-Young,Maria Maggenti,Zoey Deutch,United States,5000000.0,16373843.0,Awesomeness Films,98.0
Wonder Wheel,PG-13,Drama,2017,"December 15, 2017 (United States)",6.2,27000.0,Woody Allen,Woody Allen,Justin Timberlake,United States,25000000.0,15889124.0,Amazon Studios,101.0
The Emoji Movie,PG,Animation,2017,"July 28, 2017 (United States)",3.3,58000.0,Tony Leondis,Tony Leondis,T.J. Miller,United States,50000000.0,217776646.0,Columbia Pictures,86.0
Unforgettable,R,Drama,2017,"April 21, 2017 (United States)",5.1,15000.0,Denise Di Novi,Christina Hodson,Rosario Dawson,United States,12000000.0,17768012.0,DiNovi Pictures,100.0
Paddington 2,PG,Animation,2017,"January 12, 2018 (United States)",7.8,66000.0,Paul King,Paul King,Ben Whishaw,United Kingdom,40000000.0,227978645.0,StudioCanal,103.0
Girls Trip,R,Adventure,2017,"July 21, 2017 (United States)",6.2,35000.0,Malcolm D. Lee,Erica Rivinoja,Regina Hall,United States,19000000.0,140552359.0,Perfect World Pictures,122.0
The Space Between Us,PG-13,Drama,2017,"February 3, 2017 (United States)",6.4,50000.0,Peter Chelsom,Allan Loeb,Gary Oldman,United States,30000000.0,16080475.0,Los Angeles Media Fund (LAMF),120.0
The Mountain Between Us,PG-13,Action,2017,"October 6, 2017 (United States)",6.4,70000.0,Hany Abu-Assad,Chris Weitz,Kate Winslet,United States,35000000.0,62832209.0,Chernin Entertainment,112.0
T2 Trainspotting,R,Drama,2017,"March 31, 2017 (United States)",7.2,117000.0,Danny Boyle,John Hodge,Ewan McGregor,United Kingdom,18000000.0,41681746.0,Artbees,117.0
The Hero,R,Drama,2017,"June 9, 2017 (United States)",6.5,8600.0,Brett Haley,Brett Haley,Sam Elliott,United States,1200000.0,4101699.0,Houston King Productions,96.0
Battle of the Sexes,PG-13,Biography,2017,"September 29, 2017 (United States)",6.7,52000.0,Jonathan Dayton,Simon Beaufoy,Emma Stone,United Kingdom,25000000.0,18598607.0,Cloud Eight Films,121.0
The Book of Henry,PG-13,Crime,2017,"June 23, 2017 (United States)",6.6,25000.0,Colin Trevorrow,Gregg Hurwitz,Naomi Watts,United States,10000000.0,4596705.0,Double Nickel Entertainment,105.0
Daddy's Home 2,PG-13,Comedy,2017,"November 10, 2017 (United States)",6.0,65000.0,Sean Anders,Sean Anders,Will Ferrell,United States,69000000.0,180613824.0,Paramount Pictures,100.0
A Dog's Purpose,PG,Adventure,2017,"January 27, 2017 (United States)",7.2,68000.0,Lasse Hallström,W. Bruce Cameron,Josh Gad,United States,22000000.0,205035819.0,Dreamworks Pictures,100.0
The Shack,PG-13,Drama,2017,"March 3, 2017 (United States)",6.3,32000.0,Stuart Hazeldine,John Fusco,Sam Worthington,United States,20000000.0,96942115.0,Summit Entertainment,132.0
Flatliners,PG-13,Drama,2017,"September 29, 2017 (United States)",5.2,44000.0,Niels Arden Oplev,Peter Filardi,Elliot Page,United States,19000000.0,45158254.0,Columbia Pictures,109.0
Rings,PG-13,Drama,2017,"February 3, 2017 (United States)",4.5,39000.0,F. Javier Gutiérrez,David Loucka,Matilda Anna Ingrid Lutz,United States,25000000.0,83080890.0,Macari/Edelstein,102.0
The Lego Ninjago Movie,PG,Animation,2017,"September 22, 2017 (United States)",6.0,24000.0,Charlie Bean,Bob Logan,Jackie Chan,United States,70000000.0,123081555.0,Animal Logic,101.0
The House,R,Comedy,2017,"June 30, 2017 (United States)",5.6,42000.0,Andrew Jay Cohen,Brendan O'Brien,Will Ferrell,United States,40000000.0,34184504.0,Gary Sanchez Productions,88.0
The Zookeeper's Wife,PG-13,Biography,2017,"April 7, 2017 (United States)",7.0,41000.0,Niki Caro,Angela Workman,Jessica Chastain,Czech Republic,20000000.0,26152835.0,Scion Films,127.0
Detroit,R,Crime,2017,"August 4, 2017 (United States)",7.3,50000.0,Kathryn Bigelow,Mark Boal,John Boyega,United States,34000000.0,23355100.0,Annapurna Pictures,143.0
All Eyez on Me,R,Biography,2017,"June 16, 2017 (United States)",5.9,22000.0,Benny Boom,Jeremy Haft,Demetrius Shipp Jr.,United States,40000000.0,55668698.0,Summit Entertainment,139.0
Sleepless,R,Action,2017,"January 13, 2017 (United States)",5.6,31000.0,Baran bo Odar,Andrea Berloff,Jamie Foxx,United States,30000000.0,32917353.0,Open Road Films (II),95.0
Tulip Fever,R,Drama,2017,"September 1, 2017 (United States)",6.2,19000.0,Justin Chadwick,Deborah Moggach,Alicia Vikander,United Kingdom,25000000.0,9204549.0,Worldview Entertainment,105.0
Stronger,R,Biography,2017,"September 29, 2017 (United States)",6.9,42000.0,David Gordon Green,John Pollono,Jake Gyllenhaal,United States,30000000.0,8503658.0,Lionsgate,119.0
Smurfs: The Lost Village,PG,Animation,2017,"April 7, 2017 (United States)",6.0,19000.0,Kelly Asbury,Stacey Harman,Demi Lovato,United States,60000000.0,197183546.0,Walt Disney Animation Studios,90.0
Snatched,R,Action,2017,"May 12, 2017 (United States)",4.5,34000.0,Jonathan Levine,Katie Dippold,Amy Schumer,United States,42000000.0,60845711.0,Chernin Entertainment,90.0
"Roman J. Israel, Esq.",PG-13,Crime,2017,"November 22, 2017 (United States)",6.5,35000.0,Dan Gilroy,Dan Gilroy,Denzel Washington,Canada,22000000.0,13025860.0,BRON Studios,122.0
Victoria & Abdul,PG-13,Biography,2017,"October 6, 2017 (United States)",6.8,33000.0,Stephen Frears,Lee Hall,Judi Dench,United Kingdom,21000000.0,66558465.0,BBC Films,111.0
Fist Fight,R,Comedy,2017,"February 17, 2017 (United States)",5.6,41000.0,Richie Keen,Van Robichaux,Ice Cube,United States,22000000.0,41087017.0,New Line Cinema,91.0
How to Be a Latin Lover,PG-13,Comedy,2017,"April 28, 2017 (United States)",6.0,15000.0,Ken Marino,Jon Zack,Eugenio Derbez,Mexico,10000000.0,62547032.0,Pantelion Films,115.0
Same Kind of Different as Me,PG-13,Biography,2017,"October 20, 2017 (United States)",6.6,6900.0,Michael Carney,Ron Hall,Greg Kinnear,United States,15000000.0,6423605.0,Disruption Entertainment,119.0
My Little Pony: The Movie,PG,Animation,2017,"October 6, 2017 (United States)",6.1,6200.0,Jayson Thiessen,Meghan McCarthy,Emily Blunt,United States,6500000.0,60330833.0,Lionsgate,99.0
Table 19,PG-13,Comedy,2017,"March 3, 2017 (United States)",5.8,27000.0,Jeffrey Blitz,Mark Duplass,Anna Kendrick,United States,5000000.0,5042014.0,3311 Productions,87.0
Father Figures,R,Comedy,2017,"December 22, 2017 (United States)",5.5,19000.0,Lawrence Sher,Justin Malen,Owen Wilson,United States,25000000.0,25601244.0,Alcon Entertainment,113.0
Kidnap,R,Action,2017,"August 4, 2017 (United States)",5.9,35000.0,Luis Prieto,Knate Lee,Halle Berry,United States,21000000.0,34814102.0,Di Bonaventura Pictures,95.0
Diary of a Wimpy Kid: The Long Haul,PG,Animation,2017,"May 19, 2017 (United States)",4.3,7700.0,David Bowers,Jeff Kinney,Jason Drucker,United States,22000000.0,40140972.0,Twentieth Century Fox,91.0
Churchill,PG,Biography,2017,"June 2, 2017 (United States)",6.1,12000.0,Jonathan Teplitzky,Alex von Tunzelmann,Brian Cox,United Kingdom,6400000.0,6724365.0,Salon Pictures,105.0
The Bookshop,PG,Drama,2017,"August 24, 2018 (United States)",6.5,14000.0,Isabel Coixet,Isabel Coixet,Emily Mortimer,United Kingdom,5400000.0,12062146.0,Diagonal TV,113.0
A Bad Moms Christmas,R,Comedy,2017,"November 1, 2017 (United States)",5.6,46000.0,Jon Lucas,Jon Lucas,Mila Kunis,United States,28000000.0,130560428.0,Huayi Brothers Media,104.0
Captain Underpants: The First Epic Movie,PG,Animation,2017,"June 2, 2017 (United States)",6.2,26000.0,David Soren,Nicholas Stoller,Kevin Hart,United States,38000000.0,125427681.0,DreamWorks Animation,89.0
Wish Upon,PG-13,Drama,2017,"July 14, 2017 (United States)",5.0,19000.0,John R. Leonetti,Barbara Marshall,Joey King,United States,12000000.0,23468586.0,Broad Green Pictures,90.0
Marshall,PG-13,Biography,2017,"October 13, 2017 (United States)",7.3,22000.0,Reginald Hudlin,Michael Koskoff,Chadwick Boseman,United States,12000000.0,10116816.0,Chestnut Ridge Productions,118.0
The Resurrection of Gavin Stone,PG,Comedy,2017,"January 20, 2017 (United States)",6.3,2000.0,Dallas Jenkins,Andrea Gyertson Nasfell,Brett Dalton,United States,2000000.0,2308355.0,Blumhouse Productions,91.0
The Bye Bye Man,PG-13,Drama,2017,"January 13, 2017 (United States)",4.2,23000.0,Stacy Title,Jonathan Penner,Douglas Smith,United States,7400000.0,29874280.0,Huayi Brothers Media,96.0
A Quiet Place,PG-13,Drama,2018,"April 6, 2018 (United States)",7.5,456000.0,John Krasinski,Bryan Woods,Emily Blunt,United States,17000000.0,350320413.0,Paramount Pictures,90.0
Avengers: Infinity War,PG-13,Action,2018,"April 27, 2018 (United States)",8.4,897000.0,Anthony Russo,Christopher Markus,Robert Downey Jr.,United States,321000000.0,2048359754.0,Marvel Studios,149.0
Deadpool 2,R,Action,2018,"May 18, 2018 (United States)",7.7,505000.0,David Leitch,Rhett Reese,Ryan Reynolds,Canada,110000000.0,786470484.0,Twentieth Century Fox,119.0
Bohemian Rhapsody,PG-13,Biography,2018,"November 2, 2018 (United States)",7.9,476000.0,Bryan Singer,Anthony McCarten,Rami Malek,United Kingdom,52000000.0,911902649.0,Twentieth Century Fox,134.0
Black Panther,PG-13,Action,2018,"February 16, 2018 (United States)",7.3,661000.0,Ryan Coogler,Ryan Coogler,Chadwick Boseman,United States,200000000.0,1347597973.0,Marvel Studios,134.0
Hereditary,R,Drama,2018,"June 8, 2018 (United States)",7.3,259000.0,Ari Aster,Ari Aster,Toni Collette,United States,10000000.0,80239658.0,PalmStar Media,127.0
A Simple Favor,R,Comedy,2018,"September 14, 2018 (United States)",6.8,136000.0,Paul Feig,Darcey Bell,Anna Kendrick,Canada,20000000.0,97644617.0,BRON Studios,117.0
Aquaman,PG-13,Action,2018,"December 21, 2018 (United States)",6.9,404000.0,James Wan,David Leslie Johnson-McGoldrick,Jason Momoa,United States,160000000.0,1148485886.0,Warner Bros.,143.0
Ready Player One,PG-13,Action,2018,"March 29, 2018 (United States)",7.4,388000.0,Steven Spielberg,Zak Penn,Tye Sheridan,United States,175000000.0,582893671.0,Warner Bros.,140.0
Spider-Man: Into the Spider-Verse,PG,Animation,2018,"December 14, 2018 (United States)",8.4,411000.0,Bob Persichetti,Phil Lord,Shameik Moore,United States,90000000.0,375540831.0,Sony Pictures Entertainment (SPE),117.0
Mission: Impossible - Fallout,PG-13,Action,2018,"July 27, 2018 (United States)",7.7,303000.0,Christopher McQuarrie,Bruce Geller,Tom Cruise,United States,178000000.0,791657398.0,Paramount Pictures,147.0
Venom,PG-13,Action,2018,"October 5, 2018 (United States)",6.7,387000.0,Ruben Fleischer,Jeff Pinkner,Tom Hardy,China,100000000.0,856085151.0,Avi Arad Productions,112.0
Green Book,PG-13,Biography,2018,"November 16, 2018 (United States)",8.2,414000.0,Peter Farrelly,Nick Vallelonga,Viggo Mortensen,United States,23000000.0,321752656.0,Participant,130.0
Crazy Rich Asians,PG-13,Comedy,2018,"August 15, 2018 (United States)",6.9,152000.0,Jon M. Chu,Peter Chiarelli,Constance Wu,United States,30000000.0,238539198.0,Warner Bros.,120.0
Ant-Man and the Wasp,PG-13,Action,2018,"July 6, 2018 (United States)",7.0,333000.0,Peyton Reed,Chris McKenna,Paul Rudd,United States,162000000.0,622674139.0,Marvel Studios,118.0
BlacKkKlansman,R,Biography,2018,"August 10, 2018 (United States)",7.5,236000.0,Spike Lee,Charlie Wachtel,John David Washington,United States,15000000.0,93413709.0,Focus Features,135.0
The Predator,R,Action,2018,"September 14, 2018 (United States)",5.3,120000.0,Shane Black,Fred Dekker,Boyd Holbrook,United States,88000000.0,160542134.0,Twentieth Century Fox,107.0
White Boy Rick,R,Crime,2018,"September 14, 2018 (United States)",6.5,33000.0,Yann Demange,Andy Weiss,Matthew McConaughey,United States,29000000.0,25957482.0,LBI Productions,111.0
Solo: A Star Wars Story,PG-13,Action,2018,"May 25, 2018 (United States)",6.9,306000.0,Ron Howard,Jonathan Kasdan,Alden Ehrenreich,United States,275000000.0,392924807.0,Lucasfilm,135.0
Midnight Sun,PG-13,Drama,2018,"March 23, 2018 (United States)",6.6,26000.0,Scott Speer,Kenji Bando,Bella Thorne,United States,2800000.0,27365467.0,Boies / Schiller Film Group,91.0
Under the Silver Lake,R,Crime,2018,"April 19, 2019 (United States)",6.5,36000.0,David Robert Mitchell,David Robert Mitchell,Andrew Garfield,United States,8500000.0,2053469.0,Vendian Entertainment,139.0
Den of Thieves,R,Action,2018,"January 19, 2018 (United States)",7.0,99000.0,Christian Gudegast,Christian Gudegast,Gerard Butler,United States,30000000.0,80509622.0,STX Films,140.0
Annihilation,R,Adventure,2018,"February 23, 2018 (United States)",6.8,292000.0,Alex Garland,Alex Garland,Natalie Portman,United Kingdom,40000000.0,43070915.0,Paramount Pictures,115.0
Red Sparrow,R,Action,2018,"March 2, 2018 (United States)",6.6,173000.0,Francis Lawrence,Justin Haythe,Jennifer Lawrence,United States,69000000.0,151572634.0,Chernin Entertainment,140.0
A Star Is Born,R,Drama,2018,"October 5, 2018 (United States)",7.6,350000.0,Bradley Cooper,Eric Roth,Lady Gaga,United States,36000000.0,436188866.0,Warner Bros. Pictures,136.0
Mamma Mia! Here We Go Again,PG-13,Comedy,2018,"July 20, 2018 (United States)",6.6,85000.0,Ol Parker,Ol Parker,Lily James,United Kingdom,75000000.0,395618157.0,Universal Pictures,114.0
Death Wish,R,Action,2018,"March 2, 2018 (United States)",6.3,67000.0,Eli Roth,Joe Carnahan,Bruce Willis,United States,30000000.0,49562710.0,Cave 76,107.0
Instant Family,PG-13,Comedy,2018,"November 16, 2018 (United States)",7.3,97000.0,Sean Anders,Sean Anders,Mark Wahlberg,United States,48000000.0,120556201.0,Closest to the Hole Productions,118.0
Jurassic World: Fallen Kingdom,PG-13,Action,2018,"June 22, 2018 (United States)",6.2,277000.0,J.A. Bayona,Derek Connolly,Chris Pratt,United States,170000000.0,1310466296.0,Universal Pictures,128.0
Eighth Grade,R,Comedy,2018,"August 3, 2018 (United States)",7.4,68000.0,Bo Burnham,Bo Burnham,Elsie Fisher,United States,2000000.0,14347433.0,A24,93.0
Ocean's Eight,PG-13,Action,2018,"June 8, 2018 (United States)",6.3,197000.0,Gary Ross,Gary Ross,Sandra Bullock,United States,70000000.0,297718711.0,Warner Bros.,110.0
Suspiria,R,Fantasy,2018,"November 2, 2018 (United States)",6.7,66000.0,Luca Guadagnino,Dario Argento,Chloë Grace Moretz,Italy,20000000.0,7942093.0,Frenesy Film Company,152.0
The Favourite,R,Biography,2018,"December 21, 2018 (United States)",7.5,181000.0,Yorgos Lanthimos,Deborah Davis,Olivia Colman,Ireland,15000000.0,95918706.0,Fox Searchlight Pictures,119.0
The Meg,PG-13,Action,2018,"August 10, 2018 (United States)",5.6,157000.0,Jon Turteltaub,Dean Georgaris,Jason Statham,United States,130000000.0,530259473.0,Di Bonaventura Pictures,113.0
Mandy,Not Rated,Horror,2018,"September 14, 2018 (United States)",6.5,68000.0,Panos Cosmatos,Panos Cosmatos,Nicolas Cage,United Kingdom,6000000.0,1555203.0,SpectreVision,121.0
Sicario: Day of the Soldado,R,Action,2018,"June 29, 2018 (United States)",7.1,132000.0,Stefano Sollima,Taylor Sheridan,Benicio Del Toro,United States,35000000.0,75837743.0,Columbia Pictures,122.0
Fifty Shades Freed,R,Drama,2018,"February 9, 2018 (United States)",4.5,59000.0,James Foley,Niall Leonard,Dakota Johnson,United States,55000000.0,371987838.0,Perfect World Pictures,105.0
Halloween,R,Crime,2018,"October 19, 2018 (United States)",6.5,126000.0,David Gordon Green,John Carpenter,Jamie Lee Curtis,United States,10000000.0,255614941.0,Blumhouse Productions,106.0
Incredibles 2,PG,Animation,2018,"June 15, 2018 (United States)",7.6,263000.0,Brad Bird,Brad Bird,Craig T. Nelson,United States,200000000.0,1244639527.0,Walt Disney Pictures,118.0
The First Purge,R,Action,2018,"July 4, 2018 (United States)",5.2,58000.0,Gerard McMurray,James DeMonaco,Y'lan Noel,United States,13000000.0,137056262.0,Blumhouse Productions,97.0
Ophelia,PG-13,Drama,2018,"June 28, 2019 (United States)",6.6,8500.0,Claire McCarthy,Semi Chellas,Daisy Ridley,United Kingdom,12000000.0,242115.0,Covert Media,106.0
The Nun,R,Horror,2018,"September 7, 2018 (United States)",5.3,127000.0,Corin Hardy,Gary Dauberman,Demián Bichir,United States,22000000.0,365551694.0,Atomic Monster,96.0
The Equalizer 2,R,Action,2018,"July 20, 2018 (United States)",6.7,141000.0,Antoine Fuqua,Richard Wenk,Denzel Washington,United States,62000000.0,190400157.0,Columbia Pictures,121.0
The Commuter,PG-13,Action,2018,"January 12, 2018 (United States)",6.3,107000.0,Jaume Collet-Serra,Byron Willinger,Liam Neeson,United States,30000000.0,119942387.0,StudioCanal,104.0
Game Night,R,Action,2018,"February 23, 2018 (United States)",6.9,215000.0,John Francis Daley,Mark Perez,Jason Bateman,United States,37000000.0,117679066.0,Access Entertainment,100.0
Tag,R,Action,2018,"June 15, 2018 (United States)",6.5,121000.0,Jeff Tomsic,Rob McKittrick,Jeremy Renner,United States,28000000.0,78130625.0,Broken Road Productions,100.0
The Hate U Give,PG-13,Crime,2018,"October 19, 2018 (United States)",7.5,33000.0,George Tillman Jr.,Audrey Wells,Amandla Stenberg,United States,23000000.0,34934009.0,Fox 2000 Pictures,133.0
Bad Times at the El Royale,R,Crime,2018,"October 12, 2018 (United States)",7.1,135000.0,Drew Goddard,Drew Goddard,Jeff Bridges,United States,32000000.0,31882724.0,Goddard Textiles,141.0
Fantastic Beasts: The Crimes of Grindelwald,PG-13,Adventure,2018,"November 16, 2018 (United States)",6.5,234000.0,David Yates,J.K. Rowling,Eddie Redmayne,United Kingdom,200000000.0,654855901.0,Heyday Films,134.0
Hunter Killer,R,Action,2018,"October 26, 2018 (United States)",6.6,58000.0,Donovan Marsh,Arne Schmidt,Gerard Butler,United Kingdom,40000000.0,31676128.0,Hunter Killer Productions,121.0
The Mule,R,Crime,2018,"December 14, 2018 (United States)",7.0,121000.0,Clint Eastwood,Nick Schenk,Clint Eastwood,United States,50000000.0,174804407.0,Warner Bros.,116.0
Robin Hood,PG-13,Action,2018,"November 21, 2018 (United States)",5.3,68000.0,Otto Bathurst,Ben Chandler,Taron Egerton,United States,100000000.0,86493046.0,Summit Entertainment,116.0
Beautiful Boy,R,Biography,2018,"October 25, 2018 (Israel)",7.3,59000.0,Felix van Groeningen,Luke Davies,Steve Carell,United States,25000000.0,16636604.0,Amazon Studios,120.0
Capharnaüm,R,Drama,2018,"September 20, 2018 (Lebanon)",8.4,71000.0,Nadine Labaki,Nadine Labaki,Zain Al Rafeea,Lebanon,4000000.0,64417003.0,Mooz Films,126.0
Adrift,PG-13,Action,2018,"June 1, 2018 (United States)",6.6,50000.0,Baltasar Kormákur,Aaron Kandell,Shailene Woodley,Hong Kong,35000000.0,59945012.0,Huayi Brothers,96.0
"Love, Simon",PG-13,Comedy,2018,"March 16, 2018 (United States)",7.6,104000.0,Greg Berlanti,Becky Albertalli,Nick Robinson,United States,17000000.0,66316289.0,Fox 2000 Pictures,110.0
Mary Poppins Returns,PG,Comedy,2018,"December 19, 2018 (United States)",6.7,80000.0,Rob Marshall,P.L. Travers,Emily Blunt,United States,130000000.0,349546142.0,Lucamar Productions,130.0
Bumblebee,PG-13,Action,2018,"December 21, 2018 (United States)",6.7,147000.0,Travis Knight,Christina Hodson,Hailee Steinfeld,China,135000000.0,467989645.0,Hasbro,114.0
Vice,R,Biography,2018,"December 25, 2018 (United States)",7.2,130000.0,Adam McKay,Adam McKay,Christian Bale,United States,60000000.0,76073488.0,Annapurna Pictures,132.0
Hotel Transylvania 3: Summer Vacation,PG,Animation,2018,"July 13, 2018 (United States)",6.3,62000.0,Genndy Tartakovsky,Genndy Tartakovsky,Adam Sandler,United States,80000000.0,528583774.0,Sony Pictures Animation,97.0
Mile 22,R,Action,2018,"August 17, 2018 (United States)",6.1,72000.0,Peter Berg,Graham Roland,Mark Wahlberg,United States,50000000.0,66308758.0,STX Entertainment,94.0
Peter Rabbit,PG,Animation,2018,"February 9, 2018 (United States)",6.6,38000.0,Will Gluck,Rob Lieber,James Corden,United States,50000000.0,351496066.0,Columbia Pictures,95.0
12 Strong,R,Action,2018,"January 19, 2018 (United States)",6.6,72000.0,Nicolai Fuglsig,Ted Tally,Chris Hemsworth,United States,35000000.0,67450815.0,Alcon Entertainment,130.0
The Spy Who Dumped Me,R,Action,2018,"August 3, 2018 (United States)",6.1,72000.0,Susanna Fogel,Susanna Fogel,Justin Theroux,Canada,40000000.0,75339459.0,BRON Studios,117.0
Upgrade,R,Action,2018,"June 1, 2018 (United States)",7.5,168000.0,Leigh Whannell,Leigh Whannell,Logan Marshall-Green,United States,5000000.0,16706680.0,Goalpost Pictures,100.0
Mary Queen of Scots,R,Biography,2018,"December 21, 2018 (United States)",6.3,45000.0,Josie Rourke,Beau Willimon,Saoirse Ronan,United Kingdom,25000000.0,46712809.0,Focus Features,124.0
Ralph Breaks the Internet,PG,Animation,2018,"November 21, 2018 (United States)",7.0,140000.0,Phil Johnston,Phil Johnston,John C. Reilly,United States,175000000.0,529323962.0,Walt Disney Animation Studios,112.0
Overlord,R,Action,2018,"November 9, 2018 (United States)",6.6,91000.0,Julius Avery,Billy Ray,Jovan Adepo,United States,38000000.0,41657844.0,Bad Robot,110.0
Tomb Raider,PG-13,Action,2018,"March 16, 2018 (United States)",6.3,197000.0,Roar Uthaug,Geneva Robertson-Dworet,Alicia Vikander,United Kingdom,94000000.0,274650803.0,Warner Bros.,119.0
The Girl in the Spider's Web,R,Action,2018,"November 9, 2018 (United States)",6.1,44000.0,Fede Alvarez,David Lagercrantz,Claire Foy,Germany,43000000.0,35164920.0,Columbia Pictures,115.0
Mortal Engines,PG-13,Action,2018,"December 14, 2018 (United States)",6.1,115000.0,Christian Rivers,Fran Walsh,Hera Hilmar,United States,100000000.0,83869818.0,Media Rights Capital (MRC),128.0
Maze Runner: The Death Cure,PG-13,Action,2018,"January 26, 2018 (United States)",6.3,121000.0,Wes Ball,T.S. Nowlin,Dylan O'Brien,United States,62000000.0,288175335.0,Gotham Group,143.0
First Man,PG-13,Biography,2018,"October 12, 2018 (United States)",7.3,176000.0,Damien Chazelle,Josh Singer,Ryan Gosling,United States,59000000.0,105713218.0,Universal Pictures,141.0
Creed II,PG-13,Drama,2018,"November 21, 2018 (United States)",7.1,111000.0,Steven Caple Jr.,Juel Taylor,Michael B. Jordan,United States,50000000.0,214215889.0,Metro-Goldwyn-Mayer (MGM),130.0
Rampage,PG-13,Action,2018,"April 13, 2018 (United States)",6.1,151000.0,Brad Peyton,Ryan Engle,Dwayne Johnson,United States,120000000.0,428028233.0,New Line Cinema,107.0
Mid90s,R,Comedy,2018,"October 26, 2018 (United States)",7.4,54000.0,Jonah Hill,Jonah Hill,Sunny Suljic,United States,10000000.0,9303022.0,A24,85.0
Replicas,PG-13,Drama,2018,"January 11, 2019 (United States)",5.5,34000.0,Jeffrey Nachmanoff,Chad St. John,Keanu Reeves,United Kingdom,30000000.0,9330075.0,Company Films,107.0
Widows,R,Crime,2018,"November 16, 2018 (United States)",6.9,91000.0,Steve McQueen,Gillian Flynn,Viola Davis,United Kingdom,42000000.0,75984700.0,New Regency Productions,129.0
Searching,PG-13,Drama,2018,"August 31, 2018 (United States)",7.6,148000.0,Aneesh Chaganty,Aneesh Chaganty,John Cho,United States,880000.0,75462037.0,Screen Gems,102.0
Life Itself,R,Drama,2018,"September 21, 2018 (United States)",6.9,19000.0,Dan Fogelman,Dan Fogelman,Oscar Isaac,United States,10000000.0,7997774.0,FilmNation Entertainment,117.0
Blockers,R,Comedy,2018,"April 6, 2018 (United States)",6.2,74000.0,Kay Cannon,Brian Kehoe,Leslie Mann,United States,21000000.0,94019120.0,Point Grey Pictures,102.0
The Strangers: Prey at Night,R,Horror,2018,"March 9, 2018 (United States)",5.2,28000.0,Johannes Roberts,Bryan Bertino,Christina Hendricks,United States,5000000.0,31039126.0,Aviron Pictures,85.0
Peppermint,R,Action,2018,"September 7, 2018 (United States)",6.5,60000.0,Pierre Morel,Chad St. John,Jennifer Garner,Hong Kong,25000000.0,53918723.0,STX Films,101.0
Every Day,PG-13,Drama,2018,"February 23, 2018 (United States)",6.5,20000.0,Michael Sucsy,Jesse Andrews,Angourie Rice,Canada,4900000.0,10421847.0,Likely Story,97.0
Operation Finale,PG-13,Biography,2018,"August 29, 2018 (United States)",6.6,36000.0,Chris Weitz,Matthew Orton,Oscar Isaac,United States,24000000.0,17612099.0,Metro-Goldwyn-Mayer (MGM),122.0
The Sisters Brothers,R,Crime,2018,"October 19, 2018 (United States)",7.0,58000.0,Jacques Audiard,Jacques Audiard,John C. Reilly,France,38000000.0,13143056.0,Why Not Productions,122.0
I Feel Pretty,PG-13,Comedy,2018,"April 20, 2018 (United States)",5.5,51000.0,Abby Kohn,Abby Kohn,Amy Schumer,China,32000000.0,94539426.0,Huayi Brothers Pictures,110.0
Hotel Artemis,R,Action,2018,"June 8, 2018 (United States)",6.1,49000.0,Drew Pearce,Drew Pearce,Jodie Foster,United Kingdom,15000000.0,13313581.0,The Ink Factory,94.0
Slender Man,PG-13,Horror,2018,"August 10, 2018 (United States)",3.2,30000.0,Sylvain White,David Birke,Joey King,United States,10000000.0,51738549.0,Screen Gems,93.0
Book Club,PG-13,Comedy,2018,"May 18, 2018 (United States)",6.1,26000.0,Bill Holderman,Bill Holderman,Diane Keaton,United States,10000000.0,104438188.0,Apartment Story,104.0
Sorry to Bother You,R,Comedy,2018,"July 13, 2018 (United States)",6.9,69000.0,Boots Riley,Boots Riley,LaKeith Stanfield,United States,3200000.0,18170707.0,Cinereach,112.0
Pacific Rim: Uprising,PG-13,Action,2018,"March 23, 2018 (United States)",5.6,110000.0,Steven S. DeKnight,Steven S. DeKnight,John Boyega,United Kingdom,150000000.0,290930148.0,Legendary Entertainment,111.0
Holmes & Watson,PG-13,Comedy,2018,"December 25, 2018 (United States)",3.8,33000.0,Etan Cohen,Etan Cohen,Will Ferrell,United States,42000000.0,40466970.0,Columbia Pictures,90.0
The Darkest Minds,PG-13,Action,2018,"August 3, 2018 (United States)",5.7,30000.0,Jennifer Yuh Nelson,Chad Hodge,Amandla Stenberg,United States,34000000.0,41142379.0,21 Laps Entertainment,104.0
Truth or Dare,PG-13,Horror,2018,"April 13, 2018 (United States)",5.2,50000.0,Jeff Wadlow,Michael Reisz,Lucy Hale,United States,3500000.0,95330710.0,Blumhouse Productions,100.0
Alpha,PG-13,Action,2018,"August 17, 2018 (United States)",6.7,58000.0,Albert Hughes,Daniele Sebastian Wiedenhaupt,Kodi Smit-McPhee,United States,51000000.0,98203196.0,Studio 8,96.0
Overboard,PG-13,Comedy,2018,"May 4, 2018 (United States)",6.0,36000.0,Rob Greenberg,Bob Fisher,Eugenio Derbez,United States,12000000.0,91244913.0,Metro-Goldwyn-Mayer (MGM),112.0
Arctic,PG-13,Adventure,2018,"January 31, 2019 (Denmark)",6.8,46000.0,Joe Penna,Joe Penna,Mads Mikkelsen,Iceland,2000000.0,4165776.0,Armory Films,98.0
A Wrinkle in Time,PG,Adventure,2018,"March 9, 2018 (United States)",4.2,42000.0,Ava DuVernay,Jennifer Lee,Storm Reid,United States,100000000.0,132675864.0,Legend3D,109.0
London Fields,R,Crime,2018,"October 26, 2018 (United States)",4.0,7800.0,Mathew Cullen,Roberta Hanley,Amber Heard,United Kingdom,8000000.0,487420.0,Muse Productions,118.0
Andhadhun,Not Rated,Crime,2018,"October 5, 2018 (United States)",8.2,79000.0,Sriram Raghavan,Arijit Biswas,Ayushmann Khurrana,India,4500000.0,62475342.0,Matchbox Pictures,139.0
Life of the Party,PG-13,Comedy,2018,"May 11, 2018 (United States)",5.6,35000.0,Ben Falcone,Melissa McCarthy,Melissa McCarthy,United States,30000000.0,65859911.0,New Line Cinema,105.0
The House with a Clock in Its Walls,PG,Comedy,2018,"September 21, 2018 (United States)",6.1,48000.0,Eli Roth,John Bellairs,Jack Black,United States,42000000.0,131523093.0,DreamWorks,105.0
Brian Banks,PG-13,Biography,2018,"August 9, 2019 (United States)",7.2,5400.0,Tom Shadyac,Doug Atchison,Aldis Hodge,United States,10000000.0,4376819.0,ShivHans Pictures,99.0
Gotti,R,Biography,2018,"June 14, 2018 (Hungary)",4.7,14000.0,Kevin Connolly,Leo Rossi,John Travolta,Canada,10000000.0,6412349.0,Emmett/Furla/Oasis Films (EFO Films),112.0
Christopher Robin,PG,Adventure,2018,"August 3, 2018 (United States)",7.3,72000.0,Marc Forster,A.A. Milne,Ewan McGregor,United Kingdom,75000000.0,197744377.0,2DUX²,104.0
Destroyer,R,Action,2018,"December 27, 2018 (Israel)",6.2,27000.0,Karyn Kusama,Phil Hay,Nicole Kidman,United States,9000000.0,5580940.0,Annapurna Pictures,121.0
Insidious: The Last Key,PG-13,Horror,2018,"January 5, 2018 (United States)",5.7,55000.0,Adam Robitel,Leigh Whannell,Lin Shaye,United States,10000000.0,167885588.0,Blumhouse Productions,103.0
Can You Ever Forgive Me?,R,Biography,2018,"November 2, 2018 (South Africa)",7.1,49000.0,Marielle Heller,Nicole Holofcener,Melissa McCarthy,United States,10000000.0,12442161.0,Archer Gray,106.0
Unsane,R,Drama,2018,"March 23, 2018 (United States)",6.4,42000.0,Steven Soderbergh,Jonathan Bernstein,Claire Foy,United States,1500000.0,14293601.0,Fingerprint Releasing,98.0
Boy Erased,R,Biography,2018,"November 8, 2018 (Australia)",6.9,35000.0,Joel Edgerton,Garrard Conley,Lucas Hedges,Australia,11000000.0,11853081.0,Focus Features,115.0
Johnny English Strikes Again,PG,Action,2018,"October 26, 2018 (United States)",6.2,67000.0,David Kerr,William Davies,Rowan Atkinson,United Kingdom,25000000.0,158972499.0,Universal Pictures,89.0
Skyscraper,PG-13,Action,2018,"July 13, 2018 (United States)",5.8,111000.0,Rawson Marshall Thurber,Rawson Marshall Thurber,Dwayne Johnson,United States,125000000.0,304868961.0,Legendary Entertainment,102.0
Forever My Girl,PG,Comedy,2018,"January 19, 2018 (United States)",6.7,16000.0,Bethany Ashton Wolf,Bethany Ashton Wolf,Alex Roe,United States,3500000.0,16376066.0,LD Entertainment,108.0
On the Basis of Sex,PG-13,Biography,2018,"January 11, 2019 (United States)",7.1,31000.0,Mimi Leder,Daniel Stiepleman,Felicity Jones,United States,20000000.0,38755900.0,Alibaba Pictures,120.0
The Catcher Was a Spy,R,Biography,2018,"June 22, 2018 (United States)",6.2,8500.0,Ben Lewin,Robert Rodat,Paul Rudd,United States,14000000.0,953953.0,PalmStar Media,94.0
Welcome to Marwen,PG-13,Biography,2018,"December 21, 2018 (United States)",6.2,21000.0,Robert Zemeckis,Robert Zemeckis,Steve Carell,Japan,39000000.0,13061491.0,Universal Pictures,116.0
Assassination Nation,R,Action,2018,"September 21, 2018 (United States)",6.0,17000.0,Sam Levinson,Sam Levinson,Odessa Young,United States,7000000.0,2584988.0,BRON Studios,108.0
Unfriended: Dark Web,R,Horror,2018,"July 20, 2018 (United States)",6.0,29000.0,Stephen Susco,Stephen Susco,Colin Woodell,United States,1000000.0,16024987.0,Bazelevs Production,92.0
The Nutcracker and the Four Realms,PG,Adventure,2018,"November 2, 2018 (United States)",5.6,30000.0,Lasse Hallström,Ashleigh Powell,Mackenzie Foy,United States,120000000.0,173961069.0,Walt Disney Pictures,99.0
The Happytime Murders,R,Action,2018,"August 24, 2018 (United States)",5.4,26000.0,Brian Henson,Todd Berger,Melissa McCarthy,United States,40000000.0,27506452.0,STX Entertainment,91.0
Tully,R,Comedy,2018,"May 4, 2018 (United States)",7.0,55000.0,Jason Reitman,Diablo Cody,Charlize Theron,United States,13000000.0,15636462.0,BRON Studios,95.0
Night School,PG-13,Comedy,2018,"September 28, 2018 (United States)",5.6,38000.0,Malcolm D. Lee,Kevin Hart,Kevin Hart,United States,29000000.0,103105878.0,Hartbeat Productions,111.0
Smallfoot,PG,Animation,2018,"September 28, 2018 (United States)",6.6,36000.0,Karey Kirkpatrick,Karey Kirkpatrick,Channing Tatum,United States,80000000.0,214040103.0,Warner Animation Group,96.0
Hell Fest,R,Horror,2018,"September 28, 2018 (United States)",5.5,15000.0,Gregory Plotkin,Seth M. Sherwood,Cynthea Mercado,United States,5500000.0,18160930.0,CBS Films,89.0
Second Act,PG-13,Comedy,2018,"December 21, 2018 (United States)",5.8,24000.0,Peter Segal,Justin Zackham,Jennifer Lopez,United States,16000000.0,72294066.0,Huayi Brothers,103.0
Uncle Drew,PG-13,Comedy,2018,"June 29, 2018 (United States)",5.8,13000.0,Charles Stone III,Jay Longino,Kyrie Irving,United States,19000000.0,46664414.0,Summit Entertainment,103.0
The Possession of Hannah Grace,R,Horror,2018,"November 30, 2018 (United States)",5.2,20000.0,Diederik Van Rooijen,Brian Sieve,Shay Mitchell,United States,7700000.0,43016528.0,Screen Gems,86.0
If Beale Street Could Talk,R,Drama,2018,"December 25, 2018 (United States)",7.1,45000.0,Barry Jenkins,Barry Jenkins,KiKi Layne,United States,12000000.0,20596567.0,Annapurna Pictures,119.0
The Grinch,PG,Animation,2018,"November 9, 2018 (United States)",6.3,58000.0,Yarrow Cheney,Michael LeSieur,Benedict Cumberbatch,France,75000000.0,512492755.0,Universal Pictures,85.0
Winchester,PG-13,Biography,2018,"February 2, 2018 (United States)",5.5,32000.0,Michael Spierig,Tom Vaughan,Helen Mirren,Australia,3500000.0,44019588.0,CBS Films,99.0
The 15:17 to Paris,PG-13,Biography,2018,"February 9, 2018 (United States)",5.3,30000.0,Clint Eastwood,Dorothy Blyskal,Alek Skarlatos,United States,30000000.0,57076286.0,Warner Bros.,94.0
Action Point,R,Comedy,2018,"June 1, 2018 (United States)",5.1,11000.0,Tim Kirkby,John Altschuler,Johnny Knoxville,United States,19000000.0,5103663.0,Paramount Pictures,85.0
Super Troopers 2,R,Comedy,2018,"April 20, 2018 (United States)",6.1,25000.0,Jay Chandrasekhar,Jay Chandrasekhar,Jay Chandrasekhar,United States,13500000.0,31626386.0,Votiv Films,99.0
The Death & Life of John F. Donovan,R,Drama,2018,"December 13, 2019 (United States)",6.2,5900.0,Xavier Dolan,Xavier Dolan,Kit Harington,Canada,35000000.0,3326364.0,Lyla Films,123.0
Stan & Ollie,PG,Biography,2018,"January 11, 2019 (United Kingdom)",7.2,34000.0,Jon S. Baird,Jeff Pope,Steve Coogan,United Kingdom,10000000.0,24420923.0,Entertainment One,98.0
SuperFly,R,Action,2018,"June 13, 2018 (United States)",5.2,6500.0,Director X.,Alex Tse,Trevor Jackson,United States,16000000.0,20780685.0,Columbia Pictures,116.0
Early Man,PG,Animation,2018,"February 16, 2018 (United States)",6.1,21000.0,Nick Park,Mark Burton,Eddie Redmayne,France,50000000.0,54622814.0,Summit Entertainment,89.0
I Can Only Imagine,PG,Biography,2018,"March 16, 2018 (United States)",7.3,15000.0,Andrew Erwin,Bart Millard,J. Michael Finley,United States,7000000.0,86086881.0,Kevin Downes Productions,110.0
Dragon Ball Super: Broly,PG,Animation,2018,"January 16, 2019 (United States)",7.8,24000.0,Tatsuya Nagamine,Akira Toriyama,Masako Nozawa,Japan,8500000.0,115757940.0,Toei Company,100.0
Kin,PG-13,Action,2018,"August 31, 2018 (United States)",5.8,16000.0,Jonathan Baker,Jonathan Baker,Myles Truitt,United States,30000000.0,10313019.0,Summit Entertainment,102.0
Goosebumps 2: Haunted Halloween,PG,Animation,2018,"October 12, 2018 (United States)",5.6,19000.0,Ari Sandel,Rob Lieber,Wendi McLendon-Covey,United States,35000000.0,93320380.0,Sony Pictures Animation,90.0
Nobody's Fool,R,Comedy,2018,"November 2, 2018 (United States)",4.9,7000.0,Tyler Perry,Tyler Perry,Tiffany Haddish,United States,19000000.0,33705333.0,BET Films,110.0
Midsommar,R,Drama,2019,"July 3, 2019 (United States)",7.1,232000.0,Ari Aster,Ari Aster,Florence Pugh,United States,9000000.0,47967636.0,A24,148.0
Once Upon a Time... In Hollywood,R,Comedy,2019,"July 26, 2019 (United States)",7.6,603000.0,Quentin Tarantino,Quentin Tarantino,Leonardo DiCaprio,United States,90000000.0,374565754.0,Columbia Pictures,161.0
Avengers: Endgame,PG-13,Action,2019,"April 26, 2019 (United States)",8.4,903000.0,Anthony Russo,Christopher Markus,Robert Downey Jr.,United States,356000000.0,2797501328.0,Marvel Studios,181.0
Fighting with My Family,PG-13,Biography,2019,"February 22, 2019 (United States)",7.1,71000.0,Stephen Merchant,Stephen Merchant,Dwayne Johnson,United Kingdom,11000000.0,40811919.0,Metro-Goldwyn-Mayer (MGM),108.0
Little Women,PG,Drama,2019,"December 25, 2019 (United States)",7.8,159000.0,Greta Gerwig,Greta Gerwig,Saoirse Ronan,United States,40000000.0,216601214.0,Columbia Pictures,135.0
Escape Room,PG-13,Action,2019,"January 4, 2019 (United States)",6.4,97000.0,Adam Robitel,Bragi F. Schut,Taylor Russell,United States,9000000.0,155712077.0,Columbia Pictures,99.0
Joker,R,Crime,2019,"October 4, 2019 (United States)",8.4,1000000.0,Todd Phillips,Todd Phillips,Joaquin Phoenix,United States,55000000.0,1074427370.0,Warner Bros.,122.0
Yesterday,PG-13,Comedy,2019,"June 28, 2019 (United States)",6.8,131000.0,Danny Boyle,Richard Curtis,Himesh Patel,United Kingdom,26000000.0,153193369.0,Decibel Films,116.0
Parasite,R,Comedy,2019,"November 8, 2019 (United States)",8.6,631000.0,Bong Joon Ho,Bong Joon Ho,Kang-ho Song,South Korea,11400000.0,258908054.0,Barunson E&A,132.0
John Wick: Chapter 3 - Parabellum,R,Action,2019,"May 17, 2019 (United States)",7.4,296000.0,Chad Stahelski,Derek Kolstad,Keanu Reeves,United States,75000000.0,327281779.0,Lionsgate,130.0
Knives Out,PG-13,Comedy,2019,"November 27, 2019 (United States)",7.9,505000.0,Rian Johnson,Rian Johnson,Daniel Craig,United States,40000000.0,311539397.0,Lionsgate,130.0
Fast & Furious Presents: Hobbs & Shaw,PG-13,Action,2019,"August 2, 2019 (United States)",6.4,184000.0,David Leitch,Chris Morgan,Dwayne Johnson,United States,200000000.0,759056935.0,Chris Morgan Productions,137.0
Captain Marvel,PG-13,Action,2019,"March 8, 2019 (United States)",6.8,478000.0,Anna Boden,Anna Boden,Brie Larson,United States,160000000.0,1128462972.0,Walt Disney Pictures,123.0
After,PG-13,Drama,2019,"April 12, 2019 (United States)",5.3,44000.0,Jenny Gage,Susan McMartin,Josephine Langford,United States,14000000.0,69756455.0,CalMaple,105.0
Spider-Man: Far from Home,PG-13,Action,2019,"July 2, 2019 (United States)",7.5,359000.0,Jon Watts,Chris McKenna,Tom Holland,United States,160000000.0,1131927996.0,Columbia Pictures,129.0
Jojo Rabbit,PG-13,Comedy,2019,"November 8, 2019 (United States)",7.9,328000.0,Taika Waititi,Christine Leunens,Roman Griffin Davis,New Zealand,14000000.0,90335025.0,TSG Entertainment,108.0
Shazam!,PG-13,Action,2019,"April 5, 2019 (United States)",7.0,284000.0,David F. Sandberg,Henry Gayden,Zachary Levi,United States,100000000.0,365971656.0,Warner Bros.,132.0
It Chapter Two,R,Drama,2019,"September 6, 2019 (United States)",6.5,222000.0,Andy Muschietti,Stephen King,Jessica Chastain,United States,79000000.0,473093228.0,New Line Cinema,169.0
1917,R,Drama,2019,"January 10, 2020 (United States)",8.3,473000.0,Sam Mendes,Sam Mendes,Dean-Charles Chapman,United States,95000000.0,384623579.0,Dreamworks Pictures,119.0
Star Wars: Episode IX - The Rise of Skywalker,PG-13,Action,2019,"December 20, 2019 (United States)",6.5,394000.0,J.J. Abrams,Chris Terrio,Daisy Ridley,United States,275000000.0,1078232589.0,Walt Disney Pictures,141.0
Ford v Ferrari,PG-13,Action,2019,"November 15, 2019 (United States)",8.1,323000.0,James Mangold,Jez Butterworth,Matt Damon,United States,97600000.0,225508210.0,Chernin Entertainment,152.0
The Irishman,R,Biography,2019,"November 27, 2019 (United States)",7.8,344000.0,Martin Scorsese,Steven Zaillian,Robert De Niro,United States,159000000.0,968853.0,Tribeca Productions,209.0
Jumanji: The Next Level,PG-13,Action,2019,"December 13, 2019 (United States)",6.6,204000.0,Jake Kasdan,Jake Kasdan,Dwayne Johnson,United States,125000000.0,800059707.0,Columbia Pictures,123.0
Alita: Battle Angel,PG-13,Action,2019,"February 14, 2019 (United States)",7.3,240000.0,Robert Rodriguez,James Cameron,Rosa Salazar,United States,170000000.0,404980543.0,Twentieth Century Fox,122.0
Us,R,Horror,2019,"March 22, 2019 (United States)",6.8,247000.0,Jordan Peele,Jordan Peele,Lupita Nyong'o,United States,20000000.0,255184580.0,Monkeypaw Productions,116.0
Ready or Not,R,Action,2019,"August 21, 2019 (United States)",6.9,121000.0,Matt Bettinelli-Olpin,Guy Busick,Samara Weaving,United States,6000000.0,57615777.0,Fox Searchlight Pictures,95.0
Hellboy,R,Action,2019,"April 12, 2019 (United States)",5.2,82000.0,Neil Marshall,Andrew Cosby,David Harbour,United States,50000000.0,55065289.0,Summit Entertainment,120.0
Terminator: Dark Fate,R,Action,2019,"November 1, 2019 (United States)",6.2,159000.0,Tim Miller,David S. Goyer,Linda Hamilton,United States,185000000.0,261119292.0,Paramount Pictures,128.0
Downton Abbey,PG,Drama,2019,"September 20, 2019 (United States)",7.4,43000.0,Michael Engler,Julian Fellowes,Stephen Campbell Moore,United Kingdom,13000000.0,237860050.0,Carnival Film & Television,122.0
Gemini Man,PG-13,Action,2019,"October 11, 2019 (United States)",5.7,98000.0,Ang Lee,David Benioff,Will Smith,China,138000000.0,173469516.0,Skydance Media,117.0
Booksmart,R,Comedy,2019,"May 24, 2019 (United States)",7.2,102000.0,Olivia Wilde,Emily Halpern,Kaitlyn Dever,United States,6000000.0,24959607.0,Annapurna Pictures,102.0
Dora and the Lost City of Gold,PG,Adventure,2019,"August 9, 2019 (United States)",6.1,27000.0,James Bobin,Nicholas Stoller,Isabela Merced,United States,49000000.0,119682635.0,Paramount Players,102.0
Glass,PG-13,Drama,2019,"January 18, 2019 (United States)",6.6,219000.0,M. Night Shyamalan,M. Night Shyamalan,James McAvoy,United States,20000000.0,246999039.0,Buena Vista International,129.0
The Best of Enemies,PG-13,Biography,2019,"April 5, 2019 (United States)",7.2,13000.0,Robin Bissell,Robin Bissell,Taraji P. Henson,United States,10000000.0,10209813.0,Astute Films,133.0
The Lion King,PG,Animation,2019,"July 19, 2019 (United States)",6.9,222000.0,Jon Favreau,Jeff Nathanson,Donald Glover,United States,260000000.0,1670727580.0,Walt Disney Pictures,118.0
Aladdin,PG,Adventure,2019,"May 24, 2019 (United States)",6.9,239000.0,Guy Ritchie,John August,Will Smith,United Kingdom,183000000.0,1050693953.0,Walt Disney Pictures,128.0
Marriage Story,R,Comedy,2019,"December 6, 2019 (United States)",7.9,265000.0,Noah Baumbach,Noah Baumbach,Adam Driver,United Kingdom,18600000.0,333686.0,Heyday Films,137.0
Godzilla: King of the Monsters,PG-13,Action,2019,"May 31, 2019 (United States)",6.0,162000.0,Michael Dougherty,Michael Dougherty,Kyle Chandler,United States,170000000.0,386600138.0,Warner Bros.,132.0
Rocketman,R,Biography,2019,"May 31, 2019 (United States)",7.3,153000.0,Dexter Fletcher,Lee Hall,Taron Egerton,United Kingdom,40000000.0,195179299.0,Paramount Pictures,121.0
Hustlers,R,Comedy,2019,"September 13, 2019 (United States)",6.3,89000.0,Lorene Scafaria,Lorene Scafaria,Constance Wu,United States,20000000.0,157563598.0,Annapurna Pictures,110.0
Toy Story 4,G,Animation,2019,"June 21, 2019 (United States)",7.7,217000.0,Josh Cooley,John Lasseter,Tom Hanks,United States,200000000.0,1073394593.0,Pixar Animation Studios,100.0
Zombieland: Double Tap,R,Action,2019,"October 18, 2019 (United States)",6.7,151000.0,Ruben Fleischer,Rhett Reese,Woody Harrelson,United States,42000000.0,122810399.0,2.0 Entertainment,99.0
Long Shot,R,Comedy,2019,"May 3, 2019 (United States)",6.8,101000.0,Jonathan Levine,Dan Sterling,Charlize Theron,United States,40000000.0,53873809.0,Summit Entertainment,125.0
Angel Has Fallen,R,Action,2019,"August 23, 2019 (United States)",6.4,86000.0,Ric Roman Waugh,Robert Mark Kamen,Gerard Butler,United States,40000000.0,146661977.0,Millennium Media,121.0
Men in Black: International,PG-13,Action,2019,"June 14, 2019 (United States)",5.6,119000.0,F. Gary Gray,Matt Holloway,Chris Hemsworth,China,110000000.0,253890701.0,Columbia Pictures,114.0
X-Men: Dark Phoenix,PG-13,Action,2019,"June 7, 2019 (United States)",5.7,166000.0,Simon Kinberg,Simon Kinberg,James McAvoy,United States,200000000.0,252442974.0,Twentieth Century Fox,113.0
Frozen II,PG,Animation,2019,"November 22, 2019 (United States)",6.8,148000.0,Chris Buck,Jennifer Lee,Kristen Bell,United States,150000000.0,1450026933.0,Walt Disney Animation Studios,103.0
Brightburn,R,Drama,2019,"May 24, 2019 (United States)",6.1,87000.0,David Yarovesky,Brian Gunn,Elizabeth Banks,United States,6000000.0,32893421.0,Screen Gems,90.0
Ad Astra,PG-13,Adventure,2019,"September 20, 2019 (United States)",6.5,208000.0,James Gray,James Gray,Brad Pitt,China,90000000.0,127461872.0,New Regency Productions,123.0
The Peanut Butter Falcon,PG-13,Adventure,2019,"August 23, 2019 (United States)",7.6,73000.0,Tyler Nilson,Tyler Nilson,Zack Gottsagen,United States,6200000.0,133031473.0,Armory Films,97.0
Good Boys,R,Adventure,2019,"August 16, 2019 (United States)",6.7,66000.0,Gene Stupnitsky,Lee Eisenberg,Jacob Tremblay,United States,20000000.0,111037232.0,Universal Pictures,90.0
Ma,R,Horror,2019,"May 31, 2019 (United States)",5.6,46000.0,Tate Taylor,Scotty Landes,Octavia Spencer,Japan,5000000.0,61105744.0,Blumhouse Productions,99.0
Five Feet Apart,PG-13,Drama,2019,"March 15, 2019 (United States)",7.2,51000.0,Justin Baldoni,Mikki Daughtry,Haley Lu Richardson,United States,7000000.0,91527795.0,CBS Films,116.0
Cold Pursuit,R,Action,2019,"February 8, 2019 (United States)",6.2,61000.0,Hans Petter Moland,Frank Baldwin,Liam Neeson,United Kingdom,60000000.0,76419755.0,Summit Entertainment,119.0
Crawl,R,Action,2019,"July 12, 2019 (United States)",6.1,74000.0,Alexandre Aja,Michael Rasmussen,Kaya Scodelario,United States,13500000.0,91542097.0,Paramount Pictures,87.0
Annabelle Comes Home,R,Horror,2019,"June 26, 2019 (United States)",5.9,65000.0,Gary Dauberman,Gary Dauberman,Vera Farmiga,United States,30000000.0,231252591.0,New Line Cinema,106.0
Rambo: Last Blood,R,Action,2019,"September 20, 2019 (United States)",6.1,87000.0,Adrian Grunberg,Matthew Cirulnick,Sylvester Stallone,United States,50000000.0,91490353.0,Lionsgate,89.0
Late Night,R,Comedy,2019,"June 14, 2019 (United States)",6.5,33000.0,Nisha Ganatra,Mindy Kaling,Emma Thompson,United States,4000000.0,22386555.0,3 Arts Entertainment,102.0
The Addams Family,PG,Animation,2019,"October 11, 2019 (United States)",5.8,31000.0,Greg Tiernan,Matt Lieberman,Oscar Isaac,Canada,24000000.0,203783566.0,Metro-Goldwyn-Mayer (MGM),86.0
The Goldfinch,R,Drama,2019,"September 13, 2019 (United States)",6.3,19000.0,John Crowley,Peter Straughan,Oakes Fegley,United States,45000000.0,9932621.0,Amazon Studios,149.0
A Beautiful Day in the Neighborhood,PG,Biography,2019,"November 22, 2019 (United States)",7.3,67000.0,Marielle Heller,Micah Fitzerman-Blue,Tom Hanks,China,25000000.0,67760877.0,Big Beach Films,109.0
How to Train Your Dragon: The Hidden World,PG,Animation,2019,"February 22, 2019 (United States)",7.5,112000.0,Dean DeBlois,Dean DeBlois,Jay Baruchel,United States,129000000.0,525683457.0,DreamWorks Animation,104.0
Pokémon Detective Pikachu,PG,Action,2019,"May 10, 2019 (United States)",6.6,146000.0,Rob Letterman,Dan Hernandez,Ryan Reynolds,United States,150000000.0,433921300.0,Warner Bros.,104.0
Serenity,R,Drama,2019,"January 25, 2019 (United States)",5.4,38000.0,Steven Knight,Steven Knight,Matthew McConaughey,United Kingdom,25000000.0,14454622.0,Blue Budgie Films Limited,106.0
Maleficent: Mistress of Evil,PG,Adventure,2019,"October 18, 2019 (United States)",6.6,91000.0,Joachim Rønning,Linda Woolverton,Angelina Jolie,United States,185000000.0,491730089.0,Walt Disney Pictures,119.0
The Secret Life of Pets 2,PG,Animation,2019,"June 7, 2019 (United States)",6.5,55000.0,Chris Renaud,Brian Lynch,Patton Oswalt,United States,80000000.0,430051293.0,Universal Pictures,86.0
The Curse of la Llorona,R,Horror,2019,"April 19, 2019 (United States)",5.3,43000.0,Michael Chaves,Mikki Daughtry,Linda Cardellini,United States,9000000.0,123133739.0,New Line Cinema,93.0
Captive State,PG-13,Action,2019,"March 15, 2019 (United States)",6.0,51000.0,Rupert Wyatt,Erica Beeney,John Goodman,United States,25000000.0,8808611.0,Participant,109.0
Scary Stories to Tell in the Dark,PG-13,Adventure,2019,"August 9, 2019 (United States)",6.2,66000.0,André Øvredal,Dan Hageman,Zoe Margaret Colletti,United States,25000000.0,104545505.0,CBS Films,108.0
The Intruder,PG-13,Thriller,2019,"May 3, 2019 (United States)",5.6,15000.0,Deon Taylor,David Loughery,Michael Ealy,United States,8000000.0,36599361.0,Screen Gems,102.0
The Angry Birds Movie 2,PG,Animation,2019,"August 14, 2019 (United States)",6.4,24000.0,Thurop Van Orman,Peter Ackerman,Jason Sudeikis,Finland,65000000.0,147792047.0,Sony Pictures Animation,97.0
What Men Want,R,Comedy,2019,"February 8, 2019 (United States)",5.3,26000.0,Adam Shankman,Tina Gordon,Taraji P. Henson,United States,20000000.0,72216294.0,BET Films,117.0
Pet Sematary,R,Horror,2019,"April 5, 2019 (United States)",5.7,86000.0,Kevin Kölsch,Stephen King,Jason Clarke,United States,21000000.0,113118226.0,Paramount Pictures,101.0
47 Meters Down: Uncaged,PG-13,Adventure,2019,"August 16, 2019 (United States)",5.0,23000.0,Johannes Roberts,Ernest Riera,Sophie Nélisse,United Kingdom,12000000.0,47582563.0,Entertainment Studios Motion Pictures,90.0
Happy Death Day 2U,PG-13,Comedy,2019,"February 13, 2019 (United States)",6.2,64000.0,Christopher Landon,Christopher Landon,Jessica Rothe,United States,9000000.0,64600152.0,Blumhouse Productions,100.0
Weathering with You,PG-13,Animation,2019,"January 17, 2020 (United States)",7.5,28000.0,Makoto Shinkai,Makoto Shinkai,Kotaro Daigo,Japan,11100000.0,193457467.0,"""Weathering With You"" Film Partners",112.0
The Kid,R,Biography,2019,"March 8, 2019 (United States)",5.9,7400.0,Vincent D'Onofrio,Vincent D'Onofrio,Jake Schur,United States,8000000.0,1561698.0,Mimran Schur Pictures,100.0
The Lego Movie 2: The Second Part,PG,Animation,2019,"February 8, 2019 (United States)",6.6,58000.0,Mike Mitchell,Phil Lord,Chris Pratt,Denmark,99000000.0,192306508.0,Warner Bros.,107.0
Child's Play,R,Drama,2019,"June 21, 2019 (United States)",5.8,47000.0,Lars Klevberg,Tyler Burton Smith,Tim Matheson,Canada,10000000.0,44907074.0,Orion Pictures,90.0
Dumbo,PG,Adventure,2019,"March 29, 2019 (United States)",6.3,69000.0,Tim Burton,Ehren Kruger,Colin Farrell,United States,170000000.0,353284621.0,Walt Disney Pictures,112.0
The Hustle,PG-13,Comedy,2019,"May 10, 2019 (United States)",5.4,51000.0,Chris Addison,Stanley Shapiro,Anne Hathaway,United States,21000000.0,95017038.0,Metro-Goldwyn-Mayer (MGM),93.0
Shaft,R,Action,2019,"June 14, 2019 (United States)",6.4,48000.0,Tim Story,Ernest Tidyman,Samuel L. Jackson,United States,35000000.0,21360215.0,Davis Entertainment,111.0
The Beach Bum,R,Comedy,2019,"March 29, 2019 (United States)",5.5,20000.0,Harmony Korine,Harmony Korine,Matthew McConaughey,Switzerland,5000000.0,4554416.0,Iconoclast,95.0
The Kitchen,R,Action,2019,"August 9, 2019 (United States)",5.5,18000.0,Andrea Berloff,Andrea Berloff,Melissa McCarthy,United States,38000000.0,15980032.0,BRON Studios,102.0
Stuber,R,Action,2019,"July 12, 2019 (United States)",6.2,43000.0,Michael Dowse,Tripper Clancy,Dave Bautista,United States,16000000.0,32390945.0,GoldDay,93.0
The Art of Racing in the Rain,PG,Comedy,2019,"August 9, 2019 (United States)",7.6,27000.0,Simon Curtis,Mark Bomback,Kevin Costner,United States,18000000.0,33766787.0,Fox 2000 Pictures,109.0
Blinded by the Light,PG-13,Comedy,2019,"August 16, 2019 (United States)",6.9,22000.0,Gurinder Chadha,Sarfraz Manzoor,Billy Barratt,United Kingdom,15000000.0,18096691.0,New Line Cinema,118.0
"Where'd You Go, Bernadette",PG-13,Comedy,2019,"August 16, 2019 (United States)",6.5,19000.0,Richard Linklater,Richard Linklater,Cate Blanchett,United States,20000000.0,11025353.0,Annapurna Pictures,109.0
Ip Man 4: The Finale,Not Rated,Action,2019,"December 20, 2019 (China)",7.0,27000.0,Wilson Yip,Edmond Wong,Donnie Yen,Hong Kong,52000000.0,176345966.0,Golden Harvest Company,107.0
Abominable,PG,Animation,2019,"September 27, 2019 (United States)",7.0,32000.0,Jill Culton,Jill Culton,Chloe Bennet,United States,75000000.0,180314199.0,DreamWorks Animation,97.0
Isn't It Romantic,PG-13,Comedy,2019,"February 13, 2019 (United States)",5.9,65000.0,Todd Strauss-Schulson,Erin Cardillo,Rebel Wilson,United States,31000000.0,48791187.0,BRON Studios,89.0
A Dog's Journey,PG,Adventure,2019,"May 17, 2019 (United States)",7.5,21000.0,Gail Mancuso,W. Bruce Cameron,Josh Gad,China,16000000.0,75741734.0,Dreamworks Pictures,109.0
Don't Let Go,R,Drama,2019,"August 30, 2019 (United States)",6.4,8000.0,Jacob Estes,Jacob Estes,David Oyelowo,United States,5000000.0,5288011.0,Blumhouse Productions,103.0
UglyDolls,PG,Animation,2019,"May 3, 2019 (United States)",5.0,6100.0,Kelly Asbury,Alison Peck,Kelly Clarkson,China,45000000.0,32450241.0,STX Entertainment,87.0
Tolkien,PG-13,Biography,2019,"May 10, 2019 (United States)",6.8,36000.0,Dome Karukoski,David Gleeson,Nicholas Hoult,United States,20000000.0,9090040.0,Fox Searchlight Pictures,112.0
Miss Bala,PG-13,Action,2019,"February 1, 2019 (United States)",5.8,9900.0,Catherine Hardwicke,Gareth Dunnet-Alcocer,Gina Rodriguez,Mexico,15000000.0,15383580.0,Canana Films,104.0
A Dog's Way Home,PG,Adventure,2019,"January 11, 2019 (United States)",6.7,16000.0,Charles Martin Smith,W. Bruce Cameron,Ashley Judd,China,18000000.0,80708134.0,Bona Film Group,96.0
Wonder Park,PG,Animation,2019,"March 15, 2019 (United States)",5.9,11000.0,Dylan Brown,Josh Appelbaum,Sofia Mali,Spain,90000000.0,119559110.0,Paramount Animation,85.0
Triple Threat,R,Action,2019,"March 29, 2019 (China)",5.6,10000.0,Jesse V. Johnson,Joey O'Bryan,Tony Jaa,Thailand,10000000.0,345900.0,Aurora Alliance Films,96.0
The Wandering Earth,TV-MA,Action,2019,"February 5, 2019 (China)",6.0,28000.0,Frant Gwo,Gong Geer,Jing Wu,China,48000000.0,699992512.0,Beijing Dengfeng International Culture Communications Company,125.0
The Kid Who Would Be King,PG,Action,2019,"January 25, 2019 (United States)",6.0,15000.0,Joe Cornish,Joe Cornish,Louis Ashbourne Serkis,United Kingdom,59000000.0,32140970.0,Big Talk Productions,120.0
Missing Link,PG,Animation,2019,"April 12, 2019 (United States)",6.7,23000.0,Chris Butler,Chris Butler,Hugh Jackman,Canada,100000000.0,26565710.0,Annapurna Pictures,93.0
Breakthrough,PG,Biography,2019,"April 17, 2019 (United States)",6.3,8800.0,Roxann Dawson,Joyce Smith,Marcel Ruiz,United States,14000000.0,50444358.0,Fox 2000 Pictures,116.0
Poms,PG-13,Comedy,2019,"May 10, 2019 (United States)",6.0,4700.0,Zara Hayes,Zara Hayes,Diane Keaton,United Kingdom,10000000.0,16418218.0,Entertainment One,90.0
Little,PG-13,Comedy,2019,"April 12, 2019 (United States)",5.5,12000.0,Tina Gordon,Tracy Oliver,Regina Hall,United States,20000000.0,49000667.0,Universal Pictures,109.0
The Prodigy,R,Fantasy,2019,"February 8, 2019 (United States)",5.9,24000.0,Nicholas McCarthy,Jeff Buhler,Taylor Schilling,United States,6000000.0,21150265.0,Orion Pictures,92.0
Overcomer,PG,Drama,2019,"August 23, 2019 (United States)",6.6,4100.0,Alex Kendrick,Alex Kendrick,Alex Kendrick,United States,5000000.0,38026103.0,Affirm Films,119.0
A Madea Family Funeral,PG-13,Comedy,2019,"March 1, 2019 (United States)",4.5,4000.0,Tyler Perry,Tyler Perry,Tyler Perry,United States,20000000.0,74747725.0,The Tyler Perry Company,109.0
The Sun Is also a Star,PG-13,Drama,2019,"May 17, 2019 (United States)",5.9,6600.0,Ry Russo-Young,Tracy Oliver,Yara Shahidi,United States,9000000.0,6750029.0,Alloy Entertainment,100.0
K-12,Not Rated,Fantasy,2019,"September 5, 2019 (United States)",6.5,2500.0,Melanie Martinez,Melanie Martinez,Melanie Martinez,United States,5000000.0,359377.0,Atlantic Records,96.0
Unplanned,R,Biography,2019,"March 29, 2019 (United States)",5.8,13000.0,Chuck Konzelman,Abby Johnson,Ashley Bratcher,United States,6000000.0,21354152.0,Unplanned Movie,109.0
Mine 9,Not Rated,Drama,2019,"May 19, 2020 (Poland)",6.4,4400.0,Eddie Mensore,Eddie Mensore,Terry Serpico,United States,350000.0,226421.0,Emphatic Films,83.0
Clinton Road,,Horror,2019,"June 14, 2019 (United States)",5.9,1900.0,Richard Grieco,Noel Ashman,Ace Young,,2500000.0,50400.0,Growing Tree Productions,77.0
High on the Hog,R,Action,2019,"April 16, 2019 (United States)",3.5,195.0,Tony Wash,Andy Golub,Sid Haig,United States,1200000.0,45696.0,Hicktown Entertainment,85.0
Tenet,PG-13,Action,2020,"September 3, 2020 (United States)",7.4,387000.0,Christopher Nolan,Christopher Nolan,John David Washington,United States,205000000.0,363656624.0,Warner Bros.,150.0
Birds of Prey,R,Action,2020,"February 7, 2020 (United States)",6.1,190000.0,Cathy Yan,Christina Hodson,Margot Robbie,United States,84500000.0,201858461.0,Clubhouse Pictures (II),109.0
The Invisible Man,R,Drama,2020,"February 28, 2020 (United States)",7.1,186000.0,Leigh Whannell,Leigh Whannell,Elisabeth Moss,Canada,7000000.0,143151000.0,Universal Pictures,124.0
Bad Boys for Life,R,Action,2020,"January 17, 2020 (United States)",6.6,140000.0,Adil El Arbi,Peter Craig,Will Smith,United States,90000000.0,426505244.0,Columbia Pictures,124.0
Sonic the Hedgehog,PG,Action,2020,"February 14, 2020 (United States)",6.5,102000.0,Jeff Fowler,Pat Casey,Ben Schwartz,United States,85000000.0,319715683.0,Paramount Pictures,99.0
Dolittle,PG,Adventure,2020,"January 17, 2020 (United States)",5.6,53000.0,Stephen Gaghan,Stephen Gaghan,Robert Downey Jr.,United States,175000000.0,245487753.0,Universal Pictures,101.0
The Call of the Wild,PG,Adventure,2020,"February 21, 2020 (United States)",6.8,42000.0,Chris Sanders,Michael Green,Harrison Ford,Canada,135000000.0,111105497.0,20th Century Studios,100.0
The Eight Hundred,Not Rated,Action,2020,"August 28, 2020 (United States)",6.8,3700.0,Hu Guan,Hu Guan,Zhi-zhong Huang,China,80000000.0,461421559.0,Beijing Diqi Yinxiang Entertainment,149.0
