run_id,method,data_frac,max_updates,seed,total_params,trainable_params_initial,trainable_params_max,best_val_mse,best_val_step,history,final_global_step,wall_time_s,unfreeze_step,test_mse,test_mae,split_sizes,checkpoint_path,experiment_type,pseudo_compute
1cb883367f6c,full_finetune,1.0,50,0,179201,179201,179201,0.852499783039093,50,"{'global_step': [20, 40, 50], 'val_mse': [1.2455209493637085, 1.1880923509597778, 0.852499783039093], 'val_mae': [0.917837917804718, 0.9029719233512878, 0.6899886727333069]}",50,0.2353284358978271,,1.0021145343780518,0.6716116666793823,"{'train': 1529, 'val': 327, 'test': 329}",c:\Users\ydreizin\OneDrive - NVIDIA Corporation\Documents\Technion\RateAhead\notebooks\artifacts\pretrained_finetune\checkpoints\finetune_full_finetune_budget50_seed0.pt,low_budget,8960050.0
06e2689f5899,full_finetune,1.0,50,1,179201,179201,179201,0.8608461618423462,50,"{'global_step': [20, 40, 50], 'val_mse': [0.9594942331314087, 0.8683783411979675, 0.8608461618423462], 'val_mae': [0.7695274949073792, 0.7210254073143005, 0.7215651273727417]}",50,0.3257112503051758,,1.004137635231018,0.6916084885597229,"{'train': 1529, 'val': 327, 'test': 329}",c:\Users\ydreizin\OneDrive - NVIDIA Corporation\Documents\Technion\RateAhead\notebooks\artifacts\pretrained_finetune\checkpoints\finetune_full_finetune_budget50_seed1.pt,low_budget,8960050.0
17196d11e8da,full_finetune,1.0,50,2,179201,179201,179201,0.8872711658477783,50,"{'global_step': [20, 40, 50], 'val_mse': [0.9651075601577759, 1.0380109548568726, 0.8872711658477783], 'val_mae': [0.7560315132141113, 0.8326331973075867, 0.7076573967933655]}",50,0.2415008544921875,,1.021409511566162,0.689681887626648,"{'train': 1529, 'val': 327, 'test': 329}",c:\Users\ydreizin\OneDrive - NVIDIA Corporation\Documents\Technion\RateAhead\notebooks\artifacts\pretrained_finetune\checkpoints\finetune_full_finetune_budget50_seed2.pt,low_budget,8960050.0
f9b16e45ccec,full_finetune,1.0,100,0,179201,179201,179201,0.7998477816581726,80,"{'global_step': [20, 40, 60, 80, 100], 'val_mse': [1.2455209493637085, 1.1880923509597778, 0.8333558440208435, 0.7998477816581726, 1.0202218294143677], 'val_mae': [0.917837917804718, 0.9029719233512878, 0.710403561592102, 0.6931820511817932, 0.8295820951461792]}",100,0.4738721847534179,,0.9635336995124816,0.682680606842041,"{'train': 1529, 'val': 327, 'test': 329}",c:\Users\ydreizin\OneDrive - NVIDIA Corporation\Documents\Technion\RateAhead\notebooks\artifacts\pretrained_finetune\checkpoints\finetune_full_finetune_budget100_seed0.pt,low_budget,17920100.0
833f1bfcf2a2,full_finetune,1.0,100,1,179201,179201,179201,0.8001448512077332,100,"{'global_step': [20, 40, 60, 80, 100], 'val_mse': [0.9594942331314087, 0.8683783411979675, 0.9419159293174744, 1.1073917150497437, 0.8001448512077332], 'val_mae': [0.7695274949073792, 0.7210254073143005, 0.7782355546951294, 0.8648110628128052, 0.6863002777099609]}",100,0.4572751522064209,,0.956385850906372,0.6573048233985901,"{'train': 1529, 'val': 327, 'test': 329}",c:\Users\ydreizin\OneDrive - NVIDIA Corporation\Documents\Technion\RateAhead\notebooks\artifacts\pretrained_finetune\checkpoints\finetune_full_finetune_budget100_seed1.pt,low_budget,17920100.0
6813ce4c11cb,full_finetune,1.0,100,2,179201,179201,179201,0.8074019551277161,100,"{'global_step': [20, 40, 60, 80, 100], 'val_mse': [0.9651075601577759, 1.0380109548568726, 1.0120444297790527, 0.8232788443565369, 0.8074019551277161], 'val_mae': [0.7560315132141113, 0.8326331973075867, 0.8175347447395325, 0.6748179197311401, 0.7016756534576416]}",100,0.4070332050323486,,0.9630635976791382,0.6754330396652222,"{'train': 1529, 'val': 327, 'test': 329}",c:\Users\ydreizin\OneDrive - NVIDIA Corporation\Documents\Technion\RateAhead\notebooks\artifacts\pretrained_finetune\checkpoints\finetune_full_finetune_budget100_seed2.pt,low_budget,17920100.0
69b646fc7aaa,full_finetune,1.0,200,0,179201,179201,179201,0.7232508063316345,200,"{'global_step': [20, 40, 60, 80, 100, 120, 140, 160, 180, 200], 'val_mse': [1.2455209493637085, 1.1880923509597778, 0.8333558440208435, 0.7998477816581726, 1.0202218294143677, 0.7539176344871521, 0.9246258735656738, 0.7467659115791321, 0.9678783416748047, 0.7232508063316345], 'val_mae': [0.917837917804718, 0.9029719233512878, 0.710403561592102, 0.6931820511817932, 0.8295820951461792, 0.6508672833442688, 0.7676844000816345, 0.6518237590789795, 0.7898107171058655, 0.6357276439666748]}",200,0.823197603225708,,0.9038494229316713,0.6254821419715881,"{'train': 1529, 'val': 327, 'test': 329}",c:\Users\ydreizin\OneDrive - NVIDIA Corporation\Documents\Technion\RateAhead\notebooks\artifacts\pretrained_finetune\checkpoints\finetune_full_finetune_budget200_seed0.pt,low_budget,35840200.0
124c2ce519e5,full_finetune,1.0,200,1,179201,179201,179201,0.7348068356513977,140,"{'global_step': [20, 40, 60, 80, 100, 120, 140, 160, 180, 200], 'val_mse': [0.9594942331314087, 0.8683783411979675, 0.9419159293174744, 1.1073917150497437, 0.8001448512077332, 0.9854926466941833, 0.7348068356513977, 0.760291576385498, 0.8846530914306641, 0.7859315872192383], 'val_mae': [0.7695274949073792, 0.7210254073143005, 0.7782355546951294, 0.8648110628128052, 0.6863002777099609, 0.803971529006958, 0.6410319805145264, 0.6555636525154114, 0.7486340999603271, 0.683501660823822]}",200,0.8919856548309326,,0.9231095910072328,0.6476141214370728,"{'train': 1529, 'val': 327, 'test': 329}",c:\Users\ydreizin\OneDrive - NVIDIA Corporation\Documents\Technion\RateAhead\notebooks\artifacts\pretrained_finetune\checkpoints\finetune_full_finetune_budget200_seed1.pt,low_budget,35840200.0
e1583d816bdd,full_finetune,1.0,200,2,179201,179201,179201,0.7427768111228943,120,"{'global_step': [20, 40, 60, 80, 100, 120, 140, 160, 180, 200], 'val_mse': [0.9651075601577759, 1.0380109548568726, 1.0120444297790527, 0.8232788443565369, 0.8074019551277161, 0.7427768111228943, 0.8668508529663086, 0.7765050530433655, 0.8271157741546631, 0.8342477679252625], 'val_mae': [0.7560315132141113, 0.8326331973075867, 0.8175347447395325, 0.6748179197311401, 0.7016756534576416, 0.6493241190910339, 0.742734432220459, 0.682996392250061, 0.6735313534736633, 0.7240111827850342]}",200,0.8415772914886475,,0.9258304238319396,0.6511015892028809,"{'train': 1529, 'val': 327, 'test': 329}",c:\Users\ydreizin\OneDrive - NVIDIA Corporation\Documents\Technion\RateAhead\notebooks\artifacts\pretrained_finetune\checkpoints\finetune_full_finetune_budget200_seed2.pt,low_budget,35840200.0
f230dd6ce782,full_finetune,1.0,500,0,179201,179201,179201,0.6956290006637573,320,"{'global_step': [20, 40, 60, 80, 100, 120, 140, 160, 180, 200, 220, 240, 260, 280, 300, 320, 340, 360, 380, 400, 420, 440, 460, 480, 500], 'val_mse': [1.2455209493637085, 1.1880923509597778, 0.8333558440208435, 0.7998477816581726, 1.0202218294143677, 0.7539176344871521, 0.9246258735656738, 0.7467659115791321, 0.9678783416748047, 0.7232508063316345, 0.824781060218811, 0.7542697191238403, 0.7701213359832764, 0.8836015462875366, 0.7811252474784851, 0.6956290006637573, 0.7171363830566406, 0.7586677670478821, 0.8515307903289795, 0.7777764797210693, 0.728146493434906, 0.7484419345855713, 0.7085379958152771, 1.0529714822769165, 0.7472903728485107], 'val_mae': [0.917837917804718, 0.9029719233512878, 0.710403561592102, 0.6931820511817932, 0.8295820951461792, 0.6508672833442688, 0.7676844000816345, 0.6518237590789795, 0.7898107171058655, 0.6357276439666748, 0.7145655751228333, 0.6712507605552673, 0.6771498322486877, 0.7444993853569031, 0.6817391514778137, 0.6140509247779846, 0.6266116499900818, 0.6630026698112488, 0.7068532109260559, 0.6463811993598938, 0.6269533038139343, 0.6473490595817566, 0.6138932704925537, 0.8323964476585388, 0.650312066078186]}",500,2.047729015350342,,0.8828303217887878,0.6204907894134521,"{'train': 1529, 'val': 327, 'test': 329}",c:\Users\ydreizin\OneDrive - NVIDIA Corporation\Documents\Technion\RateAhead\notebooks\artifacts\pretrained_finetune\checkpoints\finetune_full_finetune_budget500_seed0.pt,low_budget,89600500.0
1e3bc8c06c21,full_finetune,1.0,500,1,179201,179201,179201,0.7348068356513977,140,"{'global_step': [20, 40, 60, 80, 100, 120, 140, 160, 180, 200, 220, 240, 260, 280, 300, 320, 340, 360, 380, 400, 420, 440, 460, 480, 500], 'val_mse': [0.9594942331314087, 0.8683783411979675, 0.9419159293174744, 1.1073917150497437, 0.8001448512077332, 0.9854926466941833, 0.7348068356513977, 0.760291576385498, 0.8846530914306641, 0.7859315872192383, 0.794839084148407, 0.8860206007957458, 0.8059461712837219, 0.7410838007926941, 0.8539708852767944, 0.7791514992713928, 0.7926104664802551, 0.8192630410194397, 0.776025116443634, 0.8772760033607483, 0.7400431632995605, 0.7456626296043396, 0.8994044661521912, 0.7462243437767029, 0.9772510528564453], 'val_mae': [0.7695274949073792, 0.7210254073143005, 0.7782355546951294, 0.8648110628128052, 0.6863002777099609, 0.803971529006958, 0.6410319805145264, 0.6555636525154114, 0.7486340999603271, 0.683501660823822, 0.6937793493270874, 0.7460570335388184, 0.6939530968666077, 0.6494892239570618, 0.6809386014938354, 0.6814619898796082, 0.6879724860191345, 0.7110159993171692, 0.6756232380867004, 0.745355486869812, 0.6381288170814514, 0.6423947215080261, 0.7369611263275146, 0.6409162878990173, 0.7283074855804443]}",500,2.371746063232422,,0.9231095910072328,0.6476141214370728,"{'train': 1529, 'val': 327, 'test': 329}",c:\Users\ydreizin\OneDrive - NVIDIA Corporation\Documents\Technion\RateAhead\notebooks\artifacts\pretrained_finetune\checkpoints\finetune_full_finetune_budget500_seed1.pt,low_budget,89600500.0
059bbce65620,full_finetune,1.0,500,2,179201,179201,179201,0.7168223261833191,220,"{'global_step': [20, 40, 60, 80, 100, 120, 140, 160, 180, 200, 220, 240, 260, 280, 300, 320, 340, 360, 380, 400, 420, 440, 460, 480, 500], 'val_mse': [0.9651075601577759, 1.0380109548568726, 1.0120444297790527, 0.8232788443565369, 0.8074019551277161, 0.7427768111228943, 0.8668508529663086, 0.7765050530433655, 0.8271157741546631, 0.8342477679252625, 0.7168223261833191, 0.788013219833374, 0.856566846370697, 0.7304806113243103, 0.7904435396194458, 0.9133832454681396, 0.8255704045295715, 1.344429612159729, 0.8554256558418274, 0.7491458654403687, 0.7438453435897827, 0.7756438255310059, 0.725708544254303, 0.7886461019515991, 0.8406156301498413], 'val_mae': [0.7560315132141113, 0.8326331973075867, 0.8175347447395325, 0.6748179197311401, 0.7016756534576416, 0.6493241190910339, 0.742734432220459, 0.682996392250061, 0.6735313534736633, 0.7240111827850342, 0.6352004408836365, 0.6686072945594788, 0.7319326400756836, 0.635466456413269, 0.6938214302062988, 0.7678599953651428, 0.6638379693031311, 0.9817705750465393, 0.703902006149292, 0.6408806443214417, 0.6513850092887878, 0.6720982789993286, 0.6207351684570312, 0.6783808469772339, 0.6897818446159363]}",500,2.8865132331848145,,0.913271188735962,0.6413277387619019,"{'train': 1529, 'val': 327, 'test': 329}",c:\Users\ydreizin\OneDrive - NVIDIA Corporation\Documents\Technion\RateAhead\notebooks\artifacts\pretrained_finetune\checkpoints\finetune_full_finetune_budget500_seed2.pt,low_budget,89600500.0
edb4b148093b,full_finetune,1.0,1000,0,179201,179201,179201,0.6956290006637573,320,"{'global_step': [20, 40, 60, 80, 100, 120, 140, 160, 180, 200, 220, 240, 260, 280, 300, 320, 340, 360, 380, 400, 420, 440, 460, 480, 500, 520, 540, 560, 580, 600, 620, 640, 660, 680, 700, 720, 740, 760, 780, 800, 820, 840, 860, 880, 900, 920, 940, 960, 980, 1000], 'val_mse': [1.2455209493637085, 1.1880923509597778, 0.8333558440208435, 0.7998477816581726, 1.0202218294143677, 0.7539176344871521, 0.9246258735656738, 0.7467659115791321, 0.9678783416748047, 0.7232508063316345, 0.824781060218811, 0.7542697191238403, 0.7701213359832764, 0.8836015462875366, 0.7811252474784851, 0.6956290006637573, 0.7171363830566406, 0.7586677670478821, 0.8515307903289795, 0.7777764797210693, 0.728146493434906, 0.7484419345855713, 0.7085379958152771, 1.0529714822769165, 0.7472903728485107, 0.7609455585479736, 0.7869063019752502, 0.7613552212715149, 1.0078709125518799, 0.7323295474052429, 1.1288316249847412, 0.7543267011642456, 0.781913697719574, 0.7340013384819031, 0.8312289118766785, 0.746439516544342, 0.7656339406967163, 1.0444207191467285, 0.8125361204147339, 0.821914553642273, 0.8867468237876892, 0.7981671094894409, 0.7325767278671265, 0.8010056018829346, 0.7611127495765686, 0.7639132738113403, 1.0484144687652588, 0.7309872508049011, 0.8394101858139038, 0.8513213396072388], 'val_mae': [0.917837917804718, 0.9029719233512878, 0.710403561592102, 0.6931820511817932, 0.8295820951461792, 0.6508672833442688, 0.7676844000816345, 0.6518237590789795, 0.7898107171058655, 0.6357276439666748, 0.7145655751228333, 0.6712507605552673, 0.6771498322486877, 0.7444993853569031, 0.6817391514778137, 0.6140509247779846, 0.6266116499900818, 0.6630026698112488, 0.7068532109260559, 0.6463811993598938, 0.6269533038139343, 0.6473490595817566, 0.6138932704925537, 0.8323964476585388, 0.650312066078186, 0.6332710385322571, 0.6831938624382019, 0.665976345539093, 0.771273136138916, 0.6379273533821106, 0.8841494917869568, 0.6384643912315369, 0.6802018284797668, 0.6295782327651978, 0.7125284075737, 0.6350313425064087, 0.6422942280769348, 0.8247344493865967, 0.6969119310379028, 0.7008330225944519, 0.734958291053772, 0.6878366470336914, 0.6337840557098389, 0.6843422651290894, 0.6581907868385315, 0.6454174518585205, 0.8358678817749023, 0.6367590427398682, 0.7180861830711365, 0.7233335971832275]}",1000,4.23530387878418,,0.8828303217887878,0.6204907894134521,"{'train': 1529, 'val': 327, 'test': 329}",c:\Users\ydreizin\OneDrive - NVIDIA Corporation\Documents\Technion\RateAhead\notebooks\artifacts\pretrained_finetune\checkpoints\finetune_full_finetune_budget1000_seed0.pt,low_budget,179201000.0
dfc38d3edea7,full_finetune,1.0,1000,1,179201,179201,179201,0.7090315222740173,580,"{'global_step': [20, 40, 60, 80, 100, 120, 140, 160, 180, 200, 220, 240, 260, 280, 300, 320, 340, 360, 380, 400, 420, 440, 460, 480, 500, 520, 540, 560, 580, 600, 620, 640, 660, 680, 700, 720, 740, 760, 780, 800, 820, 840, 860, 880, 900, 920, 940, 960, 980, 1000], 'val_mse': [0.9594942331314087, 0.8683783411979675, 0.9419159293174744, 1.1073917150497437, 0.8001448512077332, 0.9854926466941833, 0.7348068356513977, 0.760291576385498, 0.8846530914306641, 0.7859315872192383, 0.794839084148407, 0.8860206007957458, 0.8059461712837219, 0.7410838007926941, 0.8539708852767944, 0.7791514992713928, 0.7926104664802551, 0.8192630410194397, 0.776025116443634, 0.8772760033607483, 0.7400431632995605, 0.7456626296043396, 0.8994044661521912, 0.7462243437767029, 0.9772510528564453, 0.8939148187637329, 0.7838218808174133, 0.8423448204994202, 0.7090315222740173, 0.8450829982757568, 0.7550365328788757, 0.8084513545036316, 0.9348827600479126, 0.7548097372055054, 0.7701793909072876, 0.8318166732788086, 0.7441257834434509, 0.730977475643158, 0.7676454186439514, 0.8550881743431091, 0.7488603591918945, 0.7610324025154114, 0.8512449860572815, 0.9078116416931152, 0.9384704232215881, 0.8227834701538086, 0.9265431761741638, 0.7229080200195312, 0.7720488905906677, 0.9508280754089355], 'val_mae': [0.7695274949073792, 0.7210254073143005, 0.7782355546951294, 0.8648110628128052, 0.6863002777099609, 0.803971529006958, 0.6410319805145264, 0.6555636525154114, 0.7486340999603271, 0.683501660823822, 0.6937793493270874, 0.7460570335388184, 0.6939530968666077, 0.6494892239570618, 0.6809386014938354, 0.6814619898796082, 0.6879724860191345, 0.7110159993171692, 0.6756232380867004, 0.745355486869812, 0.6381288170814514, 0.6423947215080261, 0.7369611263275146, 0.6409162878990173, 0.7283074855804443, 0.7414990067481995, 0.6608845591545105, 0.7228848338127136, 0.6233327984809875, 0.7161638140678406, 0.6434692740440369, 0.700509250164032, 0.7800397276878357, 0.6572008728981018, 0.6671562790870667, 0.7160243988037109, 0.646668016910553, 0.626013994216919, 0.661506175994873, 0.7233322262763977, 0.6465009450912476, 0.6541368365287781, 0.7187377214431763, 0.7011668086051941, 0.7690179347991943, 0.700654923915863, 0.7651825547218323, 0.6277400851249695, 0.6716107130050659, 0.7732752561569214]}",1000,4.825853586196899,,0.897121250629425,0.6294656991958618,"{'train': 1529, 'val': 327, 'test': 329}",c:\Users\ydreizin\OneDrive - NVIDIA Corporation\Documents\Technion\RateAhead\notebooks\artifacts\pretrained_finetune\checkpoints\finetune_full_finetune_budget1000_seed1.pt,low_budget,179201000.0
d4cb2928148c,full_finetune,1.0,1000,2,179201,179201,179201,0.7069873213768005,740,"{'global_step': [20, 40, 60, 80, 100, 120, 140, 160, 180, 200, 220, 240, 260, 280, 300, 320, 340, 360, 380, 400, 420, 440, 460, 480, 500, 520, 540, 560, 580, 600, 620, 640, 660, 680, 700, 720, 740, 760, 780, 800, 820, 840, 860, 880, 900, 920, 940, 960, 980, 1000], 'val_mse': [0.9651075601577759, 1.0380109548568726, 1.0120444297790527, 0.8232788443565369, 0.8074019551277161, 0.7427768111228943, 0.8668508529663086, 0.7765050530433655, 0.8271157741546631, 0.8342477679252625, 0.7168223261833191, 0.788013219833374, 0.856566846370697, 0.7304806113243103, 0.7904435396194458, 0.9133832454681396, 0.8255704045295715, 1.344429612159729, 0.8554256558418274, 0.7491458654403687, 0.7438453435897827, 0.7756438255310059, 0.725708544254303, 0.7886461019515991, 0.8406156301498413, 1.0219826698303223, 0.7611512541770935, 0.7414131760597229, 0.7249950170516968, 0.7923538088798523, 0.9949916005134583, 0.78806072473526, 0.9182040095329285, 0.7905111908912659, 0.7315695881843567, 0.7141762971878052, 0.7069873213768005, 0.8385372757911682, 0.8869194984436035, 0.9187618494033813, 0.7837837338447571, 0.7777584195137024, 0.8215451240539551, 1.1509233713150024, 0.7257646322250366, 0.7304560542106628, 1.2028419971466064, 0.7929354310035706, 0.7921158671379089, 0.7921789288520813], 'val_mae': [0.7560315132141113, 0.8326331973075867, 0.8175347447395325, 0.6748179197311401, 0.7016756534576416, 0.6493241190910339, 0.742734432220459, 0.682996392250061, 0.6735313534736633, 0.7240111827850342, 0.6352004408836365, 0.6686072945594788, 0.7319326400756836, 0.635466456413269, 0.6938214302062988, 0.7678599953651428, 0.6638379693031311, 0.9817705750465393, 0.703902006149292, 0.6408806443214417, 0.6513850092887878, 0.6720982789993286, 0.6207351684570312, 0.6783808469772339, 0.6897818446159363, 0.820085883140564, 0.6362789869308472, 0.636859655380249, 0.616073489189148, 0.6548057794570923, 0.8121418952941895, 0.6815078258514404, 0.7548382878303528, 0.6383752822875977, 0.636659562587738, 0.6182838678359985, 0.6128956079483032, 0.7172729969024658, 0.6982384324073792, 0.768944501876831, 0.6817275285720825, 0.6567321419715881, 0.7036331295967102, 0.8783641457557678, 0.6376758813858032, 0.6343443989753723, 0.9124671816825867, 0.6886513829231262, 0.6676877737045288, 0.679599940776825]}",1000,4.587940692901611,,0.8890254497528076,0.62311190366745,"{'train': 1529, 'val': 327, 'test': 329}",c:\Users\ydreizin\OneDrive - NVIDIA Corporation\Documents\Technion\RateAhead\notebooks\artifacts\pretrained_finetune\checkpoints\finetune_full_finetune_budget1000_seed2.pt,low_budget,179201000.0
dad0605cba56,full_finetune,1.0,2000,0,179201,179201,179201,0.6956290006637573,320,"{'global_step': [20, 40, 60, 80, 100, 120, 140, 160, 180, 200, 220, 240, 260, 280, 300, 320, 340, 360, 380, 400, 420, 440, 460, 480, 500, 520, 540, 560, 580, 600, 620, 640, 660, 680, 700, 720, 740, 760, 780, 800, 820, 840, 860, 880, 900, 920, 940, 960, 980, 1000, 1020, 1040, 1060, 1080, 1100, 1120, 1140, 1160, 1180, 1200, 1220, 1240, 1260, 1280, 1300, 1320, 1340, 1360, 1380, 1400, 1420, 1440, 1460, 1480, 1500, 1520, 1540, 1560, 1580, 1600, 1620, 1640, 1660, 1680, 1700, 1720, 1740, 1760, 1780, 1800, 1820, 1840, 1860, 1880, 1900, 1920, 1940, 1960, 1980, 2000], 'val_mse': [1.2455209493637085, 1.1880923509597778, 0.8333558440208435, 0.7998477816581726, 1.0202218294143677, 0.7539176344871521, 0.9246258735656738, 0.7467659115791321, 0.9678783416748047, 0.7232508063316345, 0.824781060218811, 0.7542697191238403, 0.7701213359832764, 0.8836015462875366, 0.7811252474784851, 0.6956290006637573, 0.7171363830566406, 0.7586677670478821, 0.8515307903289795, 0.7777764797210693, 0.728146493434906, 0.7484419345855713, 0.7085379958152771, 1.0529714822769165, 0.7472903728485107, 0.7609455585479736, 0.7869063019752502, 0.7613552212715149, 1.0078709125518799, 0.7323295474052429, 1.1288316249847412, 0.7543267011642456, 0.781913697719574, 0.7340013384819031, 0.8312289118766785, 0.746439516544342, 0.7656339406967163, 1.0444207191467285, 0.8125361204147339, 0.821914553642273, 0.8867468237876892, 0.7981671094894409, 0.7325767278671265, 0.8010056018829346, 0.7611127495765686, 0.7639132738113403, 1.0484144687652588, 0.7309872508049011, 0.8394101858139038, 0.8513213396072388, 0.8049994111061096, 0.9622027277946472, 0.9775271415710449, 1.1394015550613403, 0.9314169883728027, 0.8789372444152832, 1.1902565956115723, 0.7367059588432312, 0.7373011708259583, 0.9247623085975647, 0.7526953220367432, 0.7607209086418152, 0.7291483283042908, 0.7397187352180481, 0.730873167514801, 0.7303237915039062, 0.8778575658798218, 0.8010960221290588, 0.7175465822219849, 0.7457485198974609, 0.7213339805603027, 0.7198818325996399, 0.8771262168884277, 0.7945603132247925, 0.847778856754303, 0.7192689776420593, 0.7738896608352661, 0.7036468386650085, 0.868669331073761, 0.7569295167922974, 0.7140071988105774, 0.7305130958557129, 0.7206643223762512, 0.7375609874725342, 0.7188119888305664, 0.7815880179405212, 0.9103972911834717, 0.8120241165161133, 0.766893744468689, 0.7338990569114685, 0.7669732570648193, 0.7075288891792297, 0.7265539169311523, 0.7615097165107727, 0.7366944551467896, 0.950488269329071, 0.7433038353919983, 0.7281368374824524, 0.732487678527832, 0.760566771030426], 'val_mae': [0.917837917804718, 0.9029719233512878, 0.710403561592102, 0.6931820511817932, 0.8295820951461792, 0.6508672833442688, 0.7676844000816345, 0.6518237590789795, 0.7898107171058655, 0.6357276439666748, 0.7145655751228333, 0.6712507605552673, 0.6771498322486877, 0.7444993853569031, 0.6817391514778137, 0.6140509247779846, 0.6266116499900818, 0.6630026698112488, 0.7068532109260559, 0.6463811993598938, 0.6269533038139343, 0.6473490595817566, 0.6138932704925537, 0.8323964476585388, 0.650312066078186, 0.6332710385322571, 0.6831938624382019, 0.665976345539093, 0.771273136138916, 0.6379273533821106, 0.8841494917869568, 0.6384643912315369, 0.6802018284797668, 0.6295782327651978, 0.7125284075737, 0.6350313425064087, 0.6422942280769348, 0.8247344493865967, 0.6969119310379028, 0.7008330225944519, 0.734958291053772, 0.6878366470336914, 0.6337840557098389, 0.6843422651290894, 0.6581907868385315, 0.6454174518585205, 0.8358678817749023, 0.6367590427398682, 0.7180861830711365, 0.7233335971832275, 0.6945815682411194, 0.7803769111633301, 0.7857159376144409, 0.8709295988082886, 0.7370584011077881, 0.7356383800506592, 0.905949592590332, 0.6417784690856934, 0.6260243654251099, 0.7682788968086243, 0.6522670984268188, 0.6317038536071777, 0.6249364614486694, 0.6298153400421143, 0.6284649968147278, 0.62530118227005, 0.7375693321228027, 0.6849785447120667, 0.620110809803009, 0.6476559638977051, 0.6180193424224854, 0.6218724250793457, 0.7343491911888123, 0.6832306981086731, 0.7229673266410828, 0.6279274225234985, 0.648163378238678, 0.6177231073379517, 0.6894195079803467, 0.6568267345428467, 0.6177747845649719, 0.6412960886955261, 0.6152405142784119, 0.6466871500015259, 0.6276141405105591, 0.6523153781890869, 0.7652154564857483, 0.6964831948280334, 0.663246214389801, 0.6213905215263367, 0.6695826053619385, 0.618157684803009, 0.6408355236053467, 0.6419886350631714, 0.642734706401825, 0.7877120971679688, 0.6457453966140747, 0.6352687478065491, 0.639176607131958, 0.6295881271362305]}",2000,9.19828748703003,,0.8828303217887878,0.6204907894134521,"{'train': 1529, 'val': 327, 'test': 329}",c:\Users\ydreizin\OneDrive - NVIDIA Corporation\Documents\Technion\RateAhead\notebooks\artifacts\pretrained_finetune\checkpoints\finetune_full_finetune_budget2000_seed0.pt,low_budget,358402000.0
0977f8a300d0,full_finetune,1.0,2000,1,179201,179201,179201,0.7058323621749878,1200,"{'global_step': [20, 40, 60, 80, 100, 120, 140, 160, 180, 200, 220, 240, 260, 280, 300, 320, 340, 360, 380, 400, 420, 440, 460, 480, 500, 520, 540, 560, 580, 600, 620, 640, 660, 680, 700, 720, 740, 760, 780, 800, 820, 840, 860, 880, 900, 920, 940, 960, 980, 1000, 1020, 1040, 1060, 1080, 1100, 1120, 1140, 1160, 1180, 1200, 1220, 1240, 1260, 1280, 1300, 1320, 1340, 1360, 1380, 1400, 1420, 1440, 1460, 1480, 1500, 1520, 1540, 1560, 1580, 1600, 1620, 1640, 1660, 1680, 1700, 1720, 1740, 1760, 1780, 1800, 1820, 1840, 1860, 1880, 1900, 1920, 1940, 1960, 1980, 2000], 'val_mse': [0.9594942331314087, 0.8683783411979675, 0.9419159293174744, 1.1073917150497437, 0.8001448512077332, 0.9854926466941833, 0.7348068356513977, 0.760291576385498, 0.8846530914306641, 0.7859315872192383, 0.794839084148407, 0.8860206007957458, 0.8059461712837219, 0.7410838007926941, 0.8539708852767944, 0.7791514992713928, 0.7926104664802551, 0.8192630410194397, 0.776025116443634, 0.8772760033607483, 0.7400431632995605, 0.7456626296043396, 0.8994044661521912, 0.7462243437767029, 0.9772510528564453, 0.8939148187637329, 0.7838218808174133, 0.8423448204994202, 0.7090315222740173, 0.8450829982757568, 0.7550365328788757, 0.8084513545036316, 0.9348827600479126, 0.7548097372055054, 0.7701793909072876, 0.8318166732788086, 0.7441257834434509, 0.730977475643158, 0.7676454186439514, 0.8550881743431091, 0.7488603591918945, 0.7610324025154114, 0.8512449860572815, 0.9078116416931152, 0.9384704232215881, 0.8227834701538086, 0.9265431761741638, 0.7229080200195312, 0.7720488905906677, 0.9508280754089355, 1.0740538835525513, 0.7570701837539673, 0.7112243175506592, 0.793170690536499, 0.987598180770874, 0.9244748950004578, 1.0265636444091797, 0.7496248483657837, 0.835331916809082, 0.7058323621749878, 0.7227298021316528, 0.7875966429710388, 0.7667418122291565, 0.7251508235931396, 0.8383393287658691, 0.7398027777671814, 0.8233118057250977, 0.7889495491981506, 0.8283309936523438, 0.730786919593811, 0.7536562085151672, 0.7374173402786255, 0.7517616152763367, 0.9717657566070557, 0.9259592294692993, 0.8243114948272705, 0.9200491905212402, 1.0460309982299805, 0.8987427949905396, 0.7129354476928711, 0.7128466963768005, 0.7335196137428284, 0.7757691740989685, 0.7486642003059387, 0.7727968692779541, 0.7334509491920471, 0.7599799633026123, 0.8255581855773926, 0.7192714810371399, 0.7798874378204346, 0.8487799167633057, 0.730082631111145, 0.8695313930511475, 0.7179639935493469, 0.9802277684211731, 0.7726559638977051, 0.7350719571113586, 0.8615440130233765, 0.7593187093734741, 0.7353447079658508], 'val_mae': [0.7695274949073792, 0.7210254073143005, 0.7782355546951294, 0.8648110628128052, 0.6863002777099609, 0.803971529006958, 0.6410319805145264, 0.6555636525154114, 0.7486340999603271, 0.683501660823822, 0.6937793493270874, 0.7460570335388184, 0.6939530968666077, 0.6494892239570618, 0.6809386014938354, 0.6814619898796082, 0.6879724860191345, 0.7110159993171692, 0.6756232380867004, 0.745355486869812, 0.6381288170814514, 0.6423947215080261, 0.7369611263275146, 0.6409162878990173, 0.7283074855804443, 0.7414990067481995, 0.6608845591545105, 0.7228848338127136, 0.6233327984809875, 0.7161638140678406, 0.6434692740440369, 0.700509250164032, 0.7800397276878357, 0.6572008728981018, 0.6671562790870667, 0.7160243988037109, 0.646668016910553, 0.626013994216919, 0.661506175994873, 0.7233322262763977, 0.6465009450912476, 0.6541368365287781, 0.7187377214431763, 0.7011668086051941, 0.7690179347991943, 0.700654923915863, 0.7651825547218323, 0.6277400851249695, 0.6716107130050659, 0.7732752561569214, 0.8563103675842285, 0.6626979112625122, 0.6117476224899292, 0.6883904933929443, 0.8038115501403809, 0.7708466649055481, 0.832348644733429, 0.6595906019210815, 0.6706558465957642, 0.6242436170578003, 0.6214004158973694, 0.6828689575195312, 0.6676213145256042, 0.633962094783783, 0.674457311630249, 0.6458737254142761, 0.708915650844574, 0.6838182210922241, 0.7088907957077026, 0.6248022317886353, 0.6564874053001404, 0.6439077258110046, 0.6369367837905884, 0.7983734607696533, 0.7701138257980347, 0.6702402830123901, 0.7677156925201416, 0.8393356800079346, 0.752656877040863, 0.6271283626556396, 0.6161791086196899, 0.6250931024551392, 0.6710724234580994, 0.6493716239929199, 0.6674126386642456, 0.6271044611930847, 0.6300927400588989, 0.7024456858634949, 0.6221188306808472, 0.6545873880386353, 0.7194728255271912, 0.626143217086792, 0.7369174957275391, 0.6248814463615417, 0.801833987236023, 0.6724692583084106, 0.6332991123199463, 0.7268531918525696, 0.6591134071350098, 0.6429478526115417]}",2000,9.558539390563965,,0.8954774141311646,0.6278384327888489,"{'train': 1529, 'val': 327, 'test': 329}",c:\Users\ydreizin\OneDrive - NVIDIA Corporation\Documents\Technion\RateAhead\notebooks\artifacts\pretrained_finetune\checkpoints\finetune_full_finetune_budget2000_seed1.pt,low_budget,358402000.0
52e260427d50,full_finetune,1.0,2000,2,179201,179201,179201,0.6925492882728577,1180,"{'global_step': [20, 40, 60, 80, 100, 120, 140, 160, 180, 200, 220, 240, 260, 280, 300, 320, 340, 360, 380, 400, 420, 440, 460, 480, 500, 520, 540, 560, 580, 600, 620, 640, 660, 680, 700, 720, 740, 760, 780, 800, 820, 840, 860, 880, 900, 920, 940, 960, 980, 1000, 1020, 1040, 1060, 1080, 1100, 1120, 1140, 1160, 1180, 1200, 1220, 1240, 1260, 1280, 1300, 1320, 1340, 1360, 1380, 1400, 1420, 1440, 1460, 1480, 1500, 1520, 1540, 1560, 1580, 1600, 1620, 1640, 1660, 1680, 1700, 1720, 1740, 1760, 1780, 1800, 1820, 1840, 1860, 1880, 1900, 1920, 1940, 1960, 1980, 2000], 'val_mse': [0.9651075601577759, 1.0380109548568726, 1.0120444297790527, 0.8232788443565369, 0.8074019551277161, 0.7427768111228943, 0.8668508529663086, 0.7765050530433655, 0.8271157741546631, 0.8342477679252625, 0.7168223261833191, 0.788013219833374, 0.856566846370697, 0.7304806113243103, 0.7904435396194458, 0.9133832454681396, 0.8255704045295715, 1.344429612159729, 0.8554256558418274, 0.7491458654403687, 0.7438453435897827, 0.7756438255310059, 0.725708544254303, 0.7886461019515991, 0.8406156301498413, 1.0219826698303223, 0.7611512541770935, 0.7414131760597229, 0.7249950170516968, 0.7923538088798523, 0.9949916005134583, 0.78806072473526, 0.9182040095329285, 0.7905111908912659, 0.7315695881843567, 0.7141762971878052, 0.7069873213768005, 0.8385372757911682, 0.8869194984436035, 0.9187618494033813, 0.7837837338447571, 0.7777584195137024, 0.8215451240539551, 1.1509233713150024, 0.7257646322250366, 0.7304560542106628, 1.2028419971466064, 0.7929354310035706, 0.7921158671379089, 0.7921789288520813, 0.7324501872062683, 0.7959853410720825, 0.7267377972602844, 0.7103603482246399, 0.7443287372589111, 0.7419552206993103, 0.7805740237236023, 0.7478172183036804, 0.6925492882728577, 0.7389438152313232, 0.7527838945388794, 0.9615218043327332, 0.6945017576217651, 0.7723703384399414, 0.7437145113945007, 0.8181681632995605, 0.8341886401176453, 0.8977066874504089, 0.7498033046722412, 0.7633919715881348, 0.7532747387886047, 0.798419177532196, 0.9428486824035645, 0.7538407444953918, 0.7089056372642517, 0.7455892562866211, 0.7128243446350098, 0.8003531694412231, 0.7929403781890869, 0.920430600643158, 0.755833625793457, 0.7468619346618652, 0.7087019085884094, 0.7024720311164856, 0.8198308348655701, 0.752386212348938, 0.7361467480659485, 0.7981246113777161, 0.7398014068603516, 0.7371360659599304, 0.7549306154251099, 0.7353389263153076, 0.7964708209037781, 0.8532705307006836, 0.7498642206192017, 0.775856614112854, 0.7398117184638977, 0.8597336411476135, 0.7749474048614502, 0.857771635055542], 'val_mae': [0.7560315132141113, 0.8326331973075867, 0.8175347447395325, 0.6748179197311401, 0.7016756534576416, 0.6493241190910339, 0.742734432220459, 0.682996392250061, 0.6735313534736633, 0.7240111827850342, 0.6352004408836365, 0.6686072945594788, 0.7319326400756836, 0.635466456413269, 0.6938214302062988, 0.7678599953651428, 0.6638379693031311, 0.9817705750465393, 0.703902006149292, 0.6408806443214417, 0.6513850092887878, 0.6720982789993286, 0.6207351684570312, 0.6783808469772339, 0.6897818446159363, 0.820085883140564, 0.6362789869308472, 0.636859655380249, 0.616073489189148, 0.6548057794570923, 0.8121418952941895, 0.6815078258514404, 0.7548382878303528, 0.6383752822875977, 0.636659562587738, 0.6182838678359985, 0.6128956079483032, 0.7172729969024658, 0.6982384324073792, 0.768944501876831, 0.6817275285720825, 0.6567321419715881, 0.7036331295967102, 0.8783641457557678, 0.6376758813858032, 0.6343443989753723, 0.9124671816825867, 0.6886513829231262, 0.6676877737045288, 0.679599940776825, 0.621610164642334, 0.6864249110221863, 0.6275022625923157, 0.6129722595214844, 0.6529683470726013, 0.6514664888381958, 0.6742991209030151, 0.6355348825454712, 0.6088936924934387, 0.6407535076141357, 0.6447513699531555, 0.793653666973114, 0.6094122529029846, 0.6498990058898926, 0.6504769921302795, 0.693389356136322, 0.7140255570411682, 0.75116366147995, 0.6642805933952332, 0.6576428413391113, 0.6629810333251953, 0.6922281384468079, 0.7717851400375366, 0.6451424360275269, 0.6269848346710205, 0.6330917477607727, 0.6257032752037048, 0.6540530323982239, 0.6526728868484497, 0.7695716619491577, 0.6637601852416992, 0.6515132784843445, 0.6233025193214417, 0.6216594576835632, 0.6661630272865295, 0.635149359703064, 0.6483901143074036, 0.6902666687965393, 0.6436452269554138, 0.6463873386383057, 0.6672570109367371, 0.6335124373435974, 0.6606747508049011, 0.721407949924469, 0.6586304903030396, 0.6738308072090149, 0.6452082991600037, 0.7212193012237549, 0.6539387702941895, 0.6932305097579956]}",2000,8.85977053642273,,0.9061121344566344,0.6367166042327881,"{'train': 1529, 'val': 327, 'test': 329}",c:\Users\ydreizin\OneDrive - NVIDIA Corporation\Documents\Technion\RateAhead\notebooks\artifacts\pretrained_finetune\checkpoints\finetune_full_finetune_budget2000_seed2.pt,low_budget,358402000.0
f652af1c6b80,full_finetune,1.0,5000,0,179201,179201,179201,0.6956290006637573,320,"{'global_step': [20, 40, 60, 80, 100, 120, 140, 160, 180, 200, 220, 240, 260, 280, 300, 320, 340, 360, 380, 400, 420, 440, 460, 480, 500, 520, 540, 560, 580, 600, 620, 640, 660, 680, 700, 720, 740, 760, 780, 800, 820, 840, 860, 880, 900, 920, 940, 960, 980, 1000, 1020, 1040, 1060, 1080, 1100, 1120, 1140, 1160, 1180, 1200, 1220, 1240, 1260, 1280, 1300, 1320, 1340, 1360, 1380, 1400, 1420, 1440, 1460, 1480, 1500, 1520, 1540, 1560, 1580, 1600, 1620, 1640, 1660, 1680, 1700, 1720, 1740, 1760, 1780, 1800, 1820, 1840, 1860, 1880, 1900, 1920, 1940, 1960, 1980, 2000, 2020, 2040, 2060, 2080, 2100, 2120, 2140, 2160, 2180, 2200, 2220, 2240, 2260, 2280, 2300, 2320, 2340, 2360, 2380, 2400, 2420, 2440, 2460, 2480, 2500, 2520, 2540, 2560, 2580, 2600, 2620, 2640, 2660, 2680, 2700, 2720, 2740, 2760, 2780, 2800, 2820, 2840, 2860, 2880, 2900, 2920, 2940, 2960, 2980, 3000, 3020, 3040, 3060, 3080, 3100, 3120, 3140, 3160, 3180, 3200, 3220, 3240, 3260, 3280, 3300, 3320, 3340, 3360, 3380, 3400, 3420, 3440, 3460, 3480, 3500, 3520, 3540, 3560, 3580, 3600, 3620, 3640, 3660, 3680, 3700, 3720, 3740, 3760, 3780, 3800, 3820, 3840, 3860, 3880, 3900, 3920, 3940, 3960, 3980, 4000, 4020, 4040, 4060, 4080, 4100, 4120, 4140, 4160, 4180, 4200, 4220, 4240, 4260, 4280, 4300, 4320, 4340, 4360, 4380, 4400, 4420, 4440, 4460, 4480, 4500, 4520, 4540, 4560, 4580, 4600, 4620, 4640, 4660, 4680, 4700, 4720, 4740, 4760, 4780, 4800, 4820, 4840, 4860, 4880, 4900, 4920, 4940, 4960, 4980, 5000], 'val_mse': [1.2455209493637085, 1.1880923509597778, 0.8333558440208435, 0.7998477816581726, 1.0202218294143677, 0.7539176344871521, 0.9246258735656738, 0.7467659115791321, 0.9678783416748047, 0.7232508063316345, 0.824781060218811, 0.7542697191238403, 0.7701213359832764, 0.8836015462875366, 0.7811252474784851, 0.6956290006637573, 0.7171363830566406, 0.7586677670478821, 0.8515307903289795, 0.7777764797210693, 0.728146493434906, 0.7484419345855713, 0.7085379958152771, 1.0529714822769165, 0.7472903728485107, 0.7609455585479736, 0.7869063019752502, 0.7613552212715149, 1.0078709125518799, 0.7323295474052429, 1.1288316249847412, 0.7543267011642456, 0.781913697719574, 0.7340013384819031, 0.8312289118766785, 0.746439516544342, 0.7656339406967163, 1.0444207191467285, 0.8125361204147339, 0.821914553642273, 0.8867468237876892, 0.7981671094894409, 0.7325767278671265, 0.8010056018829346, 0.7611127495765686, 0.7639132738113403, 1.0484144687652588, 0.7309872508049011, 0.8394101858139038, 0.8513213396072388, 0.8049994111061096, 0.9622027277946472, 0.9775271415710449, 1.1394015550613403, 0.9314169883728027, 0.8789372444152832, 1.1902565956115723, 0.7367059588432312, 0.7373011708259583, 0.9247623085975647, 0.7526953220367432, 0.7607209086418152, 0.7291483283042908, 0.7397187352180481, 0.730873167514801, 0.7303237915039062, 0.8778575658798218, 0.8010960221290588, 0.7175465822219849, 0.7457485198974609, 0.7213339805603027, 0.7198818325996399, 0.8771262168884277, 0.7945603132247925, 0.847778856754303, 0.7192689776420593, 0.7738896608352661, 0.7036468386650085, 0.868669331073761, 0.7569295167922974, 0.7140071988105774, 0.7305130958557129, 0.7206643223762512, 0.7375609874725342, 0.7188119888305664, 0.7815880179405212, 0.9103972911834717, 0.8120241165161133, 0.766893744468689, 0.7338990569114685, 0.7669732570648193, 0.7075288891792297, 0.7265539169311523, 0.7615097165107727, 0.7366944551467896, 0.950488269329071, 0.7433038353919983, 0.7281368374824524, 0.732487678527832, 0.760566771030426, 0.8228037357330322, 0.7389200925827026, 0.792317271232605, 0.7727116346359253, 0.753652811050415, 0.9035781025886536, 0.769369900226593, 0.816238284111023, 0.9544265270233154, 0.7433024048805237, 0.7464076280593872, 0.879551112651825, 0.8762236833572388, 0.8032886385917664, 0.8056643605232239, 0.7517353892326355, 0.7579259276390076, 0.7233500480651855, 0.8416446447372437, 0.7854805588722229, 0.8728411197662354, 0.8031222224235535, 0.7518904805183411, 0.7689715027809143, 0.7662831544876099, 0.7728761434555054, 0.736666738986969, 0.8139346837997437, 0.7700335383415222, 0.8086318373680115, 0.7733762264251709, 1.060909628868103, 1.2357004880905151, 0.7676681876182556, 0.7917416095733643, 0.7529284954071045, 0.785051167011261, 0.711823046207428, 0.7493031620979309, 0.8869299292564392, 0.7443525791168213, 0.9132515788078308, 0.7232140302658081, 0.7346483469009399, 0.8241636753082275, 0.829764187335968, 0.9382208585739136, 0.794082760810852, 0.7660550475120544, 0.801528811454773, 0.8290530443191528, 0.8223229050636292, 0.8420208692550659, 0.8417148590087891, 0.7817504405975342, 0.7767939567565918, 0.7815253734588623, 0.7827320098876953, 0.7456380128860474, 0.7313968539237976, 0.8768105506896973, 0.8206698298454285, 0.7249491214752197, 0.7861214280128479, 0.8070845007896423, 0.7797355055809021, 0.7950045466423035, 0.8576486706733704, 0.799324631690979, 0.7254706025123596, 0.7713383436203003, 0.7582405209541321, 0.7576749324798584, 0.8219612240791321, 0.7909049391746521, 1.3187223672866821, 0.898635983467102, 0.762162446975708, 0.7622407674789429, 0.7767828702926636, 1.0517655611038208, 0.8205366730690002, 0.7940941452980042, 0.9165720343589783, 0.7959937453269958, 0.9420580267906189, 0.819717288017273, 0.8948535919189453, 0.820122480392456, 1.090221881866455, 0.8159402012825012, 0.7497866749763489, 0.7852432131767273, 0.7721120119094849, 0.7668384313583374, 0.722504198551178, 0.8546538352966309, 0.7577856183052063, 0.9330620765686035, 0.9243304133415222, 0.7506053447723389, 0.8172925710678101, 0.7714791893959045, 0.787212610244751, 0.915527880191803, 0.8432442545890808, 0.9242368936538696, 0.8200427889823914, 1.150295615196228, 0.8097874522209167, 0.7748092412948608, 0.8046446442604065, 0.8327364325523376, 0.7575014233589172, 0.7783610224723816, 0.74351966381073, 0.9018771052360535, 0.8708742260932922, 0.8185081481933594, 0.8434122800827026, 0.8267150521278381, 0.7855668067932129, 0.7812755107879639, 0.9503791928291321, 0.851660966873169, 0.9796101450920105, 0.9958718419075012, 0.8203509449958801, 1.1640541553497314, 0.8042816519737244, 0.7716861367225647, 0.8196942806243896, 0.7863523364067078, 0.778423011302948, 0.7702807784080505, 1.002315878868103, 0.7676964402198792, 0.9409316778182983, 0.834640622138977, 0.8701863288879395, 0.7730701565742493, 0.7581766843795776, 0.9935533404350281, 0.7445763349533081, 0.9019649624824524, 0.759587824344635, 0.8057582378387451, 0.9766240119934082, 0.8979533910751343, 0.8731397390365601], 'val_mae': [0.917837917804718, 0.9029719233512878, 0.710403561592102, 0.6931820511817932, 0.8295820951461792, 0.6508672833442688, 0.7676844000816345, 0.6518237590789795, 0.7898107171058655, 0.6357276439666748, 0.7145655751228333, 0.6712507605552673, 0.6771498322486877, 0.7444993853569031, 0.6817391514778137, 0.6140509247779846, 0.6266116499900818, 0.6630026698112488, 0.7068532109260559, 0.6463811993598938, 0.6269533038139343, 0.6473490595817566, 0.6138932704925537, 0.8323964476585388, 0.650312066078186, 0.6332710385322571, 0.6831938624382019, 0.665976345539093, 0.771273136138916, 0.6379273533821106, 0.8841494917869568, 0.6384643912315369, 0.6802018284797668, 0.6295782327651978, 0.7125284075737, 0.6350313425064087, 0.6422942280769348, 0.8247344493865967, 0.6969119310379028, 0.7008330225944519, 0.734958291053772, 0.6878366470336914, 0.6337840557098389, 0.6843422651290894, 0.6581907868385315, 0.6454174518585205, 0.8358678817749023, 0.6367590427398682, 0.7180861830711365, 0.7233335971832275, 0.6945815682411194, 0.7803769111633301, 0.7857159376144409, 0.8709295988082886, 0.7370584011077881, 0.7356383800506592, 0.905949592590332, 0.6417784690856934, 0.6260243654251099, 0.7682788968086243, 0.6522670984268188, 0.6317038536071777, 0.6249364614486694, 0.6298153400421143, 0.6284649968147278, 0.62530118227005, 0.7375693321228027, 0.6849785447120667, 0.620110809803009, 0.6476559638977051, 0.6180193424224854, 0.6218724250793457, 0.7343491911888123, 0.6832306981086731, 0.7229673266410828, 0.6279274225234985, 0.648163378238678, 0.6177231073379517, 0.6894195079803467, 0.6568267345428467, 0.6177747845649719, 0.6412960886955261, 0.6152405142784119, 0.6466871500015259, 0.6276141405105591, 0.6523153781890869, 0.7652154564857483, 0.6964831948280334, 0.663246214389801, 0.6213905215263367, 0.6695826053619385, 0.618157684803009, 0.6408355236053467, 0.6419886350631714, 0.642734706401825, 0.7877120971679688, 0.6457453966140747, 0.6352687478065491, 0.639176607131958, 0.6295881271362305, 0.7048066258430481, 0.6493165493011475, 0.6856577396392822, 0.645122766494751, 0.6530696153640747, 0.755268931388855, 0.6704418659210205, 0.6600144505500793, 0.7785933017730713, 0.6449543237686157, 0.6536722183227539, 0.7421940565109253, 0.7372713685035706, 0.687682569026947, 0.6901841759681702, 0.6562232375144958, 0.6398985385894775, 0.6297975778579712, 0.7123053669929504, 0.6724811792373657, 0.7355805039405823, 0.6887626647949219, 0.6496747136116028, 0.6521643996238708, 0.6642084717750549, 0.6603463888168335, 0.6264576315879822, 0.6650774478912354, 0.6570244431495667, 0.6788457036018372, 0.6593321561813354, 0.842374861240387, 0.9243196845054626, 0.6467402577400208, 0.6483424305915833, 0.6387952566146851, 0.6680124998092651, 0.6230108737945557, 0.6606220006942749, 0.747223436832428, 0.6457676887512207, 0.7585115432739258, 0.6263271570205688, 0.6344925165176392, 0.704594612121582, 0.6980524659156799, 0.7785529494285583, 0.6804148554801941, 0.6670054197311401, 0.6858777403831482, 0.7072504758834839, 0.7049430012702942, 0.7141340374946594, 0.7072903513908386, 0.6779050827026367, 0.6454095244407654, 0.6640130877494812, 0.671793520450592, 0.6353406310081482, 0.6283830404281616, 0.7248600125312805, 0.6668110489845276, 0.6263189315795898, 0.6779321432113647, 0.6906492114067078, 0.6600345373153687, 0.6637545824050903, 0.6847692131996155, 0.6903981566429138, 0.6297736167907715, 0.6438148617744446, 0.6520869135856628, 0.6412510275840759, 0.6731926798820496, 0.6804870367050171, 0.9558920860290527, 0.7440780997276306, 0.6380628347396851, 0.653689444065094, 0.6638197302818298, 0.8256205320358276, 0.6975206732749939, 0.6518622636795044, 0.750533938407898, 0.667353093624115, 0.7556107044219971, 0.6838706135749817, 0.7190797924995422, 0.6494860649108887, 0.8498240113258362, 0.6894943714141846, 0.6378405094146729, 0.6706878542900085, 0.6454658508300781, 0.6576948761940002, 0.6228260397911072, 0.6943422555923462, 0.6484692692756653, 0.7604954242706299, 0.7316147685050964, 0.639886200428009, 0.6960069537162781, 0.6497732996940613, 0.6501980423927307, 0.7487288117408752, 0.7118602991104126, 0.7469666004180908, 0.687444269657135, 0.884136438369751, 0.6822038292884827, 0.6495728492736816, 0.6622135043144226, 0.6995765566825867, 0.6410665512084961, 0.658609926700592, 0.6320688724517822, 0.6984732747077942, 0.7307136654853821, 0.6932110786437988, 0.7119008302688599, 0.6864579916000366, 0.6545591950416565, 0.6441805958747864, 0.7691234350204468, 0.7005509734153748, 0.7495662569999695, 0.7885070443153381, 0.690101146697998, 0.8829744458198547, 0.6697853207588196, 0.6521952748298645, 0.6637086272239685, 0.6520344614982605, 0.6532673239707947, 0.6429818272590637, 0.7974505424499512, 0.6451228857040405, 0.7373316287994385, 0.6959848403930664, 0.7235894799232483, 0.655437707901001, 0.6428917646408081, 0.7990818023681641, 0.6303475499153137, 0.7455848455429077, 0.6383635401725769, 0.6741551160812378, 0.7760146260261536, 0.732330858707428, 0.718255341053009]}",5000,23.553096771240234,,0.8828303217887878,0.6204907894134521,"{'train': 1529, 'val': 327, 'test': 329}",c:\Users\ydreizin\OneDrive - NVIDIA Corporation\Documents\Technion\RateAhead\notebooks\artifacts\pretrained_finetune\checkpoints\finetune_full_finetune_budget5000_seed0.pt,low_budget,896005000.0
2eaa0fd2ba78,full_finetune,1.0,5000,1,179201,179201,179201,0.6931988596916199,2200,"{'global_step': [20, 40, 60, 80, 100, 120, 140, 160, 180, 200, 220, 240, 260, 280, 300, 320, 340, 360, 380, 400, 420, 440, 460, 480, 500, 520, 540, 560, 580, 600, 620, 640, 660, 680, 700, 720, 740, 760, 780, 800, 820, 840, 860, 880, 900, 920, 940, 960, 980, 1000, 1020, 1040, 1060, 1080, 1100, 1120, 1140, 1160, 1180, 1200, 1220, 1240, 1260, 1280, 1300, 1320, 1340, 1360, 1380, 1400, 1420, 1440, 1460, 1480, 1500, 1520, 1540, 1560, 1580, 1600, 1620, 1640, 1660, 1680, 1700, 1720, 1740, 1760, 1780, 1800, 1820, 1840, 1860, 1880, 1900, 1920, 1940, 1960, 1980, 2000, 2020, 2040, 2060, 2080, 2100, 2120, 2140, 2160, 2180, 2200, 2220, 2240, 2260, 2280, 2300, 2320, 2340, 2360, 2380, 2400, 2420, 2440, 2460, 2480, 2500, 2520, 2540, 2560, 2580, 2600, 2620, 2640, 2660, 2680, 2700, 2720, 2740, 2760, 2780, 2800, 2820, 2840, 2860, 2880, 2900, 2920, 2940, 2960, 2980, 3000, 3020, 3040, 3060, 3080, 3100, 3120, 3140, 3160, 3180, 3200, 3220, 3240, 3260, 3280, 3300, 3320, 3340, 3360, 3380, 3400, 3420, 3440, 3460, 3480, 3500, 3520, 3540, 3560, 3580, 3600, 3620, 3640, 3660, 3680, 3700, 3720, 3740, 3760, 3780, 3800, 3820, 3840, 3860, 3880, 3900, 3920, 3940, 3960, 3980, 4000, 4020, 4040, 4060, 4080, 4100, 4120, 4140, 4160, 4180, 4200, 4220, 4240, 4260, 4280, 4300, 4320, 4340, 4360, 4380, 4400, 4420, 4440, 4460, 4480, 4500, 4520, 4540, 4560, 4580, 4600, 4620, 4640, 4660, 4680, 4700, 4720, 4740, 4760, 4780, 4800, 4820, 4840, 4860, 4880, 4900, 4920, 4940, 4960, 4980, 5000], 'val_mse': [0.9594942331314087, 0.8683783411979675, 0.9419159293174744, 1.1073917150497437, 0.8001448512077332, 0.9854926466941833, 0.7348068356513977, 0.760291576385498, 0.8846530914306641, 0.7859315872192383, 0.794839084148407, 0.8860206007957458, 0.8059461712837219, 0.7410838007926941, 0.8539708852767944, 0.7791514992713928, 0.7926104664802551, 0.8192630410194397, 0.776025116443634, 0.8772760033607483, 0.7400431632995605, 0.7456626296043396, 0.8994044661521912, 0.7462243437767029, 0.9772510528564453, 0.8939148187637329, 0.7838218808174133, 0.8423448204994202, 0.7090315222740173, 0.8450829982757568, 0.7550365328788757, 0.8084513545036316, 0.9348827600479126, 0.7548097372055054, 0.7701793909072876, 0.8318166732788086, 0.7441257834434509, 0.730977475643158, 0.7676454186439514, 0.8550881743431091, 0.7488603591918945, 0.7610324025154114, 0.8512449860572815, 0.9078116416931152, 0.9384704232215881, 0.8227834701538086, 0.9265431761741638, 0.7229080200195312, 0.7720488905906677, 0.9508280754089355, 1.0740538835525513, 0.7570701837539673, 0.7112243175506592, 0.793170690536499, 0.987598180770874, 0.9244748950004578, 1.0265636444091797, 0.7496248483657837, 0.835331916809082, 0.7058323621749878, 0.7227298021316528, 0.7875966429710388, 0.7667418122291565, 0.7251508235931396, 0.8383393287658691, 0.7398027777671814, 0.8233118057250977, 0.7889495491981506, 0.8283309936523438, 0.730786919593811, 0.7536562085151672, 0.7374173402786255, 0.7517616152763367, 0.9717657566070557, 0.9259592294692993, 0.8243114948272705, 0.9200491905212402, 1.0460309982299805, 0.8987427949905396, 0.7129354476928711, 0.7128466963768005, 0.7335196137428284, 0.7757691740989685, 0.7486642003059387, 0.7727968692779541, 0.7334509491920471, 0.7599799633026123, 0.8255581855773926, 0.7192714810371399, 0.7798874378204346, 0.8487799167633057, 0.730082631111145, 0.8695313930511475, 0.7179639935493469, 0.9802277684211731, 0.7726559638977051, 0.7350719571113586, 0.8615440130233765, 0.7593187093734741, 0.7353447079658508, 0.738061785697937, 0.7915260195732117, 0.724465548992157, 0.766585648059845, 0.8065274953842163, 0.8281647562980652, 0.8968468308448792, 0.7288545966148376, 0.7292414903640747, 0.6931988596916199, 0.8060391545295715, 0.9397709965705872, 0.7637304663658142, 0.7375385761260986, 0.7632606029510498, 0.7382736802101135, 0.7104797959327698, 0.7091522216796875, 1.3306646347045898, 0.7556517124176025, 0.7523546814918518, 0.7680210471153259, 0.7837790250778198, 0.8460462689399719, 0.7529658675193787, 0.7774827480316162, 0.7387561202049255, 0.8399751782417297, 0.9016574025154114, 0.7868965864181519, 0.8541655540466309, 0.7560664415359497, 0.7989101409912109, 0.8101488351821899, 0.7494233250617981, 0.7534361481666565, 0.7118709683418274, 0.7359716296195984, 0.8463602066040039, 0.8665662407875061, 1.0118293762207031, 0.8620011806488037, 0.7890476584434509, 0.8887324333190918, 0.7381208539009094, 0.8143129348754883, 1.1454123258590698, 0.7190961837768555, 0.8001883625984192, 0.751829206943512, 0.8038537502288818, 0.8567982912063599, 0.8607441186904907, 0.9985084533691406, 0.9077991843223572, 0.7834715247154236, 0.7505039572715759, 0.7692263126373291, 0.9414768218994141, 0.8859372138977051, 0.7365396618843079, 0.80828458070755, 1.1879627704620361, 0.7622275948524475, 0.8396873474121094, 0.7663077116012573, 0.7437273263931274, 0.7582879662513733, 0.7375919818878174, 0.7729026079177856, 0.7803806066513062, 0.8346790671348572, 0.7547825574874878, 0.7507701516151428, 0.7816210389137268, 0.7966511249542236, 0.7712571024894714, 0.7520847320556641, 0.7171365022659302, 0.7384315729141235, 0.7626107931137085, 0.7945160269737244, 1.1681644916534424, 0.793113112449646, 0.7342037558555603, 0.9008982181549072, 0.7456672787666321, 1.0940077304840088, 0.8222157955169678, 0.7921059727668762, 0.7631109952926636, 0.7867713570594788, 0.734133780002594, 0.74754798412323, 0.7589318752288818, 0.8642919659614563, 0.7607990503311157, 0.8213863372802734, 0.7195336222648621, 0.749660849571228, 0.798141598701477, 0.8591788411140442, 0.7831160426139832, 0.7534517645835876, 0.7322986125946045, 0.7450110912322998, 0.7611390352249146, 0.8039999604225159, 0.95562344789505, 0.8666468858718872, 0.72100430727005, 0.7638192176818848, 0.7393520474433899, 0.775475263595581, 0.7353628277778625, 0.7590621113777161, 0.780443012714386, 0.8125270009040833, 0.854507565498352, 0.8068702220916748, 0.8032234311103821, 0.846846342086792, 0.7438994646072388, 0.9540818929672241, 0.8236321210861206, 0.7502892017364502, 0.7578851580619812, 0.7507349848747253, 0.8148177266120911, 0.7366666197776794, 0.8943252563476562, 0.7255455255508423, 0.7951326966285706, 0.868238627910614, 0.7716460824012756, 0.7980658411979675, 0.7736368179321289, 0.7905253171920776, 0.8260061144828796, 0.8850997090339661, 1.1985801458358765, 0.8043069839477539, 0.8915454745292664, 0.7501923441886902, 0.7354263067245483, 0.7767110466957092, 0.7911337614059448, 0.8194634914398193, 0.8018574118614197, 0.7935863137245178], 'val_mae': [0.7695274949073792, 0.7210254073143005, 0.7782355546951294, 0.8648110628128052, 0.6863002777099609, 0.803971529006958, 0.6410319805145264, 0.6555636525154114, 0.7486340999603271, 0.683501660823822, 0.6937793493270874, 0.7460570335388184, 0.6939530968666077, 0.6494892239570618, 0.6809386014938354, 0.6814619898796082, 0.6879724860191345, 0.7110159993171692, 0.6756232380867004, 0.745355486869812, 0.6381288170814514, 0.6423947215080261, 0.7369611263275146, 0.6409162878990173, 0.7283074855804443, 0.7414990067481995, 0.6608845591545105, 0.7228848338127136, 0.6233327984809875, 0.7161638140678406, 0.6434692740440369, 0.700509250164032, 0.7800397276878357, 0.6572008728981018, 0.6671562790870667, 0.7160243988037109, 0.646668016910553, 0.626013994216919, 0.661506175994873, 0.7233322262763977, 0.6465009450912476, 0.6541368365287781, 0.7187377214431763, 0.7011668086051941, 0.7690179347991943, 0.700654923915863, 0.7651825547218323, 0.6277400851249695, 0.6716107130050659, 0.7732752561569214, 0.8563103675842285, 0.6626979112625122, 0.6117476224899292, 0.6883904933929443, 0.8038115501403809, 0.7708466649055481, 0.832348644733429, 0.6595906019210815, 0.6706558465957642, 0.6242436170578003, 0.6214004158973694, 0.6828689575195312, 0.6676213145256042, 0.633962094783783, 0.674457311630249, 0.6458737254142761, 0.708915650844574, 0.6838182210922241, 0.7088907957077026, 0.6248022317886353, 0.6564874053001404, 0.6439077258110046, 0.6369367837905884, 0.7983734607696533, 0.7701138257980347, 0.6702402830123901, 0.7677156925201416, 0.8393356800079346, 0.752656877040863, 0.6271283626556396, 0.6161791086196899, 0.6250931024551392, 0.6710724234580994, 0.6493716239929199, 0.6674126386642456, 0.6271044611930847, 0.6300927400588989, 0.7024456858634949, 0.6221188306808472, 0.6545873880386353, 0.7194728255271912, 0.626143217086792, 0.7369174957275391, 0.6248814463615417, 0.801833987236023, 0.6724692583084106, 0.6332991123199463, 0.7268531918525696, 0.6591134071350098, 0.6429478526115417, 0.6467667818069458, 0.6846328377723694, 0.6205907464027405, 0.6679999232292175, 0.6957389116287231, 0.7103188633918762, 0.7556465864181519, 0.6390020847320557, 0.6289085149765015, 0.6104337573051453, 0.6515117287635803, 0.7738889455795288, 0.6407813429832458, 0.6265861392021179, 0.662972629070282, 0.6285778284072876, 0.618005633354187, 0.6169783473014832, 0.9792068004608154, 0.6476877927780151, 0.6378710269927979, 0.6589107513427734, 0.6561452746391296, 0.7151457667350769, 0.6346267461776733, 0.6624397039413452, 0.6290544867515564, 0.7082614898681641, 0.7508436441421509, 0.6454349756240845, 0.7223066091537476, 0.6398441195487976, 0.6892138123512268, 0.695554792881012, 0.656521201133728, 0.6481882333755493, 0.6155798435211182, 0.6404136419296265, 0.72586989402771, 0.7316160798072815, 0.7723442912101746, 0.7295446991920471, 0.6759158968925476, 0.7429920434951782, 0.635423481464386, 0.6845484972000122, 0.8263983130455017, 0.620865523815155, 0.6834967136383057, 0.6330854296684265, 0.6568850874900818, 0.7220436930656433, 0.7301194071769714, 0.752595841884613, 0.7561565041542053, 0.6738798022270203, 0.6423429250717163, 0.6403154730796814, 0.7785861492156982, 0.7387765049934387, 0.6345791816711426, 0.6868813633918762, 0.8553508520126343, 0.6382562518119812, 0.7126718759536743, 0.6492729783058167, 0.6373569965362549, 0.638074517250061, 0.6378876566886902, 0.6633234620094299, 0.675672173500061, 0.7124055624008179, 0.6461856961250305, 0.6408488750457764, 0.6688633561134338, 0.6811597347259521, 0.6587491035461426, 0.6440560221672058, 0.6238309741020203, 0.636073887348175, 0.6503581404685974, 0.678971529006958, 0.8964242935180664, 0.6527877449989319, 0.6345170140266418, 0.754834771156311, 0.6367930173873901, 0.8616421818733215, 0.6669273376464844, 0.6516370177268982, 0.6603624224662781, 0.659764289855957, 0.6245631575584412, 0.6426216959953308, 0.6500722765922546, 0.7308254241943359, 0.6542288661003113, 0.7017938494682312, 0.6186369061470032, 0.6263968348503113, 0.6485565900802612, 0.6821912527084351, 0.6784009337425232, 0.6374109387397766, 0.6310727000236511, 0.6473277807235718, 0.6575571894645691, 0.6606791019439697, 0.787048876285553, 0.7375777363777161, 0.6302103996276855, 0.6596818566322327, 0.629775881767273, 0.6624837517738342, 0.6319538354873657, 0.6439791917800903, 0.6773137450218201, 0.6747926473617554, 0.6844582557678223, 0.659803032875061, 0.6658139824867249, 0.687217116355896, 0.6433500051498413, 0.7230361104011536, 0.701610267162323, 0.6514989137649536, 0.642898440361023, 0.6437876224517822, 0.70030677318573, 0.6337081789970398, 0.7433379888534546, 0.6250383257865906, 0.6494497060775757, 0.6776155829429626, 0.6464883089065552, 0.6521273255348206, 0.661409318447113, 0.657623827457428, 0.6991003155708313, 0.7457418441772461, 0.9080818295478821, 0.6604249477386475, 0.7481052279472351, 0.6358733773231506, 0.6375312209129333, 0.6444748044013977, 0.6438095569610596, 0.6962176561355591, 0.6553723812103271, 0.6551964282989502]}",5000,22.976198434829712,,0.8806255459785461,0.6222974061965942,"{'train': 1529, 'val': 327, 'test': 329}",c:\Users\ydreizin\OneDrive - NVIDIA Corporation\Documents\Technion\RateAhead\notebooks\artifacts\pretrained_finetune\checkpoints\finetune_full_finetune_budget5000_seed1.pt,low_budget,896005000.0
ee993b13130b,full_finetune,1.0,5000,2,179201,179201,179201,0.6925492882728577,1180,"{'global_step': [20, 40, 60, 80, 100, 120, 140, 160, 180, 200, 220, 240, 260, 280, 300, 320, 340, 360, 380, 400, 420, 440, 460, 480, 500, 520, 540, 560, 580, 600, 620, 640, 660, 680, 700, 720, 740, 760, 780, 800, 820, 840, 860, 880, 900, 920, 940, 960, 980, 1000, 1020, 1040, 1060, 1080, 1100, 1120, 1140, 1160, 1180, 1200, 1220, 1240, 1260, 1280, 1300, 1320, 1340, 1360, 1380, 1400, 1420, 1440, 1460, 1480, 1500, 1520, 1540, 1560, 1580, 1600, 1620, 1640, 1660, 1680, 1700, 1720, 1740, 1760, 1780, 1800, 1820, 1840, 1860, 1880, 1900, 1920, 1940, 1960, 1980, 2000, 2020, 2040, 2060, 2080, 2100, 2120, 2140, 2160, 2180, 2200, 2220, 2240, 2260, 2280, 2300, 2320, 2340, 2360, 2380, 2400, 2420, 2440, 2460, 2480, 2500, 2520, 2540, 2560, 2580, 2600, 2620, 2640, 2660, 2680, 2700, 2720, 2740, 2760, 2780, 2800, 2820, 2840, 2860, 2880, 2900, 2920, 2940, 2960, 2980, 3000, 3020, 3040, 3060, 3080, 3100, 3120, 3140, 3160, 3180, 3200, 3220, 3240, 3260, 3280, 3300, 3320, 3340, 3360, 3380, 3400, 3420, 3440, 3460, 3480, 3500, 3520, 3540, 3560, 3580, 3600, 3620, 3640, 3660, 3680, 3700, 3720, 3740, 3760, 3780, 3800, 3820, 3840, 3860, 3880, 3900, 3920, 3940, 3960, 3980, 4000, 4020, 4040, 4060, 4080, 4100, 4120, 4140, 4160, 4180, 4200, 4220, 4240, 4260, 4280, 4300, 4320, 4340, 4360, 4380, 4400, 4420, 4440, 4460, 4480, 4500, 4520, 4540, 4560, 4580, 4600, 4620, 4640, 4660, 4680, 4700, 4720, 4740, 4760, 4780, 4800, 4820, 4840, 4860, 4880, 4900, 4920, 4940, 4960, 4980, 5000], 'val_mse': [0.9651075601577759, 1.0380109548568726, 1.0120444297790527, 0.8232788443565369, 0.8074019551277161, 0.7427768111228943, 0.8668508529663086, 0.7765050530433655, 0.8271157741546631, 0.8342477679252625, 0.7168223261833191, 0.788013219833374, 0.856566846370697, 0.7304806113243103, 0.7904435396194458, 0.9133832454681396, 0.8255704045295715, 1.344429612159729, 0.8554256558418274, 0.7491458654403687, 0.7438453435897827, 0.7756438255310059, 0.725708544254303, 0.7886461019515991, 0.8406156301498413, 1.0219826698303223, 0.7611512541770935, 0.7414131760597229, 0.7249950170516968, 0.7923538088798523, 0.9949916005134583, 0.78806072473526, 0.9182040095329285, 0.7905111908912659, 0.7315695881843567, 0.7141762971878052, 0.7069873213768005, 0.8385372757911682, 0.8869194984436035, 0.9187618494033813, 0.7837837338447571, 0.7777584195137024, 0.8215451240539551, 1.1509233713150024, 0.7257646322250366, 0.7304560542106628, 1.2028419971466064, 0.7929354310035706, 0.7921158671379089, 0.7921789288520813, 0.7324501872062683, 0.7959853410720825, 0.7267377972602844, 0.7103603482246399, 0.7443287372589111, 0.7419552206993103, 0.7805740237236023, 0.7478172183036804, 0.6925492882728577, 0.7389438152313232, 0.7527838945388794, 0.9615218043327332, 0.6945017576217651, 0.7723703384399414, 0.7437145113945007, 0.8181681632995605, 0.8341886401176453, 0.8977066874504089, 0.7498033046722412, 0.7633919715881348, 0.7532747387886047, 0.798419177532196, 0.9428486824035645, 0.7538407444953918, 0.7089056372642517, 0.7455892562866211, 0.7128243446350098, 0.8003531694412231, 0.7929403781890869, 0.920430600643158, 0.755833625793457, 0.7468619346618652, 0.7087019085884094, 0.7024720311164856, 0.8198308348655701, 0.752386212348938, 0.7361467480659485, 0.7981246113777161, 0.7398014068603516, 0.7371360659599304, 0.7549306154251099, 0.7353389263153076, 0.7964708209037781, 0.8532705307006836, 0.7498642206192017, 0.775856614112854, 0.7398117184638977, 0.8597336411476135, 0.7749474048614502, 0.857771635055542, 1.0242505073547363, 0.8473301529884338, 0.7734513282775879, 0.7383784055709839, 0.8087177872657776, 1.0431336164474487, 0.7730646729469299, 0.7264456748962402, 0.7473366260528564, 0.7400876879692078, 0.7492706775665283, 0.9290056824684143, 0.7088297605514526, 0.6999531388282776, 0.7999131083488464, 0.7146851420402527, 0.727802038192749, 0.8066800236701965, 0.7638643980026245, 0.749190092086792, 0.7207483649253845, 0.7917328476905823, 0.7872325778007507, 0.819337785243988, 0.9467129707336426, 0.7246142625808716, 0.7213378548622131, 0.97093665599823, 0.7704365253448486, 0.7680113315582275, 1.1068553924560547, 0.8443779945373535, 0.9151126146316528, 0.7000252604484558, 0.7470754384994507, 0.7187244892120361, 0.7483147978782654, 0.7302363514900208, 0.7845832109451294, 0.8688378930091858, 0.7898213267326355, 0.7624609470367432, 0.7750611305236816, 0.7883561849594116, 0.757706880569458, 0.7437262535095215, 0.7305154204368591, 0.8983848690986633, 0.8341740369796753, 0.8233928084373474, 0.756747305393219, 0.9128066301345825, 0.8411720395088196, 0.8167590498924255, 0.7256425023078918, 0.8088638186454773, 0.8439502120018005, 0.7660500407218933, 0.7467536330223083, 0.7518838047981262, 0.759462296962738, 0.7902126312255859, 0.7702646255493164, 0.8048402070999146, 0.9454312324523926, 1.1330070495605469, 0.7476034164428711, 0.8645689487457275, 0.7765880823135376, 0.8999675512313843, 0.7560409307479858, 0.8160131573677063, 0.7821291089057922, 0.9551032185554504, 0.7714170217514038, 0.7375286817550659, 1.040897011756897, 0.7938572764396667, 0.7356385588645935, 0.8693125247955322, 0.9124267101287842, 0.7359572649002075, 0.8186307549476624, 0.794913649559021, 0.8358728289604187, 0.731461763381958, 0.7784678339958191, 0.8378335237503052, 1.071903944015503, 0.8037633895874023, 0.7525545358657837, 0.7779974341392517, 0.7710795998573303, 0.7955639362335205, 1.1434210538864136, 0.7468811273574829, 0.7881706953048706, 0.7268372774124146, 0.7666140794754028, 0.7182506322860718, 0.8023217916488647, 0.7654950022697449, 0.7615593671798706, 0.7319143414497375, 0.749409556388855, 0.7550075650215149, 0.7906937599182129, 0.7399204969406128, 0.8592442274093628, 0.7657099962234497, 0.7679222822189331, 1.1191346645355225, 0.8435726165771484, 0.9298787117004395, 0.8406856656074524, 0.7612229585647583, 0.912509560585022, 0.8592504858970642, 0.9190601110458374, 0.825774610042572, 0.7622983455657959, 0.7853251695632935, 0.740341067314148, 0.7400928735733032, 0.7560405135154724, 0.7799634337425232, 0.9527111649513245, 0.7760092616081238, 0.8142058253288269, 0.9005529284477234, 0.8761814832687378, 0.9279028177261353, 1.075498104095459, 1.067166805267334, 0.7610554695129395, 0.7776710987091064, 0.790722131729126, 0.7364983558654785, 0.7584050893783569, 0.766762912273407, 0.7929170727729797, 0.8781054019927979, 1.0099732875823975, 0.797391951084137, 0.8102078437805176, 0.7642066478729248, 0.9721983671188354, 0.8285233974456787, 1.1803081035614014, 0.8981781601905823], 'val_mae': [0.7560315132141113, 0.8326331973075867, 0.8175347447395325, 0.6748179197311401, 0.7016756534576416, 0.6493241190910339, 0.742734432220459, 0.682996392250061, 0.6735313534736633, 0.7240111827850342, 0.6352004408836365, 0.6686072945594788, 0.7319326400756836, 0.635466456413269, 0.6938214302062988, 0.7678599953651428, 0.6638379693031311, 0.9817705750465393, 0.703902006149292, 0.6408806443214417, 0.6513850092887878, 0.6720982789993286, 0.6207351684570312, 0.6783808469772339, 0.6897818446159363, 0.820085883140564, 0.6362789869308472, 0.636859655380249, 0.616073489189148, 0.6548057794570923, 0.8121418952941895, 0.6815078258514404, 0.7548382878303528, 0.6383752822875977, 0.636659562587738, 0.6182838678359985, 0.6128956079483032, 0.7172729969024658, 0.6982384324073792, 0.768944501876831, 0.6817275285720825, 0.6567321419715881, 0.7036331295967102, 0.8783641457557678, 0.6376758813858032, 0.6343443989753723, 0.9124671816825867, 0.6886513829231262, 0.6676877737045288, 0.679599940776825, 0.621610164642334, 0.6864249110221863, 0.6275022625923157, 0.6129722595214844, 0.6529683470726013, 0.6514664888381958, 0.6742991209030151, 0.6355348825454712, 0.6088936924934387, 0.6407535076141357, 0.6447513699531555, 0.793653666973114, 0.6094122529029846, 0.6498990058898926, 0.6504769921302795, 0.693389356136322, 0.7140255570411682, 0.75116366147995, 0.6642805933952332, 0.6576428413391113, 0.6629810333251953, 0.6922281384468079, 0.7717851400375366, 0.6451424360275269, 0.6269848346710205, 0.6330917477607727, 0.6257032752037048, 0.6540530323982239, 0.6526728868484497, 0.7695716619491577, 0.6637601852416992, 0.6515132784843445, 0.6233025193214417, 0.6216594576835632, 0.6661630272865295, 0.635149359703064, 0.6483901143074036, 0.6902666687965393, 0.6436452269554138, 0.6463873386383057, 0.6672570109367371, 0.6335124373435974, 0.6606747508049011, 0.721407949924469, 0.6586304903030396, 0.6738308072090149, 0.6452082991600037, 0.7212193012237549, 0.6539387702941895, 0.6932305097579956, 0.8088275194168091, 0.6747732162475586, 0.6702551245689392, 0.6525428891181946, 0.7006304264068604, 0.824515163898468, 0.6620003581047058, 0.6390588879585266, 0.6458137631416321, 0.6463561058044434, 0.6566967368125916, 0.7749048471450806, 0.6191563010215759, 0.6200917363166809, 0.7015594840049744, 0.6333582997322083, 0.6471773982048035, 0.7048674821853638, 0.6522586941719055, 0.6381285786628723, 0.6274862289428711, 0.6603271961212158, 0.6818227767944336, 0.7045233249664307, 0.7732601165771484, 0.627543568611145, 0.6285992860794067, 0.7855610847473145, 0.6438005566596985, 0.6506336331367493, 0.8582689762115479, 0.7210225462913513, 0.76044100522995, 0.6211245656013489, 0.6540613770484924, 0.6210469603538513, 0.6636591553688049, 0.6444689631462097, 0.6523745656013489, 0.7432413697242737, 0.6914783716201782, 0.665613055229187, 0.642794668674469, 0.685206413269043, 0.6451946496963501, 0.6484918594360352, 0.6448240876197815, 0.7017461061477661, 0.6943098902702332, 0.7063870429992676, 0.6481091976165771, 0.7649124264717102, 0.7217374444007874, 0.663540780544281, 0.6230219602584839, 0.6684461236000061, 0.6777162551879883, 0.6706811189651489, 0.6391174793243408, 0.6582814455032349, 0.6523810029029846, 0.6662167310714722, 0.6483352184295654, 0.6835444569587708, 0.7774603366851807, 0.8769059777259827, 0.6374860405921936, 0.7290140390396118, 0.6641270518302917, 0.7572211027145386, 0.6468027830123901, 0.6966740489006042, 0.6746887564659119, 0.7780801057815552, 0.6659623384475708, 0.6470101475715637, 0.8364428877830505, 0.6514790058135986, 0.6381905674934387, 0.7289988398551941, 0.7615712881088257, 0.6358691453933716, 0.69865483045578, 0.6834543943405151, 0.7139936685562134, 0.6337329149246216, 0.6463990211486816, 0.7079970836639404, 0.8427487015724182, 0.6950590014457703, 0.6447457671165466, 0.6643931269645691, 0.6627023816108704, 0.6814978122711182, 0.8916187286376953, 0.6464690566062927, 0.6576874256134033, 0.6351890563964844, 0.6425796151161194, 0.6359779238700867, 0.6956210732460022, 0.6622099280357361, 0.6556402444839478, 0.6419907212257385, 0.6613947749137878, 0.6575314402580261, 0.6807446479797363, 0.6372209787368774, 0.7288466691970825, 0.6496277451515198, 0.6568299531936646, 0.8545228838920593, 0.6760069727897644, 0.758797287940979, 0.7060322165489197, 0.6403823494911194, 0.6924180388450623, 0.6970388889312744, 0.7638232707977295, 0.7035601735115051, 0.6535448431968689, 0.671602189540863, 0.6278437376022339, 0.6438681483268738, 0.6461814641952515, 0.6717811822891235, 0.7716574668884277, 0.6462696194648743, 0.6859686970710754, 0.7447646856307983, 0.6838304400444031, 0.7666205167770386, 0.8553600311279297, 0.8407703638076782, 0.6431257724761963, 0.6648681163787842, 0.6743214130401611, 0.6339926719665527, 0.647475004196167, 0.6621888279914856, 0.6818632483482361, 0.7272171974182129, 0.8214287757873535, 0.6596607565879822, 0.693371057510376, 0.6549412608146667, 0.7822768688201904, 0.7015584111213684, 0.9047935605049133, 0.7480797171592712]}",5000,23.494731187820435,,0.9061121344566344,0.6367166042327881,"{'train': 1529, 'val': 327, 'test': 329}",c:\Users\ydreizin\OneDrive - NVIDIA Corporation\Documents\Technion\RateAhead\notebooks\artifacts\pretrained_finetune\checkpoints\finetune_full_finetune_budget5000_seed2.pt,low_budget,896005000.0
8c132184d162,gradual_unfreeze,1.0,50,0,179201,65,179201,1.2655833959579468,40,"{'global_step': [20, 40, 50], 'val_mse': [2.1721179485321045, 1.2655833959579468, 1.293471336364746], 'val_mae': [1.2679040431976318, 0.8625878095626831, 0.9067351222038269]}",50,0.1595778465270996,50.0,1.3698430061340332,0.8329480886459351,"{'train': 1529, 'val': 327, 'test': 329}",c:\Users\ydreizin\OneDrive - NVIDIA Corporation\Documents\Technion\RateAhead\notebooks\artifacts\pretrained_finetune\checkpoints\finetune_gradual_unfreeze_budget50_seed0.pt,low_budget,3250.0
d5af6a310d89,gradual_unfreeze,1.0,50,1,179201,65,179201,1.2549444437026978,50,"{'global_step': [20, 40, 50], 'val_mse': [2.0505502223968506, 1.2569801807403564, 1.2549444437026978], 'val_mae': [1.2264779806137085, 0.8628028631210327, 0.8824278116226196]}",50,0.1945528984069824,50.0,1.3784297704696655,0.867469310760498,"{'train': 1529, 'val': 327, 'test': 329}",c:\Users\ydreizin\OneDrive - NVIDIA Corporation\Documents\Technion\RateAhead\notebooks\artifacts\pretrained_finetune\checkpoints\finetune_gradual_unfreeze_budget50_seed1.pt,low_budget,3250.0
896a08721cdf,gradual_unfreeze,1.0,50,2,179201,65,179201,1.2458821535110474,40,"{'global_step': [20, 40, 50], 'val_mse': [1.9244989156723022, 1.2458821535110474, 1.2464174032211304], 'val_mae': [1.1818541288375854, 0.8745206594467163, 0.8750905394554138]}",50,0.2224063873291015,50.0,1.3655167818069458,0.8553012013435364,"{'train': 1529, 'val': 327, 'test': 329}",c:\Users\ydreizin\OneDrive - NVIDIA Corporation\Documents\Technion\RateAhead\notebooks\artifacts\pretrained_finetune\checkpoints\finetune_gradual_unfreeze_budget50_seed2.pt,low_budget,3250.0
fb4d038dcacd,gradual_unfreeze,1.0,100,0,179201,65,179201,0.8524320125579834,80,"{'global_step': [20, 40, 60, 80, 100], 'val_mse': [2.1721179485321045, 1.2655833959579468, 1.1723175048828125, 0.8524320125579834, 0.8976103663444519], 'val_mae': [1.2679040431976318, 0.8625878095626831, 0.8568240404129028, 0.709842324256897, 0.7562188506126404]}",100,0.457319974899292,50.0,1.061608910560608,0.7371377348899841,"{'train': 1529, 'val': 327, 'test': 329}",c:\Users\ydreizin\OneDrive - NVIDIA Corporation\Documents\Technion\RateAhead\notebooks\artifacts\pretrained_finetune\checkpoints\finetune_gradual_unfreeze_budget100_seed0.pt,low_budget,8963300.0
c5036d1167ae,gradual_unfreeze,1.0,100,1,179201,65,179201,0.9142302870750428,80,"{'global_step': [20, 40, 60, 80, 100], 'val_mse': [2.0505502223968506, 1.2569801807403564, 1.1111555099487305, 0.9142302870750427, 0.9539271593093872], 'val_mae': [1.2264779806137085, 0.8628028631210327, 0.7919138073921204, 0.7546982169151306, 0.7927470207214355]}",100,0.3169605731964111,50.0,1.1014196872711182,0.7567822933197021,"{'train': 1529, 'val': 327, 'test': 329}",c:\Users\ydreizin\OneDrive - NVIDIA Corporation\Documents\Technion\RateAhead\notebooks\artifacts\pretrained_finetune\checkpoints\finetune_gradual_unfreeze_budget100_seed1.pt,low_budget,8963300.0
642126ba2af0,gradual_unfreeze,1.0,100,2,179201,65,179201,0.8518103957176208,100,"{'global_step': [20, 40, 60, 80, 100], 'val_mse': [1.9244989156723022, 1.2458821535110474, 4.02106237411499, 1.0097086429595947, 0.8518103957176208], 'val_mae': [1.1818541288375854, 0.8745206594467163, 1.823205590248108, 0.8098553419113159, 0.6987663507461548]}",100,0.3087368011474609,50.0,1.0351608991622925,0.705743670463562,"{'train': 1529, 'val': 327, 'test': 329}",c:\Users\ydreizin\OneDrive - NVIDIA Corporation\Documents\Technion\RateAhead\notebooks\artifacts\pretrained_finetune\checkpoints\finetune_gradual_unfreeze_budget100_seed2.pt,low_budget,8963300.0
dc0af195be60,gradual_unfreeze,1.0,200,0,179201,65,179201,0.7067413926124573,200,"{'global_step': [20, 40, 60, 80, 100, 120, 140, 160, 180, 200], 'val_mse': [2.1721179485321045, 1.2655833959579468, 1.3035119771957397, 1.7163151502609253, 1.6211068630218506, 0.7980044484138489, 0.9902637004852295, 1.0004942417144775, 0.8662617206573486, 0.7067413926124573], 'val_mae': [1.2679040431976318, 0.8625878095626831, 0.9128795266151428, 1.1050344705581665, 1.085160732269287, 0.6876593828201294, 0.7994328737258911, 0.7853813767433167, 0.7266008257865906, 0.6273093819618225]}",200,1.1145753860473633,60.0,0.9100753664970398,0.6348070502281189,"{'train': 1529, 'val': 327, 'test': 329}",c:\Users\ydreizin\OneDrive - NVIDIA Corporation\Documents\Technion\RateAhead\notebooks\artifacts\pretrained_finetune\checkpoints\finetune_gradual_unfreeze_budget200_seed0.pt,low_budget,25092040.0
fa9f06de52d2,gradual_unfreeze,1.0,200,1,179201,65,179201,0.7482960820198059,160,"{'global_step': [20, 40, 60, 80, 100, 120, 140, 160, 180, 200], 'val_mse': [2.0505502223968506, 1.2569801807403564, 1.322229266166687, 0.9367939233779907, 1.1060221195220947, 0.8450398445129395, 0.8204806447029114, 0.7482960820198059, 0.7793296575546265, 1.1159915924072266], 'val_mae': [1.2264779806137085, 0.8628028631210327, 0.9246119856834412, 0.7351554036140442, 0.8691977262496948, 0.7137231826782227, 0.6935198903083801, 0.6430625915527344, 0.676013708114624, 0.8571382761001587]}",200,0.7509355545043945,60.0,0.905696988105774,0.6426379084587097,"{'train': 1529, 'val': 327, 'test': 329}",c:\Users\ydreizin\OneDrive - NVIDIA Corporation\Documents\Technion\RateAhead\notebooks\artifacts\pretrained_finetune\checkpoints\finetune_gradual_unfreeze_budget200_seed1.pt,low_budget,25092040.0
774a53068c5c,gradual_unfreeze,1.0,200,2,179201,65,179201,0.7572193741798401,180,"{'global_step': [20, 40, 60, 80, 100, 120, 140, 160, 180, 200], 'val_mse': [1.9244989156723022, 1.2458821535110474, 1.2735384702682495, 1.3664175271987915, 0.834177553653717, 0.8853024244308472, 1.093306541442871, 0.8616557717323303, 0.7572193741798401, 0.8914948105812073], 'val_mae': [1.1818541288375854, 0.8745206594467163, 0.8948422074317932, 0.842829704284668, 0.6960315108299255, 0.7381658554077148, 0.8533844947814941, 0.6937357783317566, 0.6542701721191406, 0.7609424591064453]}",200,0.7096366882324219,60.0,0.9427545070648192,0.6517378687858582,"{'train': 1529, 'val': 327, 'test': 329}",c:\Users\ydreizin\OneDrive - NVIDIA Corporation\Documents\Technion\RateAhead\notebooks\artifacts\pretrained_finetune\checkpoints\finetune_gradual_unfreeze_budget200_seed2.pt,low_budget,25092040.0
64e6eb41af2b,gradual_unfreeze,1.0,500,0,179201,65,179201,0.7620822191238403,200,"{'global_step': [20, 40, 60, 80, 100, 120, 140, 160, 180, 200, 220, 240, 260, 280, 300, 320, 340, 360, 380, 400, 420, 440, 460, 480, 500], 'val_mse': [2.1721179485321045, 1.2655833959579468, 1.3035119771957397, 1.280375361442566, 1.3648236989974976, 1.2686212062835693, 1.2699944972991943, 1.932390809059143, 1.057218074798584, 0.7620822191238403, 0.8066040277481079, 0.8278518319129944, 0.9138683676719666, 1.4863097667694092, 1.3381980657577515, 1.6566448211669922, 1.5975747108459473, 0.7719486951828003, 0.9956427216529846, 0.8162172436714172, 0.7940344214439392, 1.4437121152877808, 1.2553417682647705, 1.3851962089538574, 0.7693076729774475], 'val_mae': [1.2679040431976318, 0.8625878095626831, 0.9128795266151428, 0.8990926742553711, 0.9493548274040222, 0.8917589783668518, 0.8926378488540649, 1.186127781867981, 0.8303056359291077, 0.6638720035552979, 0.6740790605545044, 0.7105804681777954, 0.7525830864906311, 1.0481359958648682, 0.9603974223136902, 1.0472824573516846, 1.0906140804290771, 0.6415126919746399, 0.7779062986373901, 0.6752143502235413, 0.6761353015899658, 0.9752466082572937, 0.928366482257843, 0.9874361753463745, 0.6445091962814331]}",500,1.8171861171722408,150.0,0.9437570571899414,0.6566342711448669,"{'train': 1529, 'val': 327, 'test': 329}",c:\Users\ydreizin\OneDrive - NVIDIA Corporation\Documents\Technion\RateAhead\notebooks\artifacts\pretrained_finetune\checkpoints\finetune_gradual_unfreeze_budget500_seed0.pt,low_budget,62730100.0
1e9b71f1f44f,gradual_unfreeze,1.0,500,1,179201,65,179201,0.7454410791397095,380,"{'global_step': [20, 40, 60, 80, 100, 120, 140, 160, 180, 200, 220, 240, 260, 280, 300, 320, 340, 360, 380, 400, 420, 440, 460, 480, 500], 'val_mse': [2.0505502223968506, 1.2569801807403564, 1.322229266166687, 1.311758279800415, 1.243455410003662, 1.2636017799377441, 1.2874292135238647, 1.3410817384719849, 0.8647841811180115, 0.8255932331085205, 0.8840382695198059, 1.0087283849716187, 0.7833194136619568, 1.036849856376648, 0.7725445628166199, 0.8644633889198303, 0.9110217690467834, 0.7750356793403625, 0.7454410791397095, 0.858769416809082, 0.8271081447601318, 1.2391479015350342, 1.0249994993209839, 0.8319115042686462, 0.7882037162780762], 'val_mae': [1.2264779806137085, 0.8628028631210327, 0.9246119856834412, 0.9181371927261353, 0.8713720440864563, 0.8884155750274658, 0.9032361507415771, 0.9566312432289124, 0.7174385786056519, 0.6853728890419006, 0.742392897605896, 0.8177125453948975, 0.668794572353363, 0.8207793831825256, 0.6747457981109619, 0.7331250905990601, 0.7171562910079956, 0.6811569333076477, 0.644184947013855, 0.7311390042304993, 0.704435408115387, 0.8654736876487732, 0.7927327156066895, 0.6934545636177063, 0.6512178778648376]}",500,1.9007582664489744,150.0,0.9486916661262512,0.6509909629821777,"{'train': 1529, 'val': 327, 'test': 329}",c:\Users\ydreizin\OneDrive - NVIDIA Corporation\Documents\Technion\RateAhead\notebooks\artifacts\pretrained_finetune\checkpoints\finetune_gradual_unfreeze_budget500_seed1.pt,low_budget,62730100.0
f8b394270771,gradual_unfreeze,1.0,500,2,179201,65,179201,0.7399815917015076,240,"{'global_step': [20, 40, 60, 80, 100, 120, 140, 160, 180, 200, 220, 240, 260, 280, 300, 320, 340, 360, 380, 400, 420, 440, 460, 480, 500], 'val_mse': [1.9244989156723022, 1.2458821535110474, 1.2735384702682495, 1.2496461868286133, 1.3025283813476562, 1.2422900199890137, 1.2429847717285156, 4.25589656829834, 0.8967560529708862, 1.0232349634170532, 0.7841866612434387, 0.7399815917015076, 0.8586320281028748, 0.9040801525115967, 0.9027162790298462, 0.9378312230110168, 1.0623588562011719, 0.8441705107688904, 0.8514108657836914, 1.1218599081039429, 1.0084961652755737, 0.762859582901001, 0.7775662541389465, 0.8257623314857483, 1.1851352453231812], 'val_mae': [1.1818541288375854, 0.8745206594467163, 0.8948422074317932, 0.8781969547271729, 0.9122332334518433, 0.8670273423194885, 0.8704745173454285, 1.7900967597961426, 0.7524751424789429, 0.8305319547653198, 0.6826802492141724, 0.6473106741905212, 0.7361425757408142, 0.7654417157173157, 0.7058766484260559, 0.7851088643074036, 0.8417260646820068, 0.7244672179222107, 0.7024569511413574, 0.8327775597572327, 0.8188318610191345, 0.651875913143158, 0.6470537781715393, 0.6948451399803162, 0.8334154486656189]}",500,2.1127285957336426,150.0,0.9318794012069702,0.6442078948020935,"{'train': 1529, 'val': 327, 'test': 329}",c:\Users\ydreizin\OneDrive - NVIDIA Corporation\Documents\Technion\RateAhead\notebooks\artifacts\pretrained_finetune\checkpoints\finetune_gradual_unfreeze_budget500_seed2.pt,low_budget,62730100.0
7440ce2438d0,gradual_unfreeze,1.0,1000,0,179201,65,179201,0.7250810861587524,720,"{'global_step': [20, 40, 60, 80, 100, 120, 140, 160, 180, 200, 220, 240, 260, 280, 300, 320, 340, 360, 380, 400, 420, 440, 460, 480, 500, 520, 540, 560, 580, 600, 620, 640, 660, 680, 700, 720, 740, 760, 780, 800, 820, 840, 860, 880, 900, 920, 940, 960, 980, 1000], 'val_mse': [2.1721179485321045, 1.2655833959579468, 1.3035119771957397, 1.280375361442566, 1.3648236989974976, 1.2686212062835693, 1.2699944972991943, 1.256722092628479, 1.2674710750579834, 1.243940830230713, 1.2943564653396606, 1.3118631839752197, 1.2513408660888672, 1.2446736097335815, 1.2595698833465576, 0.8156091570854187, 0.9490250945091248, 0.8337723612785339, 0.8613157868385315, 0.7397298812866211, 0.7715485095977783, 1.3516998291015625, 1.3034977912902832, 1.60516357421875, 1.0255194902420044, 1.1802935600280762, 2.1737592220306396, 0.7367090582847595, 0.7353413105010986, 0.7494694590568542, 0.8916411399841309, 1.0654504299163818, 1.2675503492355347, 1.0283585786819458, 0.8244417905807495, 0.7250810861587524, 1.2555118799209595, 0.7539806365966797, 0.7520207166671753, 1.4809232950210571, 0.8835673332214355, 0.8346861600875854, 0.8132903575897217, 1.0326030254364014, 0.8408105373382568, 0.8988715410232544, 1.1847493648529053, 0.840755820274353, 0.7361406087875366, 0.7391104698181152], 'val_mae': [1.2679040431976318, 0.8625878095626831, 0.9128795266151428, 0.8990926742553711, 0.9493548274040222, 0.8917589783668518, 0.8926378488540649, 0.8836380839347839, 0.891038179397583, 0.872190535068512, 0.9073832631111145, 0.9183613657951355, 0.8797001838684082, 0.8641352653503418, 0.8855174779891968, 0.6868491768836975, 0.740810215473175, 0.7083584070205688, 0.7052340507507324, 0.6379998922348022, 0.6656768321990967, 0.9341593980789185, 0.947614312171936, 1.0862064361572266, 0.7777796983718872, 0.9123179316520691, 1.2982923984527588, 0.6426461935043335, 0.6327206492424011, 0.6467905640602112, 0.7408846616744995, 0.8414726853370667, 0.8697066307067871, 0.7652689814567566, 0.6794398427009583, 0.6317170262336731, 0.9357189536094666, 0.6405351161956787, 0.6308558583259583, 1.0174336433410645, 0.6760395765304565, 0.6920266151428223, 0.6857616901397705, 0.8145867586135864, 0.7062599062919617, 0.6927957534790039, 0.8375335335731506, 0.716808021068573, 0.6310269236564636, 0.6378189325332642]}",1000,4.037566184997559,300.0,0.957387149333954,0.657903790473938,"{'train': 1529, 'val': 327, 'test': 329}",c:\Users\ydreizin\OneDrive - NVIDIA Corporation\Documents\Technion\RateAhead\notebooks\artifacts\pretrained_finetune\checkpoints\finetune_gradual_unfreeze_budget1000_seed0.pt,low_budget,125460200.0
c8e003fa4f32,gradual_unfreeze,1.0,1000,1,179201,65,179201,0.7276893854141235,680,"{'global_step': [20, 40, 60, 80, 100, 120, 140, 160, 180, 200, 220, 240, 260, 280, 300, 320, 340, 360, 380, 400, 420, 440, 460, 480, 500, 520, 540, 560, 580, 600, 620, 640, 660, 680, 700, 720, 740, 760, 780, 800, 820, 840, 860, 880, 900, 920, 940, 960, 980, 1000], 'val_mse': [2.0505502223968506, 1.2569801807403564, 1.322229266166687, 1.311758279800415, 1.243455410003662, 1.2636017799377441, 1.2874292135238647, 1.2993991374969482, 1.242224097251892, 1.258487582206726, 1.2482813596725464, 1.281775951385498, 1.2916386127471924, 1.261114478111267, 1.2572373151779175, 1.3817802667617798, 1.0056058168411255, 0.8501489758491516, 0.7727735638618469, 0.9643155336380005, 0.8668478727340698, 1.2010278701782227, 1.06763756275177, 0.8493003845214844, 0.818419873714447, 0.7673031091690063, 1.8026882410049438, 0.8063733577728271, 0.8302100896835327, 0.8649601936340332, 0.734588086605072, 1.11261785030365, 1.0320221185684204, 0.7276893854141235, 0.8334445953369141, 0.7398446798324585, 0.8918617367744446, 0.7519818544387817, 0.7878724932670593, 1.00568687915802, 0.9426876902580261, 0.8225923776626587, 0.8216807246208191, 0.7898023128509521, 0.7772458791732788, 0.8010292053222656, 0.8665875792503357, 0.8236790299415588, 0.7293320298194885, 0.7378218770027161], 'val_mae': [1.2264779806137085, 0.8628028631210327, 0.9246119856834412, 0.9181371927261353, 0.8713720440864563, 0.8884155750274658, 0.9032361507415771, 0.9104188680648804, 0.8690387010574341, 0.8848674297332764, 0.877119243144989, 0.9000019431114197, 0.9057772755622864, 0.8866941928863525, 0.8839156031608582, 0.9918819665908813, 0.7472726702690125, 0.7285616993904114, 0.6558321714401245, 0.7852067351341248, 0.7274419665336609, 0.8453247547149658, 0.8099262714385986, 0.698613703250885, 0.6580640077590942, 0.6623016595840454, 1.1760815382003784, 0.6563500165939331, 0.6960946321487427, 0.7275243997573853, 0.6286802887916565, 0.8780028820037842, 0.7416278123855591, 0.6338338851928711, 0.7104364037513733, 0.6376539468765259, 0.6996826529502869, 0.637688934803009, 0.6745579838752747, 0.8122334480285645, 0.7799445986747742, 0.6631661653518677, 0.6924101710319519, 0.6829389333724976, 0.6634865999221802, 0.682488739490509, 0.7099734544754028, 0.6720718741416931, 0.6390247941017151, 0.6331029534339905]}",1000,3.721331834793091,300.0,0.9288522005081176,0.6517214179039001,"{'train': 1529, 'val': 327, 'test': 329}",c:\Users\ydreizin\OneDrive - NVIDIA Corporation\Documents\Technion\RateAhead\notebooks\artifacts\pretrained_finetune\checkpoints\finetune_gradual_unfreeze_budget1000_seed1.pt,low_budget,125460200.0
c2836c690615,gradual_unfreeze,1.0,1000,2,179201,65,179201,0.6966097950935364,800,"{'global_step': [20, 40, 60, 80, 100, 120, 140, 160, 180, 200, 220, 240, 260, 280, 300, 320, 340, 360, 380, 400, 420, 440, 460, 480, 500, 520, 540, 560, 580, 600, 620, 640, 660, 680, 700, 720, 740, 760, 780, 800, 820, 840, 860, 880, 900, 920, 940, 960, 980, 1000], 'val_mse': [1.9244989156723022, 1.2458821535110474, 1.2735384702682495, 1.2496461868286133, 1.3025283813476562, 1.2422900199890137, 1.2429847717285156, 1.2807830572128296, 1.243728518486023, 1.2581698894500732, 1.2894476652145386, 1.3171865940093994, 1.309818983078003, 1.2703248262405396, 1.2560492753982544, 2.181185007095337, 0.9520075917243958, 0.7721932530403137, 0.8798058032989502, 1.2380616664886475, 1.0124157667160034, 0.7830111384391785, 0.7978702187538147, 0.9335978627204895, 1.3449337482452393, 2.3924994468688965, 0.941309928894043, 0.8949787616729736, 0.7733136415481567, 0.8462637066841125, 0.9817969799041748, 0.7804301381111145, 0.7542272806167603, 1.0724667310714722, 0.7763073444366455, 0.7057151794433594, 0.7462867498397827, 0.7694333791732788, 0.8646039366722107, 0.6966097950935364, 0.8920411467552185, 0.8587601780891418, 0.9612091779708862, 0.7155196070671082, 0.779554545879364, 0.6981738209724426, 0.7431996464729309, 0.8590134382247925, 0.9121567010879517, 1.0785393714904785], 'val_mae': [1.1818541288375854, 0.8745206594467163, 0.8948422074317932, 0.8781969547271729, 0.9122332334518433, 0.8670273423194885, 0.8704745173454285, 0.8993391394615173, 0.8718462586402893, 0.884634792804718, 0.9044616222381592, 0.9216621518135071, 0.9170899987220764, 0.8928893804550171, 0.8831021785736084, 1.2874388694763184, 0.7833790183067322, 0.6691996455192566, 0.723738431930542, 0.8810328841209412, 0.8170962333679199, 0.6665646433830261, 0.6523151397705078, 0.7586805820465088, 0.9099360704421997, 1.3815232515335083, 0.7744967341423035, 0.7366877198219299, 0.6501031517982483, 0.6982212662696838, 0.7970947623252869, 0.677370011806488, 0.6368828415870667, 0.8556143641471863, 0.6440180540084839, 0.6200615763664246, 0.643919825553894, 0.6584972739219666, 0.717093825340271, 0.6148671507835388, 0.736885666847229, 0.7252015471458435, 0.7626296281814575, 0.628800094127655, 0.6722718477249146, 0.6064648628234863, 0.640476405620575, 0.7272400259971619, 0.7570719718933105, 0.8520448207855225]}",1000,4.428891658782959,300.0,0.8557018637657166,0.6157143712043762,"{'train': 1529, 'val': 327, 'test': 329}",c:\Users\ydreizin\OneDrive - NVIDIA Corporation\Documents\Technion\RateAhead\notebooks\artifacts\pretrained_finetune\checkpoints\finetune_gradual_unfreeze_budget1000_seed2.pt,low_budget,125460200.0
ea92f97b591f,gradual_unfreeze,1.0,2000,0,179201,65,179201,0.7306399345397949,1560,"{'global_step': [20, 40, 60, 80, 100, 120, 140, 160, 180, 200, 220, 240, 260, 280, 300, 320, 340, 360, 380, 400, 420, 440, 460, 480, 500, 520, 540, 560, 580, 600, 620, 640, 660, 680, 700, 720, 740, 760, 780, 800, 820, 840, 860, 880, 900, 920, 940, 960, 980, 1000, 1020, 1040, 1060, 1080, 1100, 1120, 1140, 1160, 1180, 1200, 1220, 1240, 1260, 1280, 1300, 1320, 1340, 1360, 1380, 1400, 1420, 1440, 1460, 1480, 1500, 1520, 1540, 1560, 1580, 1600, 1620, 1640, 1660, 1680, 1700, 1720, 1740, 1760, 1780, 1800, 1820, 1840, 1860, 1880, 1900, 1920, 1940, 1960, 1980, 2000], 'val_mse': [2.1721179485321045, 1.2655833959579468, 1.3035119771957397, 1.280375361442566, 1.3648236989974976, 1.2686212062835693, 1.2699944972991943, 1.256722092628479, 1.2674710750579834, 1.243940830230713, 1.2943564653396606, 1.3118631839752197, 1.2513408660888672, 1.2446736097335815, 1.2595698833465576, 1.2479603290557861, 1.2686971426010132, 1.3129384517669678, 1.2920290231704712, 1.287811279296875, 1.288264274597168, 1.3486411571502686, 1.3665627241134644, 1.2412562370300293, 1.2481597661972046, 1.2462272644042969, 1.265347957611084, 1.2710262537002563, 1.2864857912063599, 1.240960955619812, 1.3217417001724243, 0.8914019465446472, 0.863053560256958, 1.3657701015472412, 0.8259950280189514, 0.7530283331871033, 1.8556679487228394, 0.7681295871734619, 0.7858479022979736, 1.0659935474395752, 0.8559691905975342, 0.8692836165428162, 0.8369705080986023, 1.0534324645996094, 0.8482563495635986, 0.9373574256896973, 1.1982940435409546, 0.860858678817749, 0.744042694568634, 0.7457185983657837, 0.7829065322875977, 1.1249184608459473, 1.0442794561386108, 0.7484314441680908, 0.778102695941925, 0.8217832446098328, 0.863694429397583, 1.039432406425476, 0.7561479806900024, 1.104885220527649, 0.9317237734794617, 0.912621259689331, 0.873647153377533, 1.0037697553634644, 0.953981339931488, 0.7862553596496582, 0.9447451829910278, 0.7684388160705566, 0.8686713576316833, 0.8092963099479675, 0.8292897939682007, 0.9407098293304443, 1.1602051258087158, 0.8002335429191589, 1.4061427116394043, 0.8272407650947571, 1.1241257190704346, 0.7306399345397949, 1.276271104812622, 0.7668290138244629, 1.3246814012527466, 0.7486136555671692, 0.768509030342102, 0.9965269565582275, 1.455426573753357, 1.1499481201171875, 1.0941132307052612, 0.8195841908454895, 0.8195779323577881, 0.812157392501831, 0.8343806266784668, 0.8538918495178223, 1.8852109909057617, 1.2514771223068237, 1.2166593074798584, 1.0835247039794922, 0.8319751620292664, 0.8263351917266846, 0.8405228853225708, 0.7999123930931091], 'val_mae': [1.2679040431976318, 0.8625878095626831, 0.9128795266151428, 0.8990926742553711, 0.9493548274040222, 0.8917589783668518, 0.8926378488540649, 0.8836380839347839, 0.891038179397583, 0.872190535068512, 0.9073832631111145, 0.9183613657951355, 0.8797001838684082, 0.8641352653503418, 0.8855174779891968, 0.8630768656730652, 0.891806423664093, 0.9191038012504578, 0.9060190916061401, 0.9035614728927612, 0.9038495421409607, 0.9403707981109619, 0.9506866931915283, 0.8663575649261475, 0.862337052822113, 0.874965488910675, 0.8896786570549011, 0.8611653447151184, 0.9028832912445068, 0.8667504787445068, 0.9611209034919739, 0.7407140731811523, 0.6913650631904602, 0.9218499660491943, 0.6851049661636353, 0.6467825770378113, 1.1787128448486328, 0.6462334394454956, 0.6653271317481995, 0.8316195607185364, 0.6718721985816956, 0.7109124064445496, 0.6871698498725891, 0.826541543006897, 0.7109879851341248, 0.6996803879737854, 0.8475357890129089, 0.7298166751861572, 0.6298022866249084, 0.641037106513977, 0.6658453345298767, 0.8644521832466125, 0.7489210963249207, 0.6346083879470825, 0.6583037972450256, 0.6776811480522156, 0.7180455923080444, 0.8193867802619934, 0.639495849609375, 0.8582190871238708, 0.7621882557868958, 0.7115245461463928, 0.6816026568412781, 0.7947453260421753, 0.7039259672164917, 0.6488103270530701, 0.7810640931129456, 0.655707061290741, 0.72367924451828, 0.6752297282218933, 0.6835072636604309, 0.7403244376182556, 0.8803344964981079, 0.6670150756835938, 1.004935383796692, 0.6988344788551331, 0.7802289128303528, 0.6378506422042847, 0.9473037123680115, 0.6517156958580017, 0.8926892876625061, 0.6459059119224548, 0.6680758595466614, 0.7721701264381409, 1.0221987962722778, 0.840299665927887, 0.8587245345115662, 0.6584005355834961, 0.6681896448135376, 0.66428142786026, 0.7115078568458557, 0.7083571553230286, 1.2064517736434937, 0.872393786907196, 0.9096519947052002, 0.7785912752151489, 0.7109841108322144, 0.7011507153511047, 0.6998528242111206, 0.6737545132637024]}",2000,7.985655069351196,600.0,0.9402948021888732,0.6460192203521729,"{'train': 1529, 'val': 327, 'test': 329}",c:\Users\ydreizin\OneDrive - NVIDIA Corporation\Documents\Technion\RateAhead\notebooks\artifacts\pretrained_finetune\checkpoints\finetune_gradual_unfreeze_budget2000_seed0.pt,low_budget,250920400.0
15a44409da48,gradual_unfreeze,1.0,2000,1,179201,65,179201,0.7190653681755066,1340,"{'global_step': [20, 40, 60, 80, 100, 120, 140, 160, 180, 200, 220, 240, 260, 280, 300, 320, 340, 360, 380, 400, 420, 440, 460, 480, 500, 520, 540, 560, 580, 600, 620, 640, 660, 680, 700, 720, 740, 760, 780, 800, 820, 840, 860, 880, 900, 920, 940, 960, 980, 1000, 1020, 1040, 1060, 1080, 1100, 1120, 1140, 1160, 1180, 1200, 1220, 1240, 1260, 1280, 1300, 1320, 1340, 1360, 1380, 1400, 1420, 1440, 1460, 1480, 1500, 1520, 1540, 1560, 1580, 1600, 1620, 1640, 1660, 1680, 1700, 1720, 1740, 1760, 1780, 1800, 1820, 1840, 1860, 1880, 1900, 1920, 1940, 1960, 1980, 2000], 'val_mse': [2.0505502223968506, 1.2569801807403564, 1.322229266166687, 1.311758279800415, 1.243455410003662, 1.2636017799377441, 1.2874292135238647, 1.2993991374969482, 1.242224097251892, 1.258487582206726, 1.2482813596725464, 1.281775951385498, 1.2916386127471924, 1.261114478111267, 1.2572373151779175, 1.2458446025848389, 1.358085036277771, 1.277346134185791, 1.2629212141036987, 1.264968752861023, 1.2516332864761353, 1.2812906503677368, 1.2575584650039673, 1.300655484199524, 1.245884895324707, 1.2442911863327026, 1.2505756616592407, 1.2505253553390503, 1.296687126159668, 1.3599727153778076, 0.8898744583129883, 0.8856557011604309, 1.0998940467834473, 0.7495303153991699, 1.1161882877349854, 0.7382454872131348, 0.8653619289398193, 0.7591000199317932, 0.9041367173194885, 0.9961209893226624, 0.8719964027404785, 0.8399063944816589, 0.804172694683075, 0.7804452776908875, 0.7999155521392822, 0.8704144954681396, 0.8867673873901367, 0.812313973903656, 0.7484164237976074, 0.7396870255470276, 0.8299263715744019, 0.7645090818405151, 1.096691608428955, 0.9657914638519287, 0.7294512987136841, 0.8316432237625122, 0.785991907119751, 0.7501928806304932, 1.2083408832550049, 1.0492318868637085, 0.7334701418876648, 0.9828523993492126, 0.7598283886909485, 0.7893194556236267, 0.8038399815559387, 0.954790472984314, 0.7190653681755066, 1.206575870513916, 0.8586754202842712, 0.8949461579322815, 0.7419507503509521, 0.9333471655845642, 0.7289603352546692, 0.8291259407997131, 0.7735353708267212, 0.8839103579521179, 1.0151923894882202, 0.8341478109359741, 0.793705940246582, 0.8147597908973694, 1.0008798837661743, 0.926083505153656, 0.7905381917953491, 0.7675857543945312, 0.8130831122398376, 0.9502103328704834, 0.9512676000595093, 1.1727060079574585, 0.7616743445396423, 0.8897111415863037, 0.7261443734169006, 0.9059984087944031, 0.7366454601287842, 0.7369570136070251, 0.7974809408187866, 1.4820713996887207, 1.0168384313583374, 0.7831395864486694, 0.7626166939735413, 0.845677375793457], 'val_mae': [1.2264779806137085, 0.8628028631210327, 0.9246119856834412, 0.9181371927261353, 0.8713720440864563, 0.8884155750274658, 0.9032361507415771, 0.9104188680648804, 0.8690387010574341, 0.8848674297332764, 0.877119243144989, 0.9000019431114197, 0.9057772755622864, 0.8866941928863525, 0.8839156031608582, 0.8745030164718628, 0.9456364512443542, 0.8973515629768372, 0.8879715800285339, 0.8893820643424988, 0.8798160552978516, 0.8997308015823364, 0.8840646743774414, 0.9114978313446045, 0.8627673983573914, 0.87270587682724, 0.8788754343986511, 0.87880939245224, 0.8658292293548584, 0.946977436542511, 0.7215555906295776, 0.6981247663497925, 0.8684635162353516, 0.6507172584533691, 0.8805645704269409, 0.6370136737823486, 0.6940617561340332, 0.6446636319160461, 0.7487636208534241, 0.8018017411231995, 0.7284060716629028, 0.6695609092712402, 0.6838735342025757, 0.6691071391105652, 0.6695631742477417, 0.7336410284042358, 0.7191174030303955, 0.6695598363876343, 0.6463097333908081, 0.6345015168190002, 0.7032299637794495, 0.6406325697898865, 0.8483752608299255, 0.7792151570320129, 0.6206305623054504, 0.709543764591217, 0.6791548728942871, 0.6352574229240417, 0.9156360626220703, 0.8244755864143372, 0.6413178443908691, 0.7960584759712219, 0.6456063389778137, 0.6619244813919067, 0.6759548187255859, 0.7238731980323792, 0.6303507685661316, 0.9150001406669617, 0.6795586347579956, 0.7361733317375183, 0.6377220749855042, 0.7620688080787659, 0.6328208446502686, 0.6798127889633179, 0.6651700139045715, 0.6854397058486938, 0.7995354533195496, 0.6856260895729065, 0.6496033072471619, 0.6582870483398438, 0.7980899214744568, 0.76213538646698, 0.6623119115829468, 0.6435704827308655, 0.6529954671859741, 0.7718409895896912, 0.7188992500305176, 0.8578295111656189, 0.6383084654808044, 0.719375491142273, 0.6214083433151245, 0.7449737191200256, 0.6290483474731445, 0.6266959309577942, 0.6671297550201416, 1.0377625226974487, 0.7649442553520203, 0.6549261808395386, 0.6407310962677002, 0.6867936849594116]}",2000,7.771687984466553,600.0,0.9432341456413268,0.6516152024269104,"{'train': 1529, 'val': 327, 'test': 329}",c:\Users\ydreizin\OneDrive - NVIDIA Corporation\Documents\Technion\RateAhead\notebooks\artifacts\pretrained_finetune\checkpoints\finetune_gradual_unfreeze_budget2000_seed1.pt,low_budget,250920400.0
db272da24803,gradual_unfreeze,1.0,2000,2,179201,65,179201,0.6858375668525696,1360,"{'global_step': [20, 40, 60, 80, 100, 120, 140, 160, 180, 200, 220, 240, 260, 280, 300, 320, 340, 360, 380, 400, 420, 440, 460, 480, 500, 520, 540, 560, 580, 600, 620, 640, 660, 680, 700, 720, 740, 760, 780, 800, 820, 840, 860, 880, 900, 920, 940, 960, 980, 1000, 1020, 1040, 1060, 1080, 1100, 1120, 1140, 1160, 1180, 1200, 1220, 1240, 1260, 1280, 1300, 1320, 1340, 1360, 1380, 1400, 1420, 1440, 1460, 1480, 1500, 1520, 1540, 1560, 1580, 1600, 1620, 1640, 1660, 1680, 1700, 1720, 1740, 1760, 1780, 1800, 1820, 1840, 1860, 1880, 1900, 1920, 1940, 1960, 1980, 2000], 'val_mse': [1.9244989156723022, 1.2458821535110474, 1.2735384702682495, 1.2496461868286133, 1.3025283813476562, 1.2422900199890137, 1.2429847717285156, 1.2807830572128296, 1.243728518486023, 1.2581698894500732, 1.2894476652145386, 1.3171865940093994, 1.309818983078003, 1.2703248262405396, 1.2560492753982544, 1.3359525203704834, 1.2756283283233643, 1.345802903175354, 1.2424687147140503, 1.2630655765533447, 1.3638883829116821, 1.456079125404358, 1.3163524866104126, 1.2432711124420166, 1.245395541191101, 1.327486515045166, 1.2565211057662964, 1.241723656654358, 1.2412142753601074, 1.2483588457107544, 2.4993205070495605, 1.2078683376312256, 1.0117175579071045, 0.9558039903640747, 0.7846938967704773, 0.7260525226593018, 0.8022870421409607, 0.7742778658866882, 1.0112892389297485, 0.7255329489707947, 0.8902373909950256, 0.8640496730804443, 1.068089246749878, 0.7106402516365051, 0.754185140132904, 0.694656491279602, 0.763125479221344, 0.824618935585022, 0.8924247622489929, 1.2704030275344849, 0.7951879501342773, 1.0536713600158691, 0.968582272529602, 0.8367929458618164, 0.9474551677703857, 0.797493577003479, 1.3505533933639526, 1.1574193239212036, 0.9670103192329407, 0.8198679685592651, 1.2202210426330566, 0.689866840839386, 0.722695529460907, 0.8402053713798523, 0.7505422830581665, 0.7426512241363525, 0.7048203945159912, 0.6858375668525696, 1.2960855960845947, 0.769870400428772, 0.7297433018684387, 0.9970856308937073, 0.7383924722671509, 0.7256162166595459, 0.781869649887085, 0.8597232103347778, 0.7763623595237732, 1.0309303998947144, 0.8732380270957947, 1.1785842180252075, 0.9833871722221375, 0.8916078209877014, 1.274202823638916, 0.7245486378669739, 0.7237507104873657, 0.9021762013435364, 0.7649853229522705, 0.8418379426002502, 0.8976143598556519, 0.7403649091720581, 1.7165699005126953, 0.9018198251724243, 0.7396970987319946, 1.0915762186050415, 1.1603693962097168, 0.8239901065826416, 0.829731822013855, 0.8347390294075012, 1.1236838102340698, 0.9848881959915161], 'val_mae': [1.1818541288375854, 0.8745206594467163, 0.8948422074317932, 0.8781969547271729, 0.9122332334518433, 0.8670273423194885, 0.8704745173454285, 0.8993391394615173, 0.8718462586402893, 0.884634792804718, 0.9044616222381592, 0.9216621518135071, 0.9170899987220764, 0.8928893804550171, 0.8831021785736084, 0.9328972697257996, 0.8962648510932922, 0.938683271408081, 0.8649799823760986, 0.8881410360336304, 0.9491496682167053, 0.996066689491272, 0.9214464426040649, 0.8718769550323486, 0.8626980781555176, 0.9282392859458923, 0.8834096193313599, 0.8696460127830505, 0.8648526668548584, 0.8771904706954956, 1.414488434791565, 0.9195528626441956, 0.7964561581611633, 0.7191081047058105, 0.6815862059593201, 0.6370314955711365, 0.6918405294418335, 0.6674675345420837, 0.8203446269035339, 0.6362260580062866, 0.737003743648529, 0.7274482846260071, 0.8192179799079895, 0.6265577673912048, 0.6591202616691589, 0.6078063249588013, 0.6600120067596436, 0.7102240920066833, 0.7438433766365051, 0.9480745792388916, 0.6579030156135559, 0.8322155475616455, 0.7707459330558777, 0.654755175113678, 0.7848057150840759, 0.6408324837684631, 0.961705207824707, 0.8975810408592224, 0.7636821269989014, 0.7034128308296204, 0.924540638923645, 0.6183590292930603, 0.6259133815765381, 0.7062504291534424, 0.633381187915802, 0.6361662745475769, 0.6115298271179199, 0.6144614219665527, 0.9511069059371948, 0.6604732871055603, 0.6389406323432922, 0.7588508129119873, 0.6482343077659607, 0.643995463848114, 0.6781055331230164, 0.7379557490348816, 0.6708511710166931, 0.7566967606544495, 0.7252949476242065, 0.8370587825775146, 0.8094693422317505, 0.6869166493415833, 0.9383947253227234, 0.650797963142395, 0.6325660943984985, 0.7242504954338074, 0.6587357521057129, 0.6658225059509277, 0.7230255603790283, 0.6434721946716309, 1.076815128326416, 0.7539242506027222, 0.6359683275222778, 0.8627125024795532, 0.8519638180732727, 0.7059772610664368, 0.6867141723632812, 0.7087304592132568, 0.8458022475242615, 0.8147233128547668]}",2000,8.31625485420227,600.0,0.9041761159896852,0.6354175806045532,"{'train': 1529, 'val': 327, 'test': 329}",c:\Users\ydreizin\OneDrive - NVIDIA Corporation\Documents\Technion\RateAhead\notebooks\artifacts\pretrained_finetune\checkpoints\finetune_gradual_unfreeze_budget2000_seed2.pt,low_budget,250920400.0
c31c9dac4217,gradual_unfreeze,1.0,5000,0,179201,65,179201,0.6958156228065491,2760,"{'global_step': [20, 40, 60, 80, 100, 120, 140, 160, 180, 200, 220, 240, 260, 280, 300, 320, 340, 360, 380, 400, 420, 440, 460, 480, 500, 520, 540, 560, 580, 600, 620, 640, 660, 680, 700, 720, 740, 760, 780, 800, 820, 840, 860, 880, 900, 920, 940, 960, 980, 1000, 1020, 1040, 1060, 1080, 1100, 1120, 1140, 1160, 1180, 1200, 1220, 1240, 1260, 1280, 1300, 1320, 1340, 1360, 1380, 1400, 1420, 1440, 1460, 1480, 1500, 1520, 1540, 1560, 1580, 1600, 1620, 1640, 1660, 1680, 1700, 1720, 1740, 1760, 1780, 1800, 1820, 1840, 1860, 1880, 1900, 1920, 1940, 1960, 1980, 2000, 2020, 2040, 2060, 2080, 2100, 2120, 2140, 2160, 2180, 2200, 2220, 2240, 2260, 2280, 2300, 2320, 2340, 2360, 2380, 2400, 2420, 2440, 2460, 2480, 2500, 2520, 2540, 2560, 2580, 2600, 2620, 2640, 2660, 2680, 2700, 2720, 2740, 2760, 2780, 2800, 2820, 2840, 2860, 2880, 2900, 2920, 2940, 2960, 2980, 3000, 3020, 3040, 3060, 3080, 3100, 3120, 3140, 3160, 3180, 3200, 3220, 3240, 3260, 3280, 3300, 3320, 3340, 3360, 3380, 3400, 3420, 3440, 3460, 3480, 3500, 3520, 3540, 3560, 3580, 3600, 3620, 3640, 3660, 3680, 3700, 3720, 3740, 3760, 3780, 3800, 3820, 3840, 3860, 3880, 3900, 3920, 3940, 3960, 3980, 4000, 4020, 4040, 4060, 4080, 4100, 4120, 4140, 4160, 4180, 4200, 4220, 4240, 4260, 4280, 4300, 4320, 4340, 4360, 4380, 4400, 4420, 4440, 4460, 4480, 4500, 4520, 4540, 4560, 4580, 4600, 4620, 4640, 4660, 4680, 4700, 4720, 4740, 4760, 4780, 4800, 4820, 4840, 4860, 4880, 4900, 4920, 4940, 4960, 4980, 5000], 'val_mse': [2.1721179485321045, 1.2655833959579468, 1.3035119771957397, 1.280375361442566, 1.3648236989974976, 1.2686212062835693, 1.2699944972991943, 1.256722092628479, 1.2674710750579834, 1.243940830230713, 1.2943564653396606, 1.3118631839752197, 1.2513408660888672, 1.2446736097335815, 1.2595698833465576, 1.2479603290557861, 1.2686971426010132, 1.3129384517669678, 1.2920290231704712, 1.287811279296875, 1.288264274597168, 1.3486411571502686, 1.3665627241134644, 1.2412562370300293, 1.2481597661972046, 1.2462272644042969, 1.265347957611084, 1.2710262537002563, 1.2864857912063599, 1.240960955619812, 1.2686504125595093, 1.2465183734893799, 1.2435359954833984, 1.272932767868042, 1.2758855819702148, 1.3237985372543335, 1.4222211837768555, 1.3362538814544678, 1.2409135103225708, 1.3736701011657715, 1.2545360326766968, 1.2472528219223022, 1.2411059141159058, 1.2409319877624512, 1.2609530687332153, 1.2929604053497314, 1.2865718603134155, 1.2456154823303223, 1.2632466554641724, 1.289437174797058, 1.2988859415054321, 1.2581490278244019, 1.2562155723571777, 1.2953795194625854, 1.2993528842926025, 1.3601988554000854, 1.258264422416687, 1.2692151069641113, 1.2548413276672363, 1.2503691911697388, 1.2845689058303833, 1.242445707321167, 1.2631292343139648, 1.2576377391815186, 1.243618130683899, 1.2624465227127075, 1.2918806076049805, 1.2814797163009644, 1.2404091358184814, 1.2408878803253174, 1.2392094135284424, 1.2576066255569458, 1.29762864112854, 1.2487497329711914, 1.3506932258605957, 1.6651456356048584, 1.1197385787963867, 1.02476966381073, 1.0644738674163818, 0.949730634689331, 0.9894979596138, 0.758556604385376, 0.8095654845237732, 1.1680353879928589, 1.9595704078674316, 1.2254866361618042, 1.067051649093628, 0.7979689836502075, 0.7585827112197876, 0.8283206820487976, 0.9206843376159668, 0.7363246083259583, 1.4110347032546997, 1.0557337999343872, 1.6651020050048828, 1.0810892581939697, 0.7755603194236755, 1.0072612762451172, 0.7759817242622375, 0.8041002154350281, 0.8731833100318909, 0.7150620818138123, 0.7346681952476501, 1.0619697570800781, 0.819925844669342, 0.7458972334861755, 0.7895497679710388, 0.810822069644928, 0.8892459273338318, 0.7885904312133789, 0.7203615307807922, 0.8765043020248413, 0.7696276903152466, 0.738574206829071, 0.7218436002731323, 1.1216533184051514, 0.8895684480667114, 0.7678759694099426, 0.7819202542304993, 1.0813978910446167, 0.7968604564666748, 0.8400835990905762, 0.782182514667511, 0.7796801924705505, 0.8266966342926025, 0.7932865023612976, 0.779050886631012, 0.8489390015602112, 0.8460134267807007, 1.0809231996536255, 0.7687315344810486, 0.9421408176422119, 1.055376648902893, 0.7126811742782593, 0.8450749516487122, 0.7330580949783325, 0.744259774684906, 0.6958156228065491, 0.707464873790741, 0.724513828754425, 1.1175472736358643, 0.8533366322517395, 0.7142224311828613, 0.78851318359375, 1.1367145776748657, 0.8498439192771912, 1.0134400129318237, 1.1671814918518066, 1.7354488372802734, 0.7899714708328247, 1.2294447422027588, 1.0769821405410767, 2.724745750427246, 0.8060945868492126, 0.8278257846832275, 0.9714081287384033, 0.746860682964325, 0.9105719327926636, 0.7786237597465515, 0.8044888973236084, 0.8935756683349609, 1.6619153022766113, 0.8615481853485107, 1.0531306266784668, 0.8130913972854614, 0.9395197629928589, 0.8027849793434143, 0.7838703989982605, 1.1275650262832642, 1.611379623413086, 0.75478595495224, 0.7472242712974548, 0.7451297640800476, 0.7452268004417419, 0.7552127838134766, 0.7635006904602051, 0.7934895157814026, 0.8937176465988159, 0.9596991539001465, 0.8632451295852661, 1.8362188339233398, 1.615294098854065, 0.7988937497138977, 0.8287139534950256, 0.8818086981773376, 0.8747080564498901, 0.9512142539024353, 1.610783338546753, 0.7791013717651367, 1.0439739227294922, 0.7808219790458679, 0.8640276789665222, 0.7914270162582397, 0.9731765389442444, 0.7594422101974487, 0.8230272531509399, 0.8603690266609192, 0.7733666896820068, 0.7914286851882935, 0.8554220199584961, 0.7768964171409607, 1.036230444908142, 0.8261358737945557, 0.9708281755447388, 0.810563862323761, 1.0850584506988525, 1.5138559341430664, 0.82137531042099, 0.7543514370918274, 1.715530276298523, 0.755728542804718, 2.1476948261260986, 1.0214641094207764, 0.8025034070014954, 1.0463976860046387, 0.7764044404029846, 0.8102563619613647, 0.8628386855125427, 0.8418508172035217, 0.7785685658454895, 0.9565350413322449, 0.7823399901390076, 1.241513729095459, 0.7507656812667847, 0.8639304041862488, 0.816643476486206, 1.1832374334335327, 0.781600832939148, 0.8189311623573303, 1.075171947479248, 1.1090288162231445, 0.8789116740226746, 1.4424315690994263, 0.7802455425262451, 0.8213070034980774, 0.811445415019989, 0.7603197693824768, 0.7521799206733704, 0.7891844511032104, 1.2397106885910034, 0.8758565187454224, 0.8054327964782715, 1.534282922744751, 0.9419152736663818, 1.237562656402588, 0.7528889775276184, 0.8435384035110474, 0.8069764375686646, 0.7216057181358337, 1.3278762102127075], 'val_mae': [1.2679040431976318, 0.8625878095626831, 0.9128795266151428, 0.8990926742553711, 0.9493548274040222, 0.8917589783668518, 0.8926378488540649, 0.8836380839347839, 0.891038179397583, 0.872190535068512, 0.9073832631111145, 0.9183613657951355, 0.8797001838684082, 0.8641352653503418, 0.8855174779891968, 0.8630768656730652, 0.891806423664093, 0.9191038012504578, 0.9060190916061401, 0.9035614728927612, 0.9038495421409607, 0.9403707981109619, 0.9506866931915283, 0.8663575649261475, 0.862337052822113, 0.874965488910675, 0.8896786570549011, 0.8611653447151184, 0.9028832912445068, 0.8667504787445068, 0.8919399380683899, 0.8619648218154907, 0.8627979159355164, 0.8947458863258362, 0.8965482115745544, 0.9260910153388977, 0.9798344969749451, 0.9334683418273926, 0.8651118278503418, 0.9548646211624146, 0.8815761208534241, 0.8612070083618164, 0.8640588521957397, 0.8675355315208435, 0.8593908548355103, 0.8637187480926514, 0.9031187295913696, 0.8740041255950928, 0.8881007432937622, 0.904994010925293, 0.9107983112335205, 0.8842897415161133, 0.8589249849319458, 0.9087285399436951, 0.9111782908439636, 0.947528600692749, 0.8843787908554077, 0.8923314809799194, 0.8816993832588196, 0.859143853187561, 0.861134946346283, 0.8705365061759949, 0.8880383968353271, 0.8838418126106262, 0.8719896078109741, 0.8875929117202759, 0.906747043132782, 0.9001879096031189, 0.8615232706069946, 0.8686239719390869, 0.8640456795692444, 0.8838903307914734, 0.9104622006416321, 0.8765479326248169, 0.9423788189888, 1.1134870052337646, 0.8821503520011902, 0.8085556030273438, 0.8358855247497559, 0.7737178802490234, 0.7340707778930664, 0.6550471782684326, 0.6954644918441772, 0.8588951826095581, 1.2296627759933472, 0.8831325173377991, 0.8476438522338867, 0.6571937799453735, 0.6370915770530701, 0.6792724132537842, 0.7590993046760559, 0.6318454146385193, 1.0178853273391724, 0.7978470921516418, 1.1100836992263794, 0.7962998151779175, 0.652849555015564, 0.7963041067123413, 0.6624671220779419, 0.6660591959953308, 0.7250380516052246, 0.6169141530990601, 0.6253868341445923, 0.8403233289718628, 0.6533380150794983, 0.6496164202690125, 0.6769798398017883, 0.6585221886634827, 0.747103750705719, 0.6789454221725464, 0.6232947111129761, 0.7383557558059692, 0.6505727767944336, 0.6206403970718384, 0.6262196898460388, 0.8628920912742615, 0.7343337535858154, 0.6564257740974426, 0.6606955528259277, 0.8501953482627869, 0.6439746618270874, 0.7041046619415283, 0.6645395159721375, 0.6459288597106934, 0.6787653565406799, 0.6468366980552673, 0.6584357619285583, 0.7137314677238464, 0.6828885674476624, 0.84125155210495, 0.6432619690895081, 0.7765394449234009, 0.83770751953125, 0.6271665692329407, 0.6629939675331116, 0.6324687004089355, 0.6404873132705688, 0.6140722632408142, 0.6184297800064087, 0.6239705085754395, 0.8142317533493042, 0.7113063931465149, 0.6254121661186218, 0.6512676477432251, 0.8397443294525146, 0.6748989224433899, 0.7542852759361267, 0.8262447714805603, 1.1432768106460571, 0.6702501177787781, 0.9124276041984558, 0.7522180080413818, 1.4890497922897339, 0.6822925209999084, 0.6782079339027405, 0.7861770391464233, 0.642947793006897, 0.7405908703804016, 0.6425402760505676, 0.6710689663887024, 0.7314757704734802, 1.1131690740585327, 0.6955238580703735, 0.8287734985351562, 0.6604639291763306, 0.7786810398101807, 0.6706147193908691, 0.6717237830162048, 0.8708856105804443, 1.0873892307281494, 0.6455958485603333, 0.6454474329948425, 0.6402971744537354, 0.6356805562973022, 0.6344487071037292, 0.6476030945777893, 0.6750870943069458, 0.7369508147239685, 0.7588302493095398, 0.7074338793754578, 1.1285685300827026, 1.086940884590149, 0.6559832096099854, 0.6868327260017395, 0.680655300617218, 0.6978266835212708, 0.7791332006454468, 1.077513337135315, 0.6624959707260132, 0.8248224854469299, 0.6450392603874207, 0.7027817964553833, 0.6522959470748901, 0.7586606740951538, 0.6431068181991577, 0.6918516755104065, 0.6853816509246826, 0.6588552594184875, 0.6640819907188416, 0.675275981426239, 0.6708691120147705, 0.8237904906272888, 0.7055304050445557, 0.777842104434967, 0.6829600930213928, 0.7785825729370117, 1.0268774032592773, 0.6526331305503845, 0.633846640586853, 1.1368496417999268, 0.6378600597381592, 1.2295564413070679, 0.8065127730369568, 0.6738846898078918, 0.8353713154792786, 0.6586732268333435, 0.6535037159919739, 0.6807576417922974, 0.6912570595741272, 0.6576683521270752, 0.7606428861618042, 0.6476792097091675, 0.92707359790802, 0.6341462135314941, 0.6987833380699158, 0.66793292760849, 0.8833253979682922, 0.6589418649673462, 0.6925475597381592, 0.8394148349761963, 0.8312578797340393, 0.6881607174873352, 1.0247811079025269, 0.656461775302887, 0.6780483722686768, 0.6735212802886963, 0.651706874370575, 0.6396307945251465, 0.657957136631012, 0.925408124923706, 0.7241842746734619, 0.6671682596206665, 1.0611318349838257, 0.7579882740974426, 0.9368515014648438, 0.6456028819084167, 0.6947574615478516, 0.6826454401016235, 0.6276041865348816, 0.964621365070343]}",5000,19.63333535194397,1500.0,0.8858011960983276,0.6307612657546997,"{'train': 1529, 'val': 327, 'test': 329}",c:\Users\ydreizin\OneDrive - NVIDIA Corporation\Documents\Technion\RateAhead\notebooks\artifacts\pretrained_finetune\checkpoints\finetune_gradual_unfreeze_budget5000_seed0.pt,low_budget,627301000.0
d919ba778b7b,gradual_unfreeze,1.0,5000,1,179201,65,179201,0.6964526176452637,2140,"{'global_step': [20, 40, 60, 80, 100, 120, 140, 160, 180, 200, 220, 240, 260, 280, 300, 320, 340, 360, 380, 400, 420, 440, 460, 480, 500, 520, 540, 560, 580, 600, 620, 640, 660, 680, 700, 720, 740, 760, 780, 800, 820, 840, 860, 880, 900, 920, 940, 960, 980, 1000, 1020, 1040, 1060, 1080, 1100, 1120, 1140, 1160, 1180, 1200, 1220, 1240, 1260, 1280, 1300, 1320, 1340, 1360, 1380, 1400, 1420, 1440, 1460, 1480, 1500, 1520, 1540, 1560, 1580, 1600, 1620, 1640, 1660, 1680, 1700, 1720, 1740, 1760, 1780, 1800, 1820, 1840, 1860, 1880, 1900, 1920, 1940, 1960, 1980, 2000, 2020, 2040, 2060, 2080, 2100, 2120, 2140, 2160, 2180, 2200, 2220, 2240, 2260, 2280, 2300, 2320, 2340, 2360, 2380, 2400, 2420, 2440, 2460, 2480, 2500, 2520, 2540, 2560, 2580, 2600, 2620, 2640, 2660, 2680, 2700, 2720, 2740, 2760, 2780, 2800, 2820, 2840, 2860, 2880, 2900, 2920, 2940, 2960, 2980, 3000, 3020, 3040, 3060, 3080, 3100, 3120, 3140, 3160, 3180, 3200, 3220, 3240, 3260, 3280, 3300, 3320, 3340, 3360, 3380, 3400, 3420, 3440, 3460, 3480, 3500, 3520, 3540, 3560, 3580, 3600, 3620, 3640, 3660, 3680, 3700, 3720, 3740, 3760, 3780, 3800, 3820, 3840, 3860, 3880, 3900, 3920, 3940, 3960, 3980, 4000, 4020, 4040, 4060, 4080, 4100, 4120, 4140, 4160, 4180, 4200, 4220, 4240, 4260, 4280, 4300, 4320, 4340, 4360, 4380, 4400, 4420, 4440, 4460, 4480, 4500, 4520, 4540, 4560, 4580, 4600, 4620, 4640, 4660, 4680, 4700, 4720, 4740, 4760, 4780, 4800, 4820, 4840, 4860, 4880, 4900, 4920, 4940, 4960, 4980, 5000], 'val_mse': [2.0505502223968506, 1.2569801807403564, 1.322229266166687, 1.311758279800415, 1.243455410003662, 1.2636017799377441, 1.2874292135238647, 1.2993991374969482, 1.242224097251892, 1.258487582206726, 1.2482813596725464, 1.281775951385498, 1.2916386127471924, 1.261114478111267, 1.2572373151779175, 1.2458446025848389, 1.358085036277771, 1.277346134185791, 1.2629212141036987, 1.264968752861023, 1.2516332864761353, 1.2812906503677368, 1.2575584650039673, 1.300655484199524, 1.245884895324707, 1.2442911863327026, 1.2505756616592407, 1.2505253553390503, 1.296687126159668, 1.3599727153778076, 1.362544298171997, 1.311697244644165, 1.2504935264587402, 1.3393548727035522, 1.2533591985702515, 1.2449631690979004, 1.3820257186889648, 1.2412598133087158, 1.2419651746749878, 1.2588680982589722, 1.3490344285964966, 1.3802627325057983, 1.3396148681640625, 1.2448687553405762, 1.2442152500152588, 1.2770113945007324, 1.24465811252594, 1.2406059503555298, 1.2774935960769653, 1.4664524793624878, 1.3298770189285278, 1.2741286754608154, 1.388459324836731, 1.241301417350769, 1.2751960754394531, 1.322048544883728, 1.2557305097579956, 1.2408771514892578, 1.239810824394226, 1.3412922620773315, 1.3039039373397827, 1.2429633140563965, 1.27069890499115, 1.2394310235977173, 1.3063197135925293, 1.2424726486206055, 1.3133882284164429, 1.3413289785385132, 1.3278982639312744, 1.246620535850525, 1.2773034572601318, 1.2498959302902222, 1.2777389287948608, 1.3126276731491089, 1.2641433477401733, 1.340318202972412, 1.468075156211853, 0.8293672800064087, 0.7487344741821289, 0.7948912382125854, 1.0784498453140259, 0.9298629760742188, 0.7863993644714355, 0.75272136926651, 0.8004250526428223, 0.9901533722877502, 1.0174837112426758, 1.1711410284042358, 0.754910945892334, 0.9574611783027649, 0.7883942723274231, 0.8899971842765808, 0.7084648013114929, 0.719935417175293, 0.7816572785377502, 1.6563466787338257, 0.987342119216919, 0.7718275189399719, 0.7531487345695496, 0.8822211027145386, 0.8594434857368469, 0.7616029977798462, 0.7970201969146729, 0.7100762128829956, 1.280867338180542, 1.3996617794036865, 0.6964526176452637, 0.7774539589881897, 0.7623440623283386, 0.7134230732917786, 0.9150815010070801, 0.870249330997467, 1.4422982931137085, 0.7513187527656555, 0.7809808254241943, 1.069532036781311, 0.7583173513412476, 1.1902971267700195, 0.8775065541267395, 0.8143539428710938, 0.8367076516151428, 1.6075387001037598, 1.3760665655136108, 1.7006007432937622, 0.8101425766944885, 0.9545007944107056, 0.8069355487823486, 0.8178790211677551, 1.7862366437911987, 1.8685790300369263, 1.0060933828353882, 0.8879604339599609, 0.7697471976280212, 0.8997103571891785, 0.7653753757476807, 1.0911372900009155, 0.7566311359405518, 0.776017427444458, 0.7931299209594727, 0.8382350206375122, 0.7575780153274536, 0.7880070805549622, 0.7827741503715515, 0.8655887246131897, 0.7619112133979797, 0.778999924659729, 0.7450859546661377, 1.6499706506729126, 0.8437930345535278, 1.255172848701477, 0.8744010329246521, 0.9139007925987244, 0.7757904529571533, 0.9257891774177551, 1.132859706878662, 0.7883153557777405, 0.7616382837295532, 0.8066415786743164, 0.813922107219696, 0.7488858103752136, 0.8041924834251404, 0.893807053565979, 0.7916246056556702, 0.7730680108070374, 1.077917218208313, 0.8832156658172607, 1.4099633693695068, 0.7985016703605652, 0.7748814225196838, 0.7971368432044983, 0.8131293058395386, 0.8144521713256836, 0.8910382390022278, 0.9833428263664246, 1.0498673915863037, 2.33463978767395, 0.8759607672691345, 0.8372511267662048, 0.7594009041786194, 1.4755401611328125, 0.825800895690918, 1.385637879371643, 0.7861042618751526, 0.7696599960327148, 1.1123793125152588, 0.9584370851516724, 1.003668189048767, 1.3343967199325562, 0.9831815361976624, 0.9343071579933167, 0.865388810634613, 0.8107161521911621, 1.0118236541748047, 0.7864181995391846, 0.826191782951355, 0.8635270595550537, 0.9137458205223083, 0.8294118046760559, 0.956958532333374, 0.9891571998596191, 1.1553900241851807, 0.7885106801986694, 0.8538641929626465, 0.9287126064300537, 0.9186114072799683, 1.0919454097747803, 0.9185454249382019, 0.8051032423973083, 1.0683053731918335, 0.8120514750480652, 0.9197839498519897, 1.0805928707122803, 0.8259966373443604, 0.933180034160614, 0.8118607997894287, 1.6621173620224, 0.8718674182891846, 0.8882802724838257, 1.5120631456375122, 1.0805256366729736, 1.36765456199646, 1.407583236694336, 0.8893193006515503, 0.7976157069206238, 0.8718416690826416, 0.8607425093650818, 0.9539095163345337, 0.8332285284996033, 0.8900887370109558, 0.8609606027603149, 1.3024944067001343, 1.160444974899292, 0.9044781923294067, 1.0414308309555054, 0.8037500381469727, 0.8312116861343384, 0.9189003109931946, 0.9122975468635559, 0.7870073914527893, 1.143162727355957, 1.3558658361434937, 1.0038005113601685, 1.0659897327423096, 0.7917575836181641, 0.8617594838142395, 1.473745584487915, 0.9022970795631409, 1.0855891704559326, 0.8684536814689636, 1.4995110034942627], 'val_mae': [1.2264779806137085, 0.8628028631210327, 0.9246119856834412, 0.9181371927261353, 0.8713720440864563, 0.8884155750274658, 0.9032361507415771, 0.9104188680648804, 0.8690387010574341, 0.8848674297332764, 0.877119243144989, 0.9000019431114197, 0.9057772755622864, 0.8866941928863525, 0.8839156031608582, 0.8745030164718628, 0.9456364512443542, 0.8973515629768372, 0.8879715800285339, 0.8893820643424988, 0.8798160552978516, 0.8997308015823364, 0.8840646743774414, 0.9114978313446045, 0.8627673983573914, 0.87270587682724, 0.8788754343986511, 0.87880939245224, 0.8658292293548584, 0.946977436542511, 0.9484850168228149, 0.9185783267021179, 0.8786718249320984, 0.9352101683616638, 0.8808014392852783, 0.8622439503669739, 0.8853726387023926, 0.8644006848335266, 0.8695056438446045, 0.859866738319397, 0.9409806728363037, 0.9585524797439575, 0.9356268644332886, 0.8614014983177185, 0.8616365790367126, 0.8972740173339844, 0.873257040977478, 0.8675418496131897, 0.8975910544395447, 1.0017482042312622, 0.930053174495697, 0.8955800533294678, 0.9629969000816345, 0.869174599647522, 0.8961904048919678, 0.9254357814788818, 0.882534921169281, 0.8621275424957275, 0.8652693033218384, 0.9367777705192566, 0.9142541885375977, 0.8713775277137756, 0.893347978591919, 0.8647589087486267, 0.9158893823623657, 0.870789110660553, 0.9203687906265259, 0.936908483505249, 0.9290969371795654, 0.8588565587997437, 0.8975356817245483, 0.8581095933914185, 0.897824227809906, 0.9198804497718811, 0.8886669278144836, 0.9574293494224548, 1.0304224491119385, 0.7047396898269653, 0.6587268114089966, 0.6567923426628113, 0.8432087302207947, 0.7738787531852722, 0.6467828154563904, 0.6574243903160095, 0.6650794744491577, 0.8050295114517212, 0.7558501958847046, 0.8604909777641296, 0.6323167085647583, 0.7691089510917664, 0.6774109601974487, 0.7382949590682983, 0.6169735789299011, 0.6188133955001831, 0.6578179001808167, 1.1141314506530762, 0.7580310702323914, 0.6599794626235962, 0.6455323696136475, 0.7185309529304504, 0.6966655254364014, 0.6448773741722107, 0.6373387575149536, 0.6162060499191284, 0.9585757851600647, 1.0059207677841187, 0.6079198718070984, 0.6653727889060974, 0.6336708664894104, 0.6211333274841309, 0.697913646697998, 0.7385683059692383, 1.0088622570037842, 0.627667248249054, 0.6745322346687317, 0.8528430461883545, 0.6508099436759949, 0.8895984888076782, 0.7278251647949219, 0.6777549982070923, 0.64995938539505, 1.088662028312683, 0.9191922545433044, 1.1291123628616333, 0.6638522148132324, 0.7408154606819153, 0.677532434463501, 0.6884064078330994, 1.0845776796340942, 1.1986132860183716, 0.7719790935516357, 0.6812187433242798, 0.6512439846992493, 0.7497478127479553, 0.6672691702842712, 0.8491016030311584, 0.6423670649528503, 0.6646538376808167, 0.6835931539535522, 0.695297360420227, 0.6397485136985779, 0.6373754143714905, 0.6528469920158386, 0.7146401405334473, 0.6416481733322144, 0.6548702120780945, 0.6419499516487122, 1.079834222793579, 0.7090646624565125, 0.936043918132782, 0.7044532895088196, 0.7322760224342346, 0.6618598699569702, 0.7228220701217651, 0.8563424944877625, 0.6524514555931091, 0.6442702412605286, 0.6825157999992371, 0.6935379505157471, 0.6378335952758789, 0.6790869832038879, 0.704091489315033, 0.6658893823623657, 0.6473923325538635, 0.8475656509399414, 0.7110228538513184, 0.9921770691871643, 0.6708852052688599, 0.6610047221183777, 0.6757777333259583, 0.689292848110199, 0.6702522039413452, 0.7220355272293091, 0.7704210877418518, 0.784732460975647, 1.3591748476028442, 0.6925901174545288, 0.6726177334785461, 0.6442517638206482, 1.0191539525985718, 0.6841333508491516, 0.9756132960319519, 0.6580446362495422, 0.643666684627533, 0.8406436443328857, 0.7812855839729309, 0.768291175365448, 0.951934278011322, 0.719453752040863, 0.7612879872322083, 0.6724905371665955, 0.6645259857177734, 0.7889714241027832, 0.6428577303886414, 0.6857786774635315, 0.6644225716590881, 0.7370487451553345, 0.6904927492141724, 0.7258394956588745, 0.7336314916610718, 0.880413830280304, 0.6381744742393494, 0.6944708228111267, 0.7566662430763245, 0.7054546475410461, 0.8294314742088318, 0.7426279187202454, 0.6608424782752991, 0.8328661322593689, 0.6474475860595703, 0.7089649438858032, 0.7712863087654114, 0.6594116687774658, 0.7260513305664062, 0.6463086605072021, 1.0938559770584106, 0.6697157025337219, 0.6978873610496521, 1.0164498090744019, 0.734634280204773, 0.9363270998001099, 0.8498377203941345, 0.706710934638977, 0.6423276662826538, 0.6569187045097351, 0.6973173022270203, 0.7281354069709778, 0.6824324131011963, 0.7141004204750061, 0.6645245552062988, 0.930173933506012, 0.8273583054542542, 0.732631266117096, 0.8108763098716736, 0.643485426902771, 0.6602852940559387, 0.6946894526481628, 0.7273858189582825, 0.6318598389625549, 0.765440046787262, 0.9616244435310364, 0.7122390270233154, 0.8275856971740723, 0.6432613730430603, 0.6965950131416321, 1.0086225271224976, 0.7104560732841492, 0.7627950310707092, 0.7030635476112366, 1.0238945484161377]}",5000,20.2186176776886,1500.0,0.8802503943443298,0.6192671656608582,"{'train': 1529, 'val': 327, 'test': 329}",c:\Users\ydreizin\OneDrive - NVIDIA Corporation\Documents\Technion\RateAhead\notebooks\artifacts\pretrained_finetune\checkpoints\finetune_gradual_unfreeze_budget5000_seed1.pt,low_budget,627301000.0
2038e0fc3684,gradual_unfreeze,1.0,5000,2,179201,65,179201,0.7019699811935425,2320,"{'global_step': [20, 40, 60, 80, 100, 120, 140, 160, 180, 200, 220, 240, 260, 280, 300, 320, 340, 360, 380, 400, 420, 440, 460, 480, 500, 520, 540, 560, 580, 600, 620, 640, 660, 680, 700, 720, 740, 760, 780, 800, 820, 840, 860, 880, 900, 920, 940, 960, 980, 1000, 1020, 1040, 1060, 1080, 1100, 1120, 1140, 1160, 1180, 1200, 1220, 1240, 1260, 1280, 1300, 1320, 1340, 1360, 1380, 1400, 1420, 1440, 1460, 1480, 1500, 1520, 1540, 1560, 1580, 1600, 1620, 1640, 1660, 1680, 1700, 1720, 1740, 1760, 1780, 1800, 1820, 1840, 1860, 1880, 1900, 1920, 1940, 1960, 1980, 2000, 2020, 2040, 2060, 2080, 2100, 2120, 2140, 2160, 2180, 2200, 2220, 2240, 2260, 2280, 2300, 2320, 2340, 2360, 2380, 2400, 2420, 2440, 2460, 2480, 2500, 2520, 2540, 2560, 2580, 2600, 2620, 2640, 2660, 2680, 2700, 2720, 2740, 2760, 2780, 2800, 2820, 2840, 2860, 2880, 2900, 2920, 2940, 2960, 2980, 3000, 3020, 3040, 3060, 3080, 3100, 3120, 3140, 3160, 3180, 3200, 3220, 3240, 3260, 3280, 3300, 3320, 3340, 3360, 3380, 3400, 3420, 3440, 3460, 3480, 3500, 3520, 3540, 3560, 3580, 3600, 3620, 3640, 3660, 3680, 3700, 3720, 3740, 3760, 3780, 3800, 3820, 3840, 3860, 3880, 3900, 3920, 3940, 3960, 3980, 4000, 4020, 4040, 4060, 4080, 4100, 4120, 4140, 4160, 4180, 4200, 4220, 4240, 4260, 4280, 4300, 4320, 4340, 4360, 4380, 4400, 4420, 4440, 4460, 4480, 4500, 4520, 4540, 4560, 4580, 4600, 4620, 4640, 4660, 4680, 4700, 4720, 4740, 4760, 4780, 4800, 4820, 4840, 4860, 4880, 4900, 4920, 4940, 4960, 4980, 5000], 'val_mse': [1.9244989156723022, 1.2458821535110474, 1.2735384702682495, 1.2496461868286133, 1.3025283813476562, 1.2422900199890137, 1.2429847717285156, 1.2807830572128296, 1.243728518486023, 1.2581698894500732, 1.2894476652145386, 1.3171865940093994, 1.309818983078003, 1.2703248262405396, 1.2560492753982544, 1.3359525203704834, 1.2756283283233643, 1.345802903175354, 1.2424687147140503, 1.2630655765533447, 1.3638883829116821, 1.456079125404358, 1.3163524866104126, 1.2432711124420166, 1.245395541191101, 1.327486515045166, 1.2565211057662964, 1.241723656654358, 1.2412142753601074, 1.2483588457107544, 1.302962064743042, 1.2407902479171753, 1.2617332935333252, 1.2810640335083008, 1.2949702739715576, 1.2569059133529663, 1.2497152090072632, 1.2585334777832031, 1.2412798404693604, 1.292222499847412, 1.254791021347046, 1.2462165355682373, 1.2408578395843506, 1.4317188262939453, 1.2736667394638062, 1.2600094079971313, 1.3839056491851807, 1.2466223239898682, 1.3384230136871338, 1.3241102695465088, 1.3577940464019775, 1.3182308673858643, 1.3633418083190918, 1.2682079076766968, 1.2834140062332153, 1.2850799560546875, 1.3303475379943848, 1.309994101524353, 1.3104310035705566, 1.3988620042800903, 1.2607513666152954, 1.2768298387527466, 1.2643086910247803, 1.3206342458724976, 1.274906873703003, 1.3016700744628906, 1.3189772367477417, 1.2404710054397583, 1.2577743530273438, 1.3037841320037842, 1.2421021461486816, 1.289037823677063, 1.3990380764007568, 1.3207390308380127, 1.2882276773452759, 1.1739555597305298, 0.7935935854911804, 0.9344434142112732, 0.9247372150421143, 1.2059667110443115, 0.9275250434875488, 0.78520667552948, 1.5018411874771118, 0.7370232343673706, 0.733010470867157, 0.8053652048110962, 0.7230056524276733, 0.8110021948814392, 0.8150867819786072, 0.7411713004112244, 1.6879829168319702, 0.8198034763336182, 0.774355411529541, 1.191741704940796, 1.227592945098877, 0.8776084780693054, 0.8474467992782593, 0.8382678627967834, 1.2587305307388306, 0.9854483604431152, 0.8377548456192017, 0.7903246283531189, 0.8301388621330261, 0.9853042364120483, 0.7590765953063965, 0.9092193245887756, 0.7470461130142212, 1.1565117835998535, 1.229853868484497, 1.07069993019104, 0.7615495324134827, 1.5241267681121826, 0.7282764315605164, 0.9327967762947083, 0.7195172309875488, 0.7019699811935425, 0.8502192497253418, 0.7191260457038879, 0.9400169849395752, 1.551156759262085, 0.752841055393219, 0.8701494932174683, 0.7247814536094666, 0.8160248398780823, 0.9434142708778381, 0.7379214763641357, 0.9345780611038208, 0.7094603180885315, 0.7733523845672607, 0.8960948586463928, 0.8318678140640259, 0.7670720815658569, 0.8590275645256042, 1.4003986120224, 0.9353200197219849, 0.8626967668533325, 0.7610405683517456, 2.1285407543182373, 1.14102303981781, 0.7666574716567993, 0.7667819857597351, 0.850510835647583, 0.8294567465782166, 0.8154635429382324, 0.8062593936920166, 0.7560024261474609, 1.0842716693878174, 1.2864302396774292, 0.9082548022270203, 0.8018357157707214, 0.7948024272918701, 0.7823706865310669, 0.8373944759368896, 0.9078248739242554, 0.785198450088501, 0.7955099940299988, 1.5614173412322998, 0.8033851385116577, 0.7585980892181396, 0.7836514711380005, 0.81878662109375, 0.8261159062385559, 0.8107603788375854, 0.7790808081626892, 0.8004384636878967, 1.1721959114074707, 0.8005733489990234, 0.8767937421798706, 0.7338113188743591, 1.5659291744232178, 1.5849705934524536, 1.31818687915802, 0.7838347554206848, 2.3076653480529785, 0.8922888040542603, 0.760479211807251, 0.8691970109939575, 1.0468374490737915, 0.8646032810211182, 0.9086611866950989, 1.1184518337249756, 0.8014501929283142, 0.8162571787834167, 0.885683000087738, 0.8592791557312012, 0.8032453060150146, 0.8004795908927917, 0.8317894339561462, 1.2728157043457031, 1.1143689155578613, 1.0327447652816772, 0.9322354793548584, 0.787285566329956, 0.9756402373313904, 0.9087979793548584, 0.8175374269485474, 1.0704412460327148, 0.8467661142349243, 1.7197110652923584, 0.7872805595397949, 0.9300727248191833, 0.7986597418785095, 0.8144265413284302, 0.7774209976196289, 0.8106037378311157, 0.8360582590103149, 1.3641890287399292, 0.7946653366088867, 0.9009215831756592, 1.1019397974014282, 0.8523123860359192, 0.8008329272270203, 1.5215911865234375, 0.9079949259757996, 0.879176914691925, 0.8010339736938477, 0.9469527006149292, 0.781082808971405, 0.7897179126739502, 1.2027415037155151, 0.8332238793373108, 1.0628454685211182, 0.8769044876098633, 0.9063130617141724, 0.9882327318191528, 0.9520045518875122, 0.8685927987098694, 1.128187894821167, 0.8614406585693359, 0.7836763858795166, 1.4939073324203491, 0.8729569315910339, 0.8516639471054077, 0.9463173151016235, 0.7728716135025024, 0.9566022157669067, 0.9514054656028748, 0.8261110186576843, 0.8220897912979126, 0.8316001892089844, 0.8514523506164551, 0.7616080045700073, 0.906328558921814, 1.4384382963180542, 1.2030035257339478, 0.9738116264343262, 0.8245635032653809, 0.9803311824798584, 0.999686062335968, 1.146864891052246], 'val_mae': [1.1818541288375854, 0.8745206594467163, 0.8948422074317932, 0.8781969547271729, 0.9122332334518433, 0.8670273423194885, 0.8704745173454285, 0.8993391394615173, 0.8718462586402893, 0.884634792804718, 0.9044616222381592, 0.9216621518135071, 0.9170899987220764, 0.8928893804550171, 0.8831021785736084, 0.9328972697257996, 0.8962648510932922, 0.938683271408081, 0.8649799823760986, 0.8881410360336304, 0.9491496682167053, 0.996066689491272, 0.9214464426040649, 0.8718769550323486, 0.8626980781555176, 0.9282392859458923, 0.8834096193313599, 0.8696460127830505, 0.8648526668548584, 0.8771904706954956, 0.9131928086280823, 0.8649603724479675, 0.8602139949798584, 0.8997614979743958, 0.9082674980163574, 0.8836286067962646, 0.878211259841919, 0.8849160671234131, 0.8692021369934082, 0.9067118763923645, 0.8820542097091675, 0.8751354813575745, 0.8634328842163086, 0.9847297072410583, 0.8953654170036316, 0.8860087394714355, 0.9605650305747986, 0.8753905892372131, 0.9350577592849731, 0.9266422986984253, 0.946187436580658, 0.9230726361274719, 0.9492968916893005, 0.8916770815849304, 0.9012535214424133, 0.9022656083106995, 0.9302811622619629, 0.9179781079292297, 0.9182605743408203, 0.9683312177658081, 0.8860615491867065, 0.8970422744750977, 0.8887652158737183, 0.9245742559432983, 0.8957948684692383, 0.9126423597335815, 0.9235694408416748, 0.8637468814849854, 0.8836638331413269, 0.9141418933868408, 0.8698497414588928, 0.904970109462738, 0.9685915112495422, 0.9248480200767517, 0.9044954776763916, 0.9100450873374939, 0.6729861497879028, 0.7031679749488831, 0.7595522999763489, 0.8544106483459473, 0.7808921933174133, 0.650092363357544, 1.0458407402038574, 0.640804648399353, 0.6376648545265198, 0.6679993867874146, 0.6270203590393066, 0.6559512615203857, 0.6874479055404663, 0.6344476938247681, 1.0587718486785889, 0.6973798274993896, 0.6555249691009521, 0.9126102328300476, 0.88405841588974, 0.7409105896949768, 0.6844222545623779, 0.7088449001312256, 0.9005982875823975, 0.8116364479064941, 0.6804819703102112, 0.6696692705154419, 0.6901443004608154, 0.8000996708869934, 0.6482493281364441, 0.754543125629425, 0.6629621982574463, 0.8559020757675171, 0.9276259541511536, 0.7679060697555542, 0.6521114706993103, 1.0462868213653564, 0.626229465007782, 0.7615445852279663, 0.636759340763092, 0.6261044144630432, 0.6649746894836426, 0.6366667747497559, 0.7779228091239929, 0.9861891865730286, 0.6469793915748596, 0.709420382976532, 0.6317593455314636, 0.6935973763465881, 0.7470059394836426, 0.6344165802001953, 0.7662872076034546, 0.6240813136100769, 0.6583789587020874, 0.7038487792015076, 0.6898970603942871, 0.6510338187217712, 0.6923261880874634, 0.9522955417633057, 0.7546285390853882, 0.7393457293510437, 0.6671231985092163, 1.2877362966537476, 0.8885489702224731, 0.6624179482460022, 0.65008544921875, 0.7038685083389282, 0.6929950714111328, 0.6778735518455505, 0.6697617769241333, 0.6547830104827881, 0.8501845598220825, 0.8627075552940369, 0.73300701379776, 0.6617629528045654, 0.667038083076477, 0.6683476567268372, 0.6701390743255615, 0.7531163096427917, 0.6506451964378357, 0.6535486578941345, 1.0611324310302734, 0.6907479763031006, 0.6382460594177246, 0.6523699164390564, 0.6736792922019958, 0.6736696362495422, 0.6634982228279114, 0.6655144095420837, 0.659801721572876, 0.8994709849357605, 0.6670004725456238, 0.7135610580444336, 0.6274454593658447, 1.006198525428772, 1.0549862384796143, 0.8920588493347168, 0.6675345301628113, 1.3517509698867798, 0.6892933249473572, 0.6489333510398865, 0.7207257747650146, 0.7506944537162781, 0.7154197692871094, 0.7432571053504944, 0.8748271465301514, 0.6767966151237488, 0.6868920922279358, 0.7214294075965881, 0.7255057096481323, 0.6668928265571594, 0.6611332893371582, 0.6853780746459961, 0.9241596460342407, 0.813944935798645, 0.8232883810997009, 0.7468408346176147, 0.6609987020492554, 0.7865781784057617, 0.7503785490989685, 0.694377064704895, 0.8290963172912598, 0.7014421224594116, 1.1260502338409424, 0.6736797094345093, 0.7526198029518127, 0.650212287902832, 0.6803914308547974, 0.6554796695709229, 0.6791817545890808, 0.6642807722091675, 0.9765869379043579, 0.6560591459274292, 0.6939913630485535, 0.8309534192085266, 0.6704733967781067, 0.6523468494415283, 1.0315850973129272, 0.6869937181472778, 0.6994239687919617, 0.664223849773407, 0.7653863430023193, 0.6572328805923462, 0.6543582081794739, 0.9038959741592407, 0.6587393879890442, 0.8165941834449768, 0.7282859683036804, 0.7525656819343567, 0.7483063340187073, 0.7761430740356445, 0.6880130767822266, 0.768313467502594, 0.7011814117431641, 0.6470267176628113, 1.030692458152771, 0.7082557678222656, 0.6689272522926331, 0.7487688660621643, 0.6522794365882874, 0.7766335606575012, 0.7686700820922852, 0.6749554872512817, 0.6607515811920166, 0.697765588760376, 0.7195034027099609, 0.6446400284767151, 0.7465778589248657, 1.014553189277649, 0.9041502475738525, 0.7407642602920532, 0.6774939894676208, 0.7146034240722656, 0.7856687307357788, 0.8739644289016724]}",5000,23.60622382164001,1500.0,0.91896653175354,0.6320141553878784,"{'train': 1529, 'val': 327, 'test': 329}",c:\Users\ydreizin\OneDrive - NVIDIA Corporation\Documents\Technion\RateAhead\notebooks\artifacts\pretrained_finetune\checkpoints\finetune_gradual_unfreeze_budget5000_seed2.pt,low_budget,627301000.0
a32039e236e0,head_only,1.0,50,0,179201,65,65,1.2655833959579468,40,"{'global_step': [20, 40, 50], 'val_mse': [2.1721179485321045, 1.2655833959579468, 1.293471336364746], 'val_mae': [1.2679040431976318, 0.8625878095626831, 0.9067351222038269]}",50,0.1231844425201416,,1.3698430061340332,0.8329480886459351,"{'train': 1529, 'val': 327, 'test': 329}",c:\Users\ydreizin\OneDrive - NVIDIA Corporation\Documents\Technion\RateAhead\notebooks\artifacts\pretrained_finetune\checkpoints\finetune_head_only_budget50_seed0.pt,low_budget,3250.0
6e0621d5ec29,head_only,1.0,50,1,179201,65,65,1.2549444437026978,50,"{'global_step': [20, 40, 50], 'val_mse': [2.0505502223968506, 1.2569801807403564, 1.2549444437026978], 'val_mae': [1.2264779806137085, 0.8628028631210327, 0.8824278116226196]}",50,0.1159782409667968,,1.3784297704696655,0.867469310760498,"{'train': 1529, 'val': 327, 'test': 329}",c:\Users\ydreizin\OneDrive - NVIDIA Corporation\Documents\Technion\RateAhead\notebooks\artifacts\pretrained_finetune\checkpoints\finetune_head_only_budget50_seed1.pt,low_budget,3250.0
7e1cb391aad4,head_only,1.0,50,2,179201,65,65,1.2458821535110474,40,"{'global_step': [20, 40, 50], 'val_mse': [1.9244989156723022, 1.2458821535110474, 1.2464174032211304], 'val_mae': [1.1818541288375854, 0.8745206594467163, 0.8750905394554138]}",50,0.1591620445251464,,1.3655167818069458,0.8553012013435364,"{'train': 1529, 'val': 327, 'test': 329}",c:\Users\ydreizin\OneDrive - NVIDIA Corporation\Documents\Technion\RateAhead\notebooks\artifacts\pretrained_finetune\checkpoints\finetune_head_only_budget50_seed2.pt,low_budget,3250.0
f45b186d8d53,head_only,1.0,100,0,179201,65,65,1.2655833959579468,40,"{'global_step': [20, 40, 60, 80, 100], 'val_mse': [2.1721179485321045, 1.2655833959579468, 1.3035119771957397, 1.280375361442566, 1.3648236989974976], 'val_mae': [1.2679040431976318, 0.8625878095626831, 0.9128795266151428, 0.8990926742553711, 0.9493548274040222]}",100,0.3115952014923095,,1.3698430061340332,0.8329480886459351,"{'train': 1529, 'val': 327, 'test': 329}",c:\Users\ydreizin\OneDrive - NVIDIA Corporation\Documents\Technion\RateAhead\notebooks\artifacts\pretrained_finetune\checkpoints\finetune_head_only_budget100_seed0.pt,low_budget,6500.0
7bfceed74a35,head_only,1.0,100,1,179201,65,65,1.243455410003662,100,"{'global_step': [20, 40, 60, 80, 100], 'val_mse': [2.0505502223968506, 1.2569801807403564, 1.322229266166687, 1.311758279800415, 1.243455410003662], 'val_mae': [1.2264779806137085, 0.8628028631210327, 0.9246119856834412, 0.9181371927261353, 0.8713720440864563]}",100,0.3392772674560547,,1.3615422248840332,0.8505789041519165,"{'train': 1529, 'val': 327, 'test': 329}",c:\Users\ydreizin\OneDrive - NVIDIA Corporation\Documents\Technion\RateAhead\notebooks\artifacts\pretrained_finetune\checkpoints\finetune_head_only_budget100_seed1.pt,low_budget,6500.0
266ee98ed459,head_only,1.0,100,2,179201,65,65,1.2458821535110474,40,"{'global_step': [20, 40, 60, 80, 100], 'val_mse': [1.9244989156723022, 1.2458821535110474, 1.2735384702682495, 1.2496461868286133, 1.3025283813476562], 'val_mae': [1.1818541288375854, 0.8745206594467163, 0.8948422074317932, 0.8781969547271729, 0.9122332334518433]}",100,0.3929891586303711,,1.3655167818069458,0.8553012013435364,"{'train': 1529, 'val': 327, 'test': 329}",c:\Users\ydreizin\OneDrive - NVIDIA Corporation\Documents\Technion\RateAhead\notebooks\artifacts\pretrained_finetune\checkpoints\finetune_head_only_budget100_seed2.pt,low_budget,6500.0
ae222d37d306,head_only,1.0,200,0,179201,65,65,1.243940830230713,200,"{'global_step': [20, 40, 60, 80, 100, 120, 140, 160, 180, 200], 'val_mse': [2.1721179485321045, 1.2655833959579468, 1.3035119771957397, 1.280375361442566, 1.3648236989974976, 1.2686212062835693, 1.2699944972991943, 1.256722092628479, 1.2674710750579834, 1.243940830230713], 'val_mae': [1.2679040431976318, 0.8625878095626831, 0.9128795266151428, 0.8990926742553711, 0.9493548274040222, 0.8917589783668518, 0.8926378488540649, 0.8836380839347839, 0.891038179397583, 0.872190535068512]}",200,0.6648509502410889,,1.3628981113433838,0.8521521687507629,"{'train': 1529, 'val': 327, 'test': 329}",c:\Users\ydreizin\OneDrive - NVIDIA Corporation\Documents\Technion\RateAhead\notebooks\artifacts\pretrained_finetune\checkpoints\finetune_head_only_budget200_seed0.pt,low_budget,13000.0
b7a3c2b8e7ad,head_only,1.0,200,1,179201,65,65,1.242224097251892,180,"{'global_step': [20, 40, 60, 80, 100, 120, 140, 160, 180, 200], 'val_mse': [2.0505502223968506, 1.2569801807403564, 1.322229266166687, 1.311758279800415, 1.243455410003662, 1.2636017799377441, 1.2874292135238647, 1.2993991374969482, 1.242224097251892, 1.258487582206726], 'val_mae': [1.2264779806137085, 0.8628028631210327, 0.9246119856834412, 0.9181371927261353, 0.8713720440864563, 0.8884155750274658, 0.9032361507415771, 0.9104188680648804, 0.8690387010574341, 0.8848674297332764]}",200,0.7605025768280029,,1.3589497804641724,0.8468534350395203,"{'train': 1529, 'val': 327, 'test': 329}",c:\Users\ydreizin\OneDrive - NVIDIA Corporation\Documents\Technion\RateAhead\notebooks\artifacts\pretrained_finetune\checkpoints\finetune_head_only_budget200_seed1.pt,low_budget,13000.0
abdd4b4e513e,head_only,1.0,200,2,179201,65,65,1.2422900199890137,120,"{'global_step': [20, 40, 60, 80, 100, 120, 140, 160, 180, 200], 'val_mse': [1.9244989156723022, 1.2458821535110474, 1.2735384702682495, 1.2496461868286133, 1.3025283813476562, 1.2422900199890137, 1.2429847717285156, 1.2807830572128296, 1.243728518486023, 1.2581698894500732], 'val_mae': [1.1818541288375854, 0.8745206594467163, 0.8948422074317932, 0.8781969547271729, 0.9122332334518433, 0.8670273423194885, 0.8704745173454285, 0.8993391394615173, 0.8718462586402893, 0.884634792804718]}",200,0.6994812488555908,,1.356670618057251,0.8422181010246277,"{'train': 1529, 'val': 327, 'test': 329}",c:\Users\ydreizin\OneDrive - NVIDIA Corporation\Documents\Technion\RateAhead\notebooks\artifacts\pretrained_finetune\checkpoints\finetune_head_only_budget200_seed2.pt,low_budget,13000.0
64a167e21868,head_only,1.0,500,0,179201,65,65,1.2412562370300293,480,"{'global_step': [20, 40, 60, 80, 100, 120, 140, 160, 180, 200, 220, 240, 260, 280, 300, 320, 340, 360, 380, 400, 420, 440, 460, 480, 500], 'val_mse': [2.1721179485321045, 1.2655833959579468, 1.3035119771957397, 1.280375361442566, 1.3648236989974976, 1.2686212062835693, 1.2699944972991943, 1.256722092628479, 1.2674710750579834, 1.243940830230713, 1.2943564653396606, 1.3118631839752197, 1.2513408660888672, 1.2446736097335815, 1.2595698833465576, 1.2479603290557861, 1.2686971426010132, 1.3129384517669678, 1.2920290231704712, 1.287811279296875, 1.288264274597168, 1.3486411571502686, 1.3665627241134644, 1.2412562370300293, 1.2481597661972046], 'val_mae': [1.2679040431976318, 0.8625878095626831, 0.9128795266151428, 0.8990926742553711, 0.9493548274040222, 0.8917589783668518, 0.8926378488540649, 0.8836380839347839, 0.891038179397583, 0.872190535068512, 0.9073832631111145, 0.9183613657951355, 0.8797001838684082, 0.8641352653503418, 0.8855174779891968, 0.8630768656730652, 0.891806423664093, 0.9191038012504578, 0.9060190916061401, 0.9035614728927612, 0.9038495421409607, 0.9403707981109619, 0.9506866931915283, 0.8663575649261475, 0.862337052822113]}",500,1.8626179695129397,,1.357012391090393,0.8425829410552979,"{'train': 1529, 'val': 327, 'test': 329}",c:\Users\ydreizin\OneDrive - NVIDIA Corporation\Documents\Technion\RateAhead\notebooks\artifacts\pretrained_finetune\checkpoints\finetune_head_only_budget500_seed0.pt,low_budget,32500.0
bdcba80c40cb,head_only,1.0,500,1,179201,65,65,1.242224097251892,180,"{'global_step': [20, 40, 60, 80, 100, 120, 140, 160, 180, 200, 220, 240, 260, 280, 300, 320, 340, 360, 380, 400, 420, 440, 460, 480, 500], 'val_mse': [2.0505502223968506, 1.2569801807403564, 1.322229266166687, 1.311758279800415, 1.243455410003662, 1.2636017799377441, 1.2874292135238647, 1.2993991374969482, 1.242224097251892, 1.258487582206726, 1.2482813596725464, 1.281775951385498, 1.2916386127471924, 1.261114478111267, 1.2572373151779175, 1.2458446025848389, 1.358085036277771, 1.277346134185791, 1.2629212141036987, 1.264968752861023, 1.2516332864761353, 1.2812906503677368, 1.2575584650039673, 1.300655484199524, 1.245884895324707], 'val_mae': [1.2264779806137085, 0.8628028631210327, 0.9246119856834412, 0.9181371927261353, 0.8713720440864563, 0.8884155750274658, 0.9032361507415771, 0.9104188680648804, 0.8690387010574341, 0.8848674297332764, 0.877119243144989, 0.9000019431114197, 0.9057772755622864, 0.8866941928863525, 0.8839156031608582, 0.8745030164718628, 0.9456364512443542, 0.8973515629768372, 0.8879715800285339, 0.8893820643424988, 0.8798160552978516, 0.8997308015823364, 0.8840646743774414, 0.9114978313446045, 0.8627673983573914]}",500,2.878998279571533,,1.3589497804641724,0.8468534350395203,"{'train': 1529, 'val': 327, 'test': 329}",c:\Users\ydreizin\OneDrive - NVIDIA Corporation\Documents\Technion\RateAhead\notebooks\artifacts\pretrained_finetune\checkpoints\finetune_head_only_budget500_seed1.pt,low_budget,32500.0
f7411c002b9b,head_only,1.0,500,2,179201,65,65,1.2422900199890137,120,"{'global_step': [20, 40, 60, 80, 100, 120, 140, 160, 180, 200, 220, 240, 260, 280, 300, 320, 340, 360, 380, 400, 420, 440, 460, 480, 500], 'val_mse': [1.9244989156723022, 1.2458821535110474, 1.2735384702682495, 1.2496461868286133, 1.3025283813476562, 1.2422900199890137, 1.2429847717285156, 1.2807830572128296, 1.243728518486023, 1.2581698894500732, 1.2894476652145386, 1.3171865940093994, 1.309818983078003, 1.2703248262405396, 1.2560492753982544, 1.3359525203704834, 1.2756283283233643, 1.345802903175354, 1.2424687147140503, 1.2630655765533447, 1.3638883829116821, 1.456079125404358, 1.3163524866104126, 1.2432711124420166, 1.245395541191101], 'val_mae': [1.1818541288375854, 0.8745206594467163, 0.8948422074317932, 0.8781969547271729, 0.9122332334518433, 0.8670273423194885, 0.8704745173454285, 0.8993391394615173, 0.8718462586402893, 0.884634792804718, 0.9044616222381592, 0.9216621518135071, 0.9170899987220764, 0.8928893804550171, 0.8831021785736084, 0.9328972697257996, 0.8962648510932922, 0.938683271408081, 0.8649799823760986, 0.8881410360336304, 0.9491496682167053, 0.996066689491272, 0.9214464426040649, 0.8718769550323486, 0.8626980781555176]}",500,1.839775800704956,,1.356670618057251,0.8422181010246277,"{'train': 1529, 'val': 327, 'test': 329}",c:\Users\ydreizin\OneDrive - NVIDIA Corporation\Documents\Technion\RateAhead\notebooks\artifacts\pretrained_finetune\checkpoints\finetune_head_only_budget500_seed2.pt,low_budget,32500.0
267ae29a311d,head_only,1.0,1000,0,179201,65,65,1.2409135103225708,780,"{'global_step': [20, 40, 60, 80, 100, 120, 140, 160, 180, 200, 220, 240, 260, 280, 300, 320, 340, 360, 380, 400, 420, 440, 460, 480, 500, 520, 540, 560, 580, 600, 620, 640, 660, 680, 700, 720, 740, 760, 780, 800, 820, 840, 860, 880, 900, 920, 940, 960, 980, 1000], 'val_mse': [2.1721179485321045, 1.2655833959579468, 1.3035119771957397, 1.280375361442566, 1.3648236989974976, 1.2686212062835693, 1.2699944972991943, 1.256722092628479, 1.2674710750579834, 1.243940830230713, 1.2943564653396606, 1.3118631839752197, 1.2513408660888672, 1.2446736097335815, 1.2595698833465576, 1.2479603290557861, 1.2686971426010132, 1.3129384517669678, 1.2920290231704712, 1.287811279296875, 1.288264274597168, 1.3486411571502686, 1.3665627241134644, 1.2412562370300293, 1.2481597661972046, 1.2462272644042969, 1.265347957611084, 1.2710262537002563, 1.2864857912063599, 1.240960955619812, 1.2686504125595093, 1.2465183734893799, 1.2435359954833984, 1.272932767868042, 1.2758855819702148, 1.3237985372543335, 1.4222211837768555, 1.3362538814544678, 1.2409135103225708, 1.3736701011657715, 1.2545360326766968, 1.2472528219223022, 1.2411059141159058, 1.2409319877624512, 1.2609530687332153, 1.2929604053497314, 1.2865718603134155, 1.2456154823303223, 1.2632466554641724, 1.289437174797058], 'val_mae': [1.2679040431976318, 0.8625878095626831, 0.9128795266151428, 0.8990926742553711, 0.9493548274040222, 0.8917589783668518, 0.8926378488540649, 0.8836380839347839, 0.891038179397583, 0.872190535068512, 0.9073832631111145, 0.9183613657951355, 0.8797001838684082, 0.8641352653503418, 0.8855174779891968, 0.8630768656730652, 0.891806423664093, 0.9191038012504578, 0.9060190916061401, 0.9035614728927612, 0.9038495421409607, 0.9403707981109619, 0.9506866931915283, 0.8663575649261475, 0.862337052822113, 0.874965488910675, 0.8896786570549011, 0.8611653447151184, 0.9028832912445068, 0.8667504787445068, 0.8919399380683899, 0.8619648218154907, 0.8627979159355164, 0.8947458863258362, 0.8965482115745544, 0.9260910153388977, 0.9798344969749451, 0.9334683418273926, 0.8651118278503418, 0.9548646211624146, 0.8815761208534241, 0.8612070083618164, 0.8640588521957397, 0.8675355315208435, 0.8593908548355103, 0.8637187480926514, 0.9031187295913696, 0.8740041255950928, 0.8881007432937622, 0.904994010925293]}",1000,4.620977878570557,,1.3572824001312256,0.8414518237113953,"{'train': 1529, 'val': 327, 'test': 329}",c:\Users\ydreizin\OneDrive - NVIDIA Corporation\Documents\Technion\RateAhead\notebooks\artifacts\pretrained_finetune\checkpoints\finetune_head_only_budget1000_seed0.pt,low_budget,65000.0
4e9591513c8d,head_only,1.0,1000,1,179201,65,65,1.2406059503555298,960,"{'global_step': [20, 40, 60, 80, 100, 120, 140, 160, 180, 200, 220, 240, 260, 280, 300, 320, 340, 360, 380, 400, 420, 440, 460, 480, 500, 520, 540, 560, 580, 600, 620, 640, 660, 680, 700, 720, 740, 760, 780, 800, 820, 840, 860, 880, 900, 920, 940, 960, 980, 1000], 'val_mse': [2.0505502223968506, 1.2569801807403564, 1.322229266166687, 1.311758279800415, 1.243455410003662, 1.2636017799377441, 1.2874292135238647, 1.2993991374969482, 1.242224097251892, 1.258487582206726, 1.2482813596725464, 1.281775951385498, 1.2916386127471924, 1.261114478111267, 1.2572373151779175, 1.2458446025848389, 1.358085036277771, 1.277346134185791, 1.2629212141036987, 1.264968752861023, 1.2516332864761353, 1.2812906503677368, 1.2575584650039673, 1.300655484199524, 1.245884895324707, 1.2442911863327026, 1.2505756616592407, 1.2505253553390503, 1.296687126159668, 1.3599727153778076, 1.362544298171997, 1.311697244644165, 1.2504935264587402, 1.3393548727035522, 1.2533591985702515, 1.2449631690979004, 1.3820257186889648, 1.2412598133087158, 1.2419651746749878, 1.2588680982589722, 1.3490344285964966, 1.3802627325057983, 1.3396148681640625, 1.2448687553405762, 1.2442152500152588, 1.2770113945007324, 1.24465811252594, 1.2406059503555298, 1.2774935960769653, 1.4664524793624878], 'val_mae': [1.2264779806137085, 0.8628028631210327, 0.9246119856834412, 0.9181371927261353, 0.8713720440864563, 0.8884155750274658, 0.9032361507415771, 0.9104188680648804, 0.8690387010574341, 0.8848674297332764, 0.877119243144989, 0.9000019431114197, 0.9057772755622864, 0.8866941928863525, 0.8839156031608582, 0.8745030164718628, 0.9456364512443542, 0.8973515629768372, 0.8879715800285339, 0.8893820643424988, 0.8798160552978516, 0.8997308015823364, 0.8840646743774414, 0.9114978313446045, 0.8627673983573914, 0.87270587682724, 0.8788754343986511, 0.87880939245224, 0.8658292293548584, 0.946977436542511, 0.9484850168228149, 0.9185783267021179, 0.8786718249320984, 0.9352101683616638, 0.8808014392852783, 0.8622439503669739, 0.8853726387023926, 0.8644006848335266, 0.8695056438446045, 0.859866738319397, 0.9409806728363037, 0.9585524797439575, 0.9356268644332886, 0.8614014983177185, 0.8616365790367126, 0.8972740173339844, 0.873257040977478, 0.8675418496131897, 0.8975910544395447, 1.0017482042312622]}",1000,3.6729655265808105,,1.3599891662597656,0.8466295003890991,"{'train': 1529, 'val': 327, 'test': 329}",c:\Users\ydreizin\OneDrive - NVIDIA Corporation\Documents\Technion\RateAhead\notebooks\artifacts\pretrained_finetune\checkpoints\finetune_head_only_budget1000_seed1.pt,low_budget,65000.0
e85dbdd3406a,head_only,1.0,1000,2,179201,65,65,1.2407902479171753,640,"{'global_step': [20, 40, 60, 80, 100, 120, 140, 160, 180, 200, 220, 240, 260, 280, 300, 320, 340, 360, 380, 400, 420, 440, 460, 480, 500, 520, 540, 560, 580, 600, 620, 640, 660, 680, 700, 720, 740, 760, 780, 800, 820, 840, 860, 880, 900, 920, 940, 960, 980, 1000], 'val_mse': [1.9244989156723022, 1.2458821535110474, 1.2735384702682495, 1.2496461868286133, 1.3025283813476562, 1.2422900199890137, 1.2429847717285156, 1.2807830572128296, 1.243728518486023, 1.2581698894500732, 1.2894476652145386, 1.3171865940093994, 1.309818983078003, 1.2703248262405396, 1.2560492753982544, 1.3359525203704834, 1.2756283283233643, 1.345802903175354, 1.2424687147140503, 1.2630655765533447, 1.3638883829116821, 1.456079125404358, 1.3163524866104126, 1.2432711124420166, 1.245395541191101, 1.327486515045166, 1.2565211057662964, 1.241723656654358, 1.2412142753601074, 1.2483588457107544, 1.302962064743042, 1.2407902479171753, 1.2617332935333252, 1.2810640335083008, 1.2949702739715576, 1.2569059133529663, 1.2497152090072632, 1.2585334777832031, 1.2412798404693604, 1.292222499847412, 1.254791021347046, 1.2462165355682373, 1.2408578395843506, 1.4317188262939453, 1.2736667394638062, 1.2600094079971313, 1.3839056491851807, 1.2466223239898682, 1.3384230136871338, 1.3241102695465088], 'val_mae': [1.1818541288375854, 0.8745206594467163, 0.8948422074317932, 0.8781969547271729, 0.9122332334518433, 0.8670273423194885, 0.8704745173454285, 0.8993391394615173, 0.8718462586402893, 0.884634792804718, 0.9044616222381592, 0.9216621518135071, 0.9170899987220764, 0.8928893804550171, 0.8831021785736084, 0.9328972697257996, 0.8962648510932922, 0.938683271408081, 0.8649799823760986, 0.8881410360336304, 0.9491496682167053, 0.996066689491272, 0.9214464426040649, 0.8718769550323486, 0.8626980781555176, 0.9282392859458923, 0.8834096193313599, 0.8696460127830505, 0.8648526668548584, 0.8771904706954956, 0.9131928086280823, 0.8649603724479675, 0.8602139949798584, 0.8997614979743958, 0.9082674980163574, 0.8836286067962646, 0.878211259841919, 0.8849160671234131, 0.8692021369934082, 0.9067118763923645, 0.8820542097091675, 0.8751354813575745, 0.8634328842163086, 0.9847297072410583, 0.8953654170036316, 0.8860087394714355, 0.9605650305747986, 0.8753905892372131, 0.9350577592849731, 0.9266422986984253]}",1000,4.720730066299439,,1.3562605381011963,0.8404901027679443,"{'train': 1529, 'val': 327, 'test': 329}",c:\Users\ydreizin\OneDrive - NVIDIA Corporation\Documents\Technion\RateAhead\notebooks\artifacts\pretrained_finetune\checkpoints\finetune_head_only_budget1000_seed2.pt,low_budget,65000.0
59e903b7bd18,head_only,1.0,2000,0,179201,65,65,1.239108324050903,1940,"{'global_step': [20, 40, 60, 80, 100, 120, 140, 160, 180, 200, 220, 240, 260, 280, 300, 320, 340, 360, 380, 400, 420, 440, 460, 480, 500, 520, 540, 560, 580, 600, 620, 640, 660, 680, 700, 720, 740, 760, 780, 800, 820, 840, 860, 880, 900, 920, 940, 960, 980, 1000, 1020, 1040, 1060, 1080, 1100, 1120, 1140, 1160, 1180, 1200, 1220, 1240, 1260, 1280, 1300, 1320, 1340, 1360, 1380, 1400, 1420, 1440, 1460, 1480, 1500, 1520, 1540, 1560, 1580, 1600, 1620, 1640, 1660, 1680, 1700, 1720, 1740, 1760, 1780, 1800, 1820, 1840, 1860, 1880, 1900, 1920, 1940, 1960, 1980, 2000], 'val_mse': [2.1721179485321045, 1.2655833959579468, 1.3035119771957397, 1.280375361442566, 1.3648236989974976, 1.2686212062835693, 1.2699944972991943, 1.256722092628479, 1.2674710750579834, 1.243940830230713, 1.2943564653396606, 1.3118631839752197, 1.2513408660888672, 1.2446736097335815, 1.2595698833465576, 1.2479603290557861, 1.2686971426010132, 1.3129384517669678, 1.2920290231704712, 1.287811279296875, 1.288264274597168, 1.3486411571502686, 1.3665627241134644, 1.2412562370300293, 1.2481597661972046, 1.2462272644042969, 1.265347957611084, 1.2710262537002563, 1.2864857912063599, 1.240960955619812, 1.2686504125595093, 1.2465183734893799, 1.2435359954833984, 1.272932767868042, 1.2758855819702148, 1.3237985372543335, 1.4222211837768555, 1.3362538814544678, 1.2409135103225708, 1.3736701011657715, 1.2545360326766968, 1.2472528219223022, 1.2411059141159058, 1.2409319877624512, 1.2609530687332153, 1.2929604053497314, 1.2865718603134155, 1.2456154823303223, 1.2632466554641724, 1.289437174797058, 1.2988859415054321, 1.2581490278244019, 1.2562155723571777, 1.2953795194625854, 1.2993528842926025, 1.3601988554000854, 1.258264422416687, 1.2692151069641113, 1.2548413276672363, 1.2503691911697388, 1.2845689058303833, 1.242445707321167, 1.2631292343139648, 1.2576377391815186, 1.243618130683899, 1.2624465227127075, 1.2918806076049805, 1.2814797163009644, 1.2404091358184814, 1.2408878803253174, 1.2392094135284424, 1.2576066255569458, 1.29762864112854, 1.2487497329711914, 1.3506932258605957, 1.26347017288208, 1.338247537612915, 1.3102567195892334, 1.350741982460022, 1.3316235542297363, 1.267357349395752, 1.2936760187149048, 1.2744996547698975, 1.3230994939804077, 1.2491586208343506, 1.3850698471069336, 1.4152336120605469, 1.2874205112457275, 1.2393766641616821, 1.2583918571472168, 1.316360354423523, 1.35369074344635, 1.283840298652649, 1.2996861934661865, 1.398572564125061, 1.3033292293548584, 1.2391083240509033, 1.260507345199585, 1.2606499195098877, 1.279377818107605], 'val_mae': [1.2679040431976318, 0.8625878095626831, 0.9128795266151428, 0.8990926742553711, 0.9493548274040222, 0.8917589783668518, 0.8926378488540649, 0.8836380839347839, 0.891038179397583, 0.872190535068512, 0.9073832631111145, 0.9183613657951355, 0.8797001838684082, 0.8641352653503418, 0.8855174779891968, 0.8630768656730652, 0.891806423664093, 0.9191038012504578, 0.9060190916061401, 0.9035614728927612, 0.9038495421409607, 0.9403707981109619, 0.9506866931915283, 0.8663575649261475, 0.862337052822113, 0.874965488910675, 0.8896786570549011, 0.8611653447151184, 0.9028832912445068, 0.8667504787445068, 0.8919399380683899, 0.8619648218154907, 0.8627979159355164, 0.8947458863258362, 0.8965482115745544, 0.9260910153388977, 0.9798344969749451, 0.9334683418273926, 0.8651118278503418, 0.9548646211624146, 0.8815761208534241, 0.8612070083618164, 0.8640588521957397, 0.8675355315208435, 0.8593908548355103, 0.8637187480926514, 0.9031187295913696, 0.8740041255950928, 0.8881007432937622, 0.904994010925293, 0.9107983112335205, 0.8842897415161133, 0.8589249849319458, 0.9087285399436951, 0.9111782908439636, 0.947528600692749, 0.8843787908554077, 0.8923314809799194, 0.8816993832588196, 0.859143853187561, 0.861134946346283, 0.8705365061759949, 0.8880383968353271, 0.8838418126106262, 0.8719896078109741, 0.8875929117202759, 0.906747043132782, 0.9001879096031189, 0.8615232706069946, 0.8686239719390869, 0.8640456795692444, 0.8838903307914734, 0.9104622006416321, 0.8765479326248169, 0.9423788189888, 0.8882989287376404, 0.8710209727287292, 0.8644881248474121, 0.9424881935119629, 0.9314533472061157, 0.8910776376724243, 0.9080824255943298, 0.8958637714385986, 0.9265021085739136, 0.8767641186714172, 0.9614728093147278, 0.9770405292510986, 0.9041022062301636, 0.8654466271400452, 0.8842113614082336, 0.9224033951759338, 0.9440812468528748, 0.901763916015625, 0.9118248224258423, 0.9685657024383545, 0.9142588376998901, 0.8641015887260437, 0.8856446743011475, 0.8857588171958923, 0.8988462686538696]}",2000,7.969492435455322,,1.361271619796753,0.844352662563324,"{'train': 1529, 'val': 327, 'test': 329}",c:\Users\ydreizin\OneDrive - NVIDIA Corporation\Documents\Technion\RateAhead\notebooks\artifacts\pretrained_finetune\checkpoints\finetune_head_only_budget2000_seed0.pt,low_budget,130000.0
da4b8e856d6d,head_only,1.0,2000,1,179201,65,65,1.239298701286316,1800,"{'global_step': [20, 40, 60, 80, 100, 120, 140, 160, 180, 200, 220, 240, 260, 280, 300, 320, 340, 360, 380, 400, 420, 440, 460, 480, 500, 520, 540, 560, 580, 600, 620, 640, 660, 680, 700, 720, 740, 760, 780, 800, 820, 840, 860, 880, 900, 920, 940, 960, 980, 1000, 1020, 1040, 1060, 1080, 1100, 1120, 1140, 1160, 1180, 1200, 1220, 1240, 1260, 1280, 1300, 1320, 1340, 1360, 1380, 1400, 1420, 1440, 1460, 1480, 1500, 1520, 1540, 1560, 1580, 1600, 1620, 1640, 1660, 1680, 1700, 1720, 1740, 1760, 1780, 1800, 1820, 1840, 1860, 1880, 1900, 1920, 1940, 1960, 1980, 2000], 'val_mse': [2.0505502223968506, 1.2569801807403564, 1.322229266166687, 1.311758279800415, 1.243455410003662, 1.2636017799377441, 1.2874292135238647, 1.2993991374969482, 1.242224097251892, 1.258487582206726, 1.2482813596725464, 1.281775951385498, 1.2916386127471924, 1.261114478111267, 1.2572373151779175, 1.2458446025848389, 1.358085036277771, 1.277346134185791, 1.2629212141036987, 1.264968752861023, 1.2516332864761353, 1.2812906503677368, 1.2575584650039673, 1.300655484199524, 1.245884895324707, 1.2442911863327026, 1.2505756616592407, 1.2505253553390503, 1.296687126159668, 1.3599727153778076, 1.362544298171997, 1.311697244644165, 1.2504935264587402, 1.3393548727035522, 1.2533591985702515, 1.2449631690979004, 1.3820257186889648, 1.2412598133087158, 1.2419651746749878, 1.2588680982589722, 1.3490344285964966, 1.3802627325057983, 1.3396148681640625, 1.2448687553405762, 1.2442152500152588, 1.2770113945007324, 1.24465811252594, 1.2406059503555298, 1.2774935960769653, 1.4664524793624878, 1.3298770189285278, 1.2741286754608154, 1.388459324836731, 1.241301417350769, 1.2751960754394531, 1.322048544883728, 1.2557305097579956, 1.2408771514892578, 1.239810824394226, 1.3412922620773315, 1.3039039373397827, 1.2429633140563965, 1.27069890499115, 1.2394310235977173, 1.3063197135925293, 1.2424726486206055, 1.3133882284164429, 1.3413289785385132, 1.3278982639312744, 1.246620535850525, 1.2773034572601318, 1.2498959302902222, 1.2777389287948608, 1.3126276731491089, 1.2641433477401733, 1.2410430908203125, 1.31145441532135, 1.3299535512924194, 1.2453694343566895, 1.239380955696106, 1.2414484024047852, 1.2518374919891357, 1.2497228384017944, 1.260014295578003, 1.2461116313934326, 1.2421009540557861, 1.2773329019546509, 1.309204339981079, 1.2770103216171265, 1.239298701286316, 1.2470312118530273, 1.240997552871704, 1.251686692237854, 1.2501602172851562, 1.2862428426742554, 1.3237190246582031, 1.247133731842041, 1.3015462160110474, 1.253641963005066, 1.2848217487335205], 'val_mae': [1.2264779806137085, 0.8628028631210327, 0.9246119856834412, 0.9181371927261353, 0.8713720440864563, 0.8884155750274658, 0.9032361507415771, 0.9104188680648804, 0.8690387010574341, 0.8848674297332764, 0.877119243144989, 0.9000019431114197, 0.9057772755622864, 0.8866941928863525, 0.8839156031608582, 0.8745030164718628, 0.9456364512443542, 0.8973515629768372, 0.8879715800285339, 0.8893820643424988, 0.8798160552978516, 0.8997308015823364, 0.8840646743774414, 0.9114978313446045, 0.8627673983573914, 0.87270587682724, 0.8788754343986511, 0.87880939245224, 0.8658292293548584, 0.946977436542511, 0.9484850168228149, 0.9185783267021179, 0.8786718249320984, 0.9352101683616638, 0.8808014392852783, 0.8622439503669739, 0.8853726387023926, 0.8644006848335266, 0.8695056438446045, 0.859866738319397, 0.9409806728363037, 0.9585524797439575, 0.9356268644332886, 0.8614014983177185, 0.8616365790367126, 0.8972740173339844, 0.873257040977478, 0.8675418496131897, 0.8975910544395447, 1.0017482042312622, 0.930053174495697, 0.8955800533294678, 0.9629969000816345, 0.869174599647522, 0.8961904048919678, 0.9254357814788818, 0.882534921169281, 0.8621275424957275, 0.8652693033218384, 0.9367777705192566, 0.9142541885375977, 0.8713775277137756, 0.893347978591919, 0.8647589087486267, 0.9158893823623657, 0.870789110660553, 0.9203687906265259, 0.936908483505249, 0.9290969371795654, 0.8588565587997437, 0.8975356817245483, 0.8581095933914185, 0.897824227809906, 0.9198804497718811, 0.8886669278144836, 0.860849916934967, 0.9191447496414185, 0.9303163290023804, 0.8733205795288086, 0.8639313578605652, 0.8599675297737122, 0.8570467829704285, 0.8770519495010376, 0.8855224251747131, 0.8738099336624146, 0.8695662617683411, 0.8975415825843811, 0.9178987741470337, 0.8973248600959778, 0.8631224036216736, 0.8572161793708801, 0.8677278757095337, 0.878371000289917, 0.8563945293426514, 0.9032439589500427, 0.9267726540565491, 0.8743579983711243, 0.9129700064659119, 0.8799091577529907, 0.9022797346115112]}",2000,7.750723361968994,,1.3597759008407593,0.8420001268386841,"{'train': 1529, 'val': 327, 'test': 329}",c:\Users\ydreizin\OneDrive - NVIDIA Corporation\Documents\Technion\RateAhead\notebooks\artifacts\pretrained_finetune\checkpoints\finetune_head_only_budget2000_seed1.pt,low_budget,130000.0
53325a8c7ad0,head_only,1.0,2000,2,179201,65,65,1.2394866943359375,1660,"{'global_step': [20, 40, 60, 80, 100, 120, 140, 160, 180, 200, 220, 240, 260, 280, 300, 320, 340, 360, 380, 400, 420, 440, 460, 480, 500, 520, 540, 560, 580, 600, 620, 640, 660, 680, 700, 720, 740, 760, 780, 800, 820, 840, 860, 880, 900, 920, 940, 960, 980, 1000, 1020, 1040, 1060, 1080, 1100, 1120, 1140, 1160, 1180, 1200, 1220, 1240, 1260, 1280, 1300, 1320, 1340, 1360, 1380, 1400, 1420, 1440, 1460, 1480, 1500, 1520, 1540, 1560, 1580, 1600, 1620, 1640, 1660, 1680, 1700, 1720, 1740, 1760, 1780, 1800, 1820, 1840, 1860, 1880, 1900, 1920, 1940, 1960, 1980, 2000], 'val_mse': [1.9244989156723022, 1.2458821535110474, 1.2735384702682495, 1.2496461868286133, 1.3025283813476562, 1.2422900199890137, 1.2429847717285156, 1.2807830572128296, 1.243728518486023, 1.2581698894500732, 1.2894476652145386, 1.3171865940093994, 1.309818983078003, 1.2703248262405396, 1.2560492753982544, 1.3359525203704834, 1.2756283283233643, 1.345802903175354, 1.2424687147140503, 1.2630655765533447, 1.3638883829116821, 1.456079125404358, 1.3163524866104126, 1.2432711124420166, 1.245395541191101, 1.327486515045166, 1.2565211057662964, 1.241723656654358, 1.2412142753601074, 1.2483588457107544, 1.302962064743042, 1.2407902479171753, 1.2617332935333252, 1.2810640335083008, 1.2949702739715576, 1.2569059133529663, 1.2497152090072632, 1.2585334777832031, 1.2412798404693604, 1.292222499847412, 1.254791021347046, 1.2462165355682373, 1.2408578395843506, 1.4317188262939453, 1.2736667394638062, 1.2600094079971313, 1.3839056491851807, 1.2466223239898682, 1.3384230136871338, 1.3241102695465088, 1.3577940464019775, 1.3182308673858643, 1.3633418083190918, 1.2682079076766968, 1.2834140062332153, 1.2850799560546875, 1.3303475379943848, 1.309994101524353, 1.3104310035705566, 1.3988620042800903, 1.2607513666152954, 1.2768298387527466, 1.2643086910247803, 1.3206342458724976, 1.274906873703003, 1.3016700744628906, 1.3189772367477417, 1.2404710054397583, 1.2577743530273438, 1.3037841320037842, 1.2421021461486816, 1.289037823677063, 1.3990380764007568, 1.3207390308380127, 1.2882276773452759, 1.2815563678741455, 1.2908930778503418, 1.2584106922149658, 1.3690308332443237, 1.3599439859390259, 1.2689296007156372, 1.246419072151184, 1.2394866943359375, 1.2429193258285522, 1.2857410907745361, 1.2857578992843628, 1.2734819650650024, 1.256321668624878, 1.256881594657898, 1.304620385169983, 1.2948083877563477, 1.2997233867645264, 1.4255897998809814, 1.3518223762512207, 1.345304012298584, 1.2524404525756836, 1.3551223278045654, 1.2649770975112915, 1.2433042526245117, 1.2556425333023071], 'val_mae': [1.1818541288375854, 0.8745206594467163, 0.8948422074317932, 0.8781969547271729, 0.9122332334518433, 0.8670273423194885, 0.8704745173454285, 0.8993391394615173, 0.8718462586402893, 0.884634792804718, 0.9044616222381592, 0.9216621518135071, 0.9170899987220764, 0.8928893804550171, 0.8831021785736084, 0.9328972697257996, 0.8962648510932922, 0.938683271408081, 0.8649799823760986, 0.8881410360336304, 0.9491496682167053, 0.996066689491272, 0.9214464426040649, 0.8718769550323486, 0.8626980781555176, 0.9282392859458923, 0.8834096193313599, 0.8696460127830505, 0.8648526668548584, 0.8771904706954956, 0.9131928086280823, 0.8649603724479675, 0.8602139949798584, 0.8997614979743958, 0.9082674980163574, 0.8836286067962646, 0.878211259841919, 0.8849160671234131, 0.8692021369934082, 0.9067118763923645, 0.8820542097091675, 0.8751354813575745, 0.8634328842163086, 0.9847297072410583, 0.8953654170036316, 0.8860087394714355, 0.9605650305747986, 0.8753905892372131, 0.9350577592849731, 0.9266422986984253, 0.946187436580658, 0.9230726361274719, 0.9492968916893005, 0.8916770815849304, 0.9012535214424133, 0.9022656083106995, 0.9302811622619629, 0.9179781079292297, 0.9182605743408203, 0.9683312177658081, 0.8860615491867065, 0.8970422744750977, 0.8887652158737183, 0.9245742559432983, 0.8957948684692383, 0.9126423597335815, 0.9235694408416748, 0.8637468814849854, 0.8836638331413269, 0.9141418933868408, 0.8698497414588928, 0.904970109462738, 0.9685915112495422, 0.9248480200767517, 0.9044954776763916, 0.900229811668396, 0.8609840273857117, 0.8842572569847107, 0.952545702457428, 0.9475210309028625, 0.892017126083374, 0.8741769790649414, 0.8640969395637512, 0.8706145882606506, 0.9029273986816406, 0.9029163122177124, 0.8949679136276245, 0.8823933005332947, 0.8828997611999512, 0.9149823188781738, 0.9087016582489014, 0.9118187427520752, 0.9821251034736633, 0.9429918527603149, 0.939230740070343, 0.8789765238761902, 0.9448435306549072, 0.8890320062637329, 0.8706408143043518, 0.8815827369689941]}",2000,7.463546752929687,,1.3599474430084229,0.8432304859161377,"{'train': 1529, 'val': 327, 'test': 329}",c:\Users\ydreizin\OneDrive - NVIDIA Corporation\Documents\Technion\RateAhead\notebooks\artifacts\pretrained_finetune\checkpoints\finetune_head_only_budget2000_seed2.pt,low_budget,130000.0
f45fdf0b846b,head_only,1.0,5000,0,179201,65,65,1.239108324050903,1940,"{'global_step': [20, 40, 60, 80, 100, 120, 140, 160, 180, 200, 220, 240, 260, 280, 300, 320, 340, 360, 380, 400, 420, 440, 460, 480, 500, 520, 540, 560, 580, 600, 620, 640, 660, 680, 700, 720, 740, 760, 780, 800, 820, 840, 860, 880, 900, 920, 940, 960, 980, 1000, 1020, 1040, 1060, 1080, 1100, 1120, 1140, 1160, 1180, 1200, 1220, 1240, 1260, 1280, 1300, 1320, 1340, 1360, 1380, 1400, 1420, 1440, 1460, 1480, 1500, 1520, 1540, 1560, 1580, 1600, 1620, 1640, 1660, 1680, 1700, 1720, 1740, 1760, 1780, 1800, 1820, 1840, 1860, 1880, 1900, 1920, 1940, 1960, 1980, 2000, 2020, 2040, 2060, 2080, 2100, 2120, 2140, 2160, 2180, 2200, 2220, 2240, 2260, 2280, 2300, 2320, 2340, 2360, 2380, 2400, 2420, 2440, 2460, 2480, 2500, 2520, 2540, 2560, 2580, 2600, 2620, 2640, 2660, 2680, 2700, 2720, 2740, 2760, 2780, 2800, 2820, 2840, 2860, 2880, 2900, 2920, 2940, 2960, 2980, 3000, 3020, 3040, 3060, 3080, 3100, 3120, 3140, 3160, 3180, 3200, 3220, 3240, 3260, 3280, 3300, 3320, 3340, 3360, 3380, 3400, 3420, 3440, 3460, 3480, 3500, 3520, 3540, 3560, 3580, 3600, 3620, 3640, 3660, 3680, 3700, 3720, 3740, 3760, 3780, 3800, 3820, 3840, 3860, 3880, 3900, 3920, 3940, 3960, 3980, 4000, 4020, 4040, 4060, 4080, 4100, 4120, 4140, 4160, 4180, 4200, 4220, 4240, 4260, 4280, 4300, 4320, 4340, 4360, 4380, 4400, 4420, 4440, 4460, 4480, 4500, 4520, 4540, 4560, 4580, 4600, 4620, 4640, 4660, 4680, 4700, 4720, 4740, 4760, 4780, 4800, 4820, 4840, 4860, 4880, 4900, 4920, 4940, 4960, 4980, 5000], 'val_mse': [2.1721179485321045, 1.2655833959579468, 1.3035119771957397, 1.280375361442566, 1.3648236989974976, 1.2686212062835693, 1.2699944972991943, 1.256722092628479, 1.2674710750579834, 1.243940830230713, 1.2943564653396606, 1.3118631839752197, 1.2513408660888672, 1.2446736097335815, 1.2595698833465576, 1.2479603290557861, 1.2686971426010132, 1.3129384517669678, 1.2920290231704712, 1.287811279296875, 1.288264274597168, 1.3486411571502686, 1.3665627241134644, 1.2412562370300293, 1.2481597661972046, 1.2462272644042969, 1.265347957611084, 1.2710262537002563, 1.2864857912063599, 1.240960955619812, 1.2686504125595093, 1.2465183734893799, 1.2435359954833984, 1.272932767868042, 1.2758855819702148, 1.3237985372543335, 1.4222211837768555, 1.3362538814544678, 1.2409135103225708, 1.3736701011657715, 1.2545360326766968, 1.2472528219223022, 1.2411059141159058, 1.2409319877624512, 1.2609530687332153, 1.2929604053497314, 1.2865718603134155, 1.2456154823303223, 1.2632466554641724, 1.289437174797058, 1.2988859415054321, 1.2581490278244019, 1.2562155723571777, 1.2953795194625854, 1.2993528842926025, 1.3601988554000854, 1.258264422416687, 1.2692151069641113, 1.2548413276672363, 1.2503691911697388, 1.2845689058303833, 1.242445707321167, 1.2631292343139648, 1.2576377391815186, 1.243618130683899, 1.2624465227127075, 1.2918806076049805, 1.2814797163009644, 1.2404091358184814, 1.2408878803253174, 1.2392094135284424, 1.2576066255569458, 1.29762864112854, 1.2487497329711914, 1.3506932258605957, 1.26347017288208, 1.338247537612915, 1.3102567195892334, 1.350741982460022, 1.3316235542297363, 1.267357349395752, 1.2936760187149048, 1.2744996547698975, 1.3230994939804077, 1.2491586208343506, 1.3850698471069336, 1.4152336120605469, 1.2874205112457275, 1.2393766641616821, 1.2583918571472168, 1.316360354423523, 1.35369074344635, 1.283840298652649, 1.2996861934661865, 1.398572564125061, 1.3033292293548584, 1.2391083240509033, 1.260507345199585, 1.2606499195098877, 1.279377818107605, 1.2608418464660645, 1.2405623197555542, 1.331352710723877, 1.3093308210372925, 1.2391197681427002, 1.240752935409546, 1.2410722970962524, 1.2558773756027222, 1.3075079917907715, 1.252549171447754, 1.2745370864868164, 1.3042536973953247, 1.2588273286819458, 1.2556730508804321, 1.2487709522247314, 1.3356270790100098, 1.2876864671707153, 1.2404190301895142, 1.2459206581115723, 1.3266570568084717, 1.4348480701446533, 1.458646297454834, 1.2735135555267334, 1.2403004169464111, 1.2403721809387207, 1.239823818206787, 1.270249843597412, 1.2437119483947754, 1.2517741918563843, 1.244718313217163, 1.249244213104248, 1.2611761093139648, 1.2538665533065796, 1.240805745124817, 1.2519804239273071, 1.241010069847107, 1.4288311004638672, 1.24504816532135, 1.2700541019439697, 1.2515950202941895, 1.2742791175842285, 1.2457314729690552, 1.298215389251709, 1.313833475112915, 1.2950562238693237, 1.3088324069976807, 1.3869858980178833, 1.4266505241394043, 1.2581437826156616, 1.2636559009552002, 1.2420601844787598, 1.2400444746017456, 1.2467790842056274, 1.2402682304382324, 1.2408403158187866, 1.2475380897521973, 1.3114707469940186, 1.3253953456878662, 1.2799104452133179, 1.2981899976730347, 1.2852709293365479, 1.2787511348724365, 1.2812769412994385, 1.3140050172805786, 1.273505687713623, 1.2406361103057861, 1.2688853740692139, 1.2899125814437866, 1.4341195821762085, 1.2450542449951172, 1.2433465719223022, 1.2670761346817017, 1.2423127889633179, 1.2478291988372803, 1.2529323101043701, 1.2714157104492188, 1.2572686672210693, 1.284907341003418, 1.324074149131775, 1.2920689582824707, 1.2564868927001953, 1.2690001726150513, 1.3109537363052368, 1.2991634607315063, 1.272628664970398, 1.2421232461929321, 1.2553694248199463, 1.3217289447784424, 1.3583393096923828, 1.2572777271270752, 1.3046624660491943, 1.288791537284851, 1.257689118385315, 1.2637085914611816, 1.2529828548431396, 1.243691325187683, 1.265457034111023, 1.2916932106018066, 1.324218988418579, 1.3078025579452515, 1.2576907873153687, 1.2466744184494019, 1.2512733936309814, 1.2450274229049683, 1.4398783445358276, 1.449889063835144, 1.4711812734603882, 1.4840567111968994, 1.3225531578063965, 1.2450451850891113, 1.2778180837631226, 1.2543598413467407, 1.2455893754959106, 1.2752333879470825, 1.2521905899047852, 1.269461989402771, 1.2473329305648804, 1.2734602689743042, 1.3707512617111206, 1.3518227338790894, 1.2579150199890137, 1.251399278640747, 1.2872635126113892, 1.3253177404403687, 1.2984267473220825, 1.2955970764160156, 1.255157470703125, 1.2992703914642334, 1.2635759115219116, 1.2779157161712646, 1.3229259252548218, 1.2951555252075195, 1.3528151512145996, 1.3104404211044312, 1.262853741645813, 1.2733349800109863, 1.249621868133545, 1.2684998512268066, 1.2478249073028564, 1.2502880096435547, 1.2488981485366821, 1.2475587129592896, 1.2484697103500366, 1.3148088455200195, 1.420385479927063, 1.25093674659729, 1.2583467960357666, 1.2482815980911255, 1.251886248588562, 1.3263392448425293], 'val_mae': [1.2679040431976318, 0.8625878095626831, 0.9128795266151428, 0.8990926742553711, 0.9493548274040222, 0.8917589783668518, 0.8926378488540649, 0.8836380839347839, 0.891038179397583, 0.872190535068512, 0.9073832631111145, 0.9183613657951355, 0.8797001838684082, 0.8641352653503418, 0.8855174779891968, 0.8630768656730652, 0.891806423664093, 0.9191038012504578, 0.9060190916061401, 0.9035614728927612, 0.9038495421409607, 0.9403707981109619, 0.9506866931915283, 0.8663575649261475, 0.862337052822113, 0.874965488910675, 0.8896786570549011, 0.8611653447151184, 0.9028832912445068, 0.8667504787445068, 0.8919399380683899, 0.8619648218154907, 0.8627979159355164, 0.8947458863258362, 0.8965482115745544, 0.9260910153388977, 0.9798344969749451, 0.9334683418273926, 0.8651118278503418, 0.9548646211624146, 0.8815761208534241, 0.8612070083618164, 0.8640588521957397, 0.8675355315208435, 0.8593908548355103, 0.8637187480926514, 0.9031187295913696, 0.8740041255950928, 0.8881007432937622, 0.904994010925293, 0.9107983112335205, 0.8842897415161133, 0.8589249849319458, 0.9087285399436951, 0.9111782908439636, 0.947528600692749, 0.8843787908554077, 0.8923314809799194, 0.8816993832588196, 0.859143853187561, 0.861134946346283, 0.8705365061759949, 0.8880383968353271, 0.8838418126106262, 0.8719896078109741, 0.8875929117202759, 0.906747043132782, 0.9001879096031189, 0.8615232706069946, 0.8686239719390869, 0.8640456795692444, 0.8838903307914734, 0.9104622006416321, 0.8765479326248169, 0.9423788189888, 0.8882989287376404, 0.8710209727287292, 0.8644881248474121, 0.9424881935119629, 0.9314533472061157, 0.8910776376724243, 0.9080824255943298, 0.8958637714385986, 0.9265021085739136, 0.8767641186714172, 0.9614728093147278, 0.9770405292510986, 0.9041022062301636, 0.8654466271400452, 0.8842113614082336, 0.9224033951759338, 0.9440812468528748, 0.901763916015625, 0.9118248224258423, 0.9685657024383545, 0.9142588376998901, 0.8641015887260437, 0.8856446743011475, 0.8857588171958923, 0.8988462686538696, 0.8858914971351624, 0.8671353459358215, 0.9313730597496033, 0.9181185364723206, 0.8630787134170532, 0.8669483065605164, 0.8674352765083313, 0.8816988468170166, 0.9169300198554993, 0.8787205219268799, 0.8954499363899231, 0.9147133827209473, 0.883821427822113, 0.8811694979667664, 0.8751237392425537, 0.9336920380592346, 0.9039092063903809, 0.8597212433815002, 0.8723210096359253, 0.9284666180610657, 0.9868285655975342, 0.9987637400627136, 0.8945244550704956, 0.8593576550483704, 0.8591750860214233, 0.8635184168815613, 0.8921176791191101, 0.8696271181106567, 0.8774617314338684, 0.8704816102981567, 0.8749653100967407, 0.853472888469696, 0.8791528940200806, 0.85870361328125, 0.8774585127830505, 0.8583078980445862, 0.8872901797294617, 0.8706811666488647, 0.8917043805122375, 0.8770257234573364, 0.8946436047554016, 0.8711585402488708, 0.9105311632156372, 0.9205135703086853, 0.9084610939025879, 0.9173312187194824, 0.9618824124336243, 0.9826788306236267, 0.8823621869087219, 0.8865618705749512, 0.866271436214447, 0.8611748814582825, 0.8717847466468811, 0.8624399900436401, 0.8582152128219604, 0.8541311025619507, 0.9188273549079895, 0.9273630380630493, 0.8980140686035156, 0.9102668166160583, 0.9016758799552917, 0.8971706032752991, 0.898861289024353, 0.9202477931976318, 0.893256425857544, 0.8600249886512756, 0.8897975087165833, 0.9046114087104797, 0.9865363240242004, 0.8685890436172485, 0.8661261200904846, 0.8881517648696899, 0.8641343712806702, 0.8541472554206848, 0.8765764832496643, 0.8910537362098694, 0.8802597522735596, 0.9007030129432678, 0.9259689450263977, 0.9056302309036255, 0.8515808582305908, 0.8891749978065491, 0.9177249670028687, 0.9101728796958923, 0.89162677526474, 0.8600257635116577, 0.878036618232727, 0.924133837223053, 0.945315957069397, 0.8792092800140381, 0.913180410861969, 0.9026730060577393, 0.8516667485237122, 0.8512178659439087, 0.8749119639396667, 0.8608446717262268, 0.8854332566261292, 0.9044561982154846, 0.9252626299858093, 0.9149507880210876, 0.8515117168426514, 0.8552442193031311, 0.8726657032966614, 0.8569733500480652, 0.9890801310539246, 0.9942557215690613, 1.0049052238464355, 1.0111812353134155, 0.9237474203109741, 0.8610171675682068, 0.8937751054763794, 0.8528081178665161, 0.8582530617713928, 0.8916588425636292, 0.8723719716072083, 0.8873869776725769, 0.8657124638557434, 0.8902924656867981, 0.951461911201477, 0.9409008026123047, 0.8780465126037598, 0.8711335062980652, 0.9002391695976257, 0.9250510931015015, 0.9077354669570923, 0.9057489037513733, 0.8746009469032288, 0.9080392718315125, 0.8820618987083435, 0.8929187655448914, 0.9232096672058105, 0.9051539897918701, 0.9410786032676697, 0.9149686694145203, 0.8810566663742065, 0.8890834450721741, 0.8662909269332886, 0.8852776885032654, 0.8572704792022705, 0.8667452335357666, 0.8560680747032166, 0.8592382669448853, 0.8626311421394348, 0.9172217845916748, 0.9777781367301941, 0.8671965599060059, 0.8759923577308655, 0.858339250087738, 0.8543813228607178, 0.9244848489761353]}",5000,18.14666438102722,,1.361271619796753,0.844352662563324,"{'train': 1529, 'val': 327, 'test': 329}",c:\Users\ydreizin\OneDrive - NVIDIA Corporation\Documents\Technion\RateAhead\notebooks\artifacts\pretrained_finetune\checkpoints\finetune_head_only_budget5000_seed0.pt,low_budget,325000.0
0aabc194b85c,head_only,1.0,5000,1,179201,65,65,1.239298701286316,1800,"{'global_step': [20, 40, 60, 80, 100, 120, 140, 160, 180, 200, 220, 240, 260, 280, 300, 320, 340, 360, 380, 400, 420, 440, 460, 480, 500, 520, 540, 560, 580, 600, 620, 640, 660, 680, 700, 720, 740, 760, 780, 800, 820, 840, 860, 880, 900, 920, 940, 960, 980, 1000, 1020, 1040, 1060, 1080, 1100, 1120, 1140, 1160, 1180, 1200, 1220, 1240, 1260, 1280, 1300, 1320, 1340, 1360, 1380, 1400, 1420, 1440, 1460, 1480, 1500, 1520, 1540, 1560, 1580, 1600, 1620, 1640, 1660, 1680, 1700, 1720, 1740, 1760, 1780, 1800, 1820, 1840, 1860, 1880, 1900, 1920, 1940, 1960, 1980, 2000, 2020, 2040, 2060, 2080, 2100, 2120, 2140, 2160, 2180, 2200, 2220, 2240, 2260, 2280, 2300, 2320, 2340, 2360, 2380, 2400, 2420, 2440, 2460, 2480, 2500, 2520, 2540, 2560, 2580, 2600, 2620, 2640, 2660, 2680, 2700, 2720, 2740, 2760, 2780, 2800, 2820, 2840, 2860, 2880, 2900, 2920, 2940, 2960, 2980, 3000, 3020, 3040, 3060, 3080, 3100, 3120, 3140, 3160, 3180, 3200, 3220, 3240, 3260, 3280, 3300, 3320, 3340, 3360, 3380, 3400, 3420, 3440, 3460, 3480, 3500, 3520, 3540, 3560, 3580, 3600, 3620, 3640, 3660, 3680, 3700, 3720, 3740, 3760, 3780, 3800, 3820, 3840, 3860, 3880, 3900, 3920, 3940, 3960, 3980, 4000, 4020, 4040, 4060, 4080, 4100, 4120, 4140, 4160, 4180, 4200, 4220, 4240, 4260, 4280, 4300, 4320, 4340, 4360, 4380, 4400, 4420, 4440, 4460, 4480, 4500, 4520, 4540, 4560, 4580, 4600, 4620, 4640, 4660, 4680, 4700, 4720, 4740, 4760, 4780, 4800, 4820, 4840, 4860, 4880, 4900, 4920, 4940, 4960, 4980, 5000], 'val_mse': [2.0505502223968506, 1.2569801807403564, 1.322229266166687, 1.311758279800415, 1.243455410003662, 1.2636017799377441, 1.2874292135238647, 1.2993991374969482, 1.242224097251892, 1.258487582206726, 1.2482813596725464, 1.281775951385498, 1.2916386127471924, 1.261114478111267, 1.2572373151779175, 1.2458446025848389, 1.358085036277771, 1.277346134185791, 1.2629212141036987, 1.264968752861023, 1.2516332864761353, 1.2812906503677368, 1.2575584650039673, 1.300655484199524, 1.245884895324707, 1.2442911863327026, 1.2505756616592407, 1.2505253553390503, 1.296687126159668, 1.3599727153778076, 1.362544298171997, 1.311697244644165, 1.2504935264587402, 1.3393548727035522, 1.2533591985702515, 1.2449631690979004, 1.3820257186889648, 1.2412598133087158, 1.2419651746749878, 1.2588680982589722, 1.3490344285964966, 1.3802627325057983, 1.3396148681640625, 1.2448687553405762, 1.2442152500152588, 1.2770113945007324, 1.24465811252594, 1.2406059503555298, 1.2774935960769653, 1.4664524793624878, 1.3298770189285278, 1.2741286754608154, 1.388459324836731, 1.241301417350769, 1.2751960754394531, 1.322048544883728, 1.2557305097579956, 1.2408771514892578, 1.239810824394226, 1.3412922620773315, 1.3039039373397827, 1.2429633140563965, 1.27069890499115, 1.2394310235977173, 1.3063197135925293, 1.2424726486206055, 1.3133882284164429, 1.3413289785385132, 1.3278982639312744, 1.246620535850525, 1.2773034572601318, 1.2498959302902222, 1.2777389287948608, 1.3126276731491089, 1.2641433477401733, 1.2410430908203125, 1.31145441532135, 1.3299535512924194, 1.2453694343566895, 1.239380955696106, 1.2414484024047852, 1.2518374919891357, 1.2497228384017944, 1.260014295578003, 1.2461116313934326, 1.2421009540557861, 1.2773329019546509, 1.309204339981079, 1.2770103216171265, 1.239298701286316, 1.2470312118530273, 1.240997552871704, 1.251686692237854, 1.2501602172851562, 1.2862428426742554, 1.3237190246582031, 1.247133731842041, 1.3015462160110474, 1.253641963005066, 1.2848217487335205, 1.2535700798034668, 1.654958724975586, 1.2983349561691284, 1.2508465051651, 1.2403488159179688, 1.2430437803268433, 1.2458497285842896, 1.2459490299224854, 1.2401140928268433, 1.2396178245544434, 1.2412347793579102, 1.2605441808700562, 1.240326166152954, 1.2645260095596313, 1.2449951171875, 1.2400884628295898, 1.2722986936569214, 1.2450993061065674, 1.2410073280334473, 1.2611358165740967, 1.2420295476913452, 1.248724102973938, 1.2860461473464966, 1.2424434423446655, 1.3691290616989136, 1.3453513383865356, 1.25156831741333, 1.2396633625030518, 1.2646633386611938, 1.290246605873108, 1.3187247514724731, 1.277458906173706, 1.2792766094207764, 1.2710483074188232, 1.2771750688552856, 1.2943947315216064, 1.4230366945266724, 1.2567532062530518, 1.239951729774475, 1.2869583368301392, 1.320974588394165, 1.3993566036224365, 1.299421787261963, 1.2401515245437622, 1.3260105848312378, 1.2398124933242798, 1.3116118907928467, 1.333633303642273, 1.3018028736114502, 1.241263747215271, 1.3681319952011108, 1.2570828199386597, 1.2429975271224976, 1.2484674453735352, 1.3057081699371338, 1.3754366636276245, 1.3199615478515625, 1.317075252532959, 1.241590142250061, 1.2509474754333496, 1.3760247230529785, 1.2488818168640137, 1.2914677858352661, 1.3075594902038574, 1.2451921701431274, 1.3123828172683716, 1.3103206157684326, 1.2640305757522583, 1.2523634433746338, 1.279545545578003, 1.4711239337921143, 1.3234723806381226, 1.2638481855392456, 1.2514554262161255, 1.3266186714172363, 1.2572919130325317, 1.2821677923202515, 1.2806777954101562, 1.243940830230713, 1.262864589691162, 1.2420729398727417, 1.2545573711395264, 1.2463252544403076, 1.3838672637939453, 1.4143803119659424, 1.32631254196167, 1.2928376197814941, 1.2600255012512207, 1.2468459606170654, 1.3080722093582153, 1.2552083730697632, 1.2452125549316406, 1.243101954460144, 1.2895668745040894, 1.2577725648880005, 1.258172631263733, 1.243179440498352, 1.2430225610733032, 1.2463228702545166, 1.2441351413726807, 1.2572500705718994, 1.2453409433364868, 1.2468745708465576, 1.2438563108444214, 1.266987919807434, 1.27394700050354, 1.262966513633728, 1.3397330045700073, 1.429021954536438, 1.3194612264633179, 1.2653292417526245, 1.2548339366912842, 1.2491519451141357, 1.3297452926635742, 1.2796965837478638, 1.2873347997665405, 1.2445937395095825, 1.259084701538086, 1.2510535717010498, 1.261506199836731, 1.245402216911316, 1.2455335855484009, 1.2694144248962402, 1.3037663698196411, 1.2874388694763184, 1.2921947240829468, 1.2584999799728394, 1.2878704071044922, 1.2653303146362305, 1.3271946907043457, 1.2488906383514404, 1.4001209735870361, 1.3059204816818237, 1.2468653917312622, 1.2471156120300293, 1.251588225364685, 1.2466806173324585, 1.2693411111831665, 1.3042383193969727, 1.2581932544708252, 1.2630850076675415, 1.3058581352233887, 1.318666934967041, 1.2642629146575928, 1.260384440422058, 1.2506818771362305, 1.2488981485366821, 1.2500900030136108, 1.2492400407791138, 1.2487010955810547], 'val_mae': [1.2264779806137085, 0.8628028631210327, 0.9246119856834412, 0.9181371927261353, 0.8713720440864563, 0.8884155750274658, 0.9032361507415771, 0.9104188680648804, 0.8690387010574341, 0.8848674297332764, 0.877119243144989, 0.9000019431114197, 0.9057772755622864, 0.8866941928863525, 0.8839156031608582, 0.8745030164718628, 0.9456364512443542, 0.8973515629768372, 0.8879715800285339, 0.8893820643424988, 0.8798160552978516, 0.8997308015823364, 0.8840646743774414, 0.9114978313446045, 0.8627673983573914, 0.87270587682724, 0.8788754343986511, 0.87880939245224, 0.8658292293548584, 0.946977436542511, 0.9484850168228149, 0.9185783267021179, 0.8786718249320984, 0.9352101683616638, 0.8808014392852783, 0.8622439503669739, 0.8853726387023926, 0.8644006848335266, 0.8695056438446045, 0.859866738319397, 0.9409806728363037, 0.9585524797439575, 0.9356268644332886, 0.8614014983177185, 0.8616365790367126, 0.8972740173339844, 0.873257040977478, 0.8675418496131897, 0.8975910544395447, 1.0017482042312622, 0.930053174495697, 0.8955800533294678, 0.9629969000816345, 0.869174599647522, 0.8961904048919678, 0.9254357814788818, 0.882534921169281, 0.8621275424957275, 0.8652693033218384, 0.9367777705192566, 0.9142541885375977, 0.8713775277137756, 0.893347978591919, 0.8647589087486267, 0.9158893823623657, 0.870789110660553, 0.9203687906265259, 0.936908483505249, 0.9290969371795654, 0.8588565587997437, 0.8975356817245483, 0.8581095933914185, 0.897824227809906, 0.9198804497718811, 0.8886669278144836, 0.860849916934967, 0.9191447496414185, 0.9303163290023804, 0.8733205795288086, 0.8639313578605652, 0.8599675297737122, 0.8570467829704285, 0.8770519495010376, 0.8855224251747131, 0.8738099336624146, 0.8695662617683411, 0.8975415825843811, 0.9178987741470337, 0.8973248600959778, 0.8631224036216736, 0.8572161793708801, 0.8677278757095337, 0.878371000289917, 0.8563945293426514, 0.9032439589500427, 0.9267726540565491, 0.8743579983711243, 0.9129700064659119, 0.8799091577529907, 0.9022797346115112, 0.8797309994697571, 1.0850944519042969, 0.910801887512207, 0.8771933317184448, 0.8657238483428955, 0.8579164147377014, 0.8567081093788147, 0.8726478815078735, 0.8605376482009888, 0.8637630939483643, 0.8587905764579773, 0.8852657675743103, 0.8597475290298462, 0.8882647752761841, 0.8715668320655823, 0.8648010492324829, 0.8938137888908386, 0.8561915755271912, 0.8666062951087952, 0.8541030287742615, 0.8576340079307556, 0.8550524115562439, 0.9028754234313965, 0.8684145212173462, 0.9524103999137878, 0.9390876889228821, 0.8773620128631592, 0.8625324964523315, 0.8879504799842834, 0.9054805040359497, 0.9236631393432617, 0.8970112800598145, 0.8982611894607544, 0.892574667930603, 0.8967831134796143, 0.9081922173500061, 0.9808319807052612, 0.8815751075744629, 0.8598620891571045, 0.9031876921653748, 0.924967348575592, 0.9685280919075012, 0.9114083051681519, 0.8634599447250366, 0.9279516339302063, 0.8604136109352112, 0.9191491603851318, 0.9323077201843262, 0.9128309488296509, 0.8576173782348633, 0.951580286026001, 0.8813920617103577, 0.8564004898071289, 0.8540594577789307, 0.9150899052619934, 0.9553772211074829, 0.9239966869354248, 0.9221928715705872, 0.8640698790550232, 0.8753712773323059, 0.9556388258934021, 0.8732507824897766, 0.8550588488578796, 0.8577045798301697, 0.8688353300094604, 0.9190812110900879, 0.9177694916725159, 0.886069655418396, 0.8764004707336426, 0.8972281813621521, 1.0053458213806152, 0.9258018732070923, 0.8515417575836182, 0.8751946091651917, 0.9275827407836914, 0.8802904486656189, 0.8987364172935486, 0.8976486325263977, 0.8656782507896423, 0.8513481020927429, 0.8591479659080505, 0.8775779604911804, 0.8685435056686401, 0.9592885375022888, 0.9758623838424683, 0.9271080493927002, 0.9058798551559448, 0.8819946050643921, 0.8688003420829773, 0.9155697822570801, 0.8777106404304504, 0.8661272525787354, 0.8579490780830383, 0.9033069014549255, 0.8797048330307007, 0.879977285861969, 0.8581677079200745, 0.8602717518806458, 0.8548912405967712, 0.8566955327987671, 0.8513143658638, 0.8651406764984131, 0.8546287417411804, 0.8615372776985168, 0.8863430023193359, 0.8508924841880798, 0.8833504319190979, 0.9345231652259827, 0.9834486246109009, 0.9220884442329407, 0.8848499059677124, 0.8759735822677612, 0.8694228529930115, 0.9282733201980591, 0.8953156471252441, 0.9007889628410339, 0.8601025938987732, 0.8794276714324951, 0.8711200952529907, 0.881181001663208, 0.8608911633491516, 0.8580238223075867, 0.8504492044448853, 0.9111689329147339, 0.9002133011817932, 0.9034020900726318, 0.8779411911964417, 0.900385320186615, 0.8835228681564331, 0.9260354042053223, 0.8664133548736572, 0.9672861099243164, 0.9121095538139343, 0.8569366931915283, 0.8622151613235474, 0.8697102665901184, 0.8592876195907593, 0.8859914541244507, 0.9106888771057129, 0.8766886591911316, 0.8506528735160828, 0.9115093946456909, 0.8552513122558594, 0.8506581783294678, 0.8513312339782715, 0.8548251986503601, 0.8631718754768372, 0.8550506234169006, 0.8635150194168091, 0.8570899963378906]}",5000,18.063107013702396,,1.3597759008407593,0.8420001268386841,"{'train': 1529, 'val': 327, 'test': 329}",c:\Users\ydreizin\OneDrive - NVIDIA Corporation\Documents\Technion\RateAhead\notebooks\artifacts\pretrained_finetune\checkpoints\finetune_head_only_budget5000_seed1.pt,low_budget,325000.0
9c5947a85ce2,head_only,1.0,5000,2,179201,65,65,1.2394866943359375,1660,"{'global_step': [20, 40, 60, 80, 100, 120, 140, 160, 180, 200, 220, 240, 260, 280, 300, 320, 340, 360, 380, 400, 420, 440, 460, 480, 500, 520, 540, 560, 580, 600, 620, 640, 660, 680, 700, 720, 740, 760, 780, 800, 820, 840, 860, 880, 900, 920, 940, 960, 980, 1000, 1020, 1040, 1060, 1080, 1100, 1120, 1140, 1160, 1180, 1200, 1220, 1240, 1260, 1280, 1300, 1320, 1340, 1360, 1380, 1400, 1420, 1440, 1460, 1480, 1500, 1520, 1540, 1560, 1580, 1600, 1620, 1640, 1660, 1680, 1700, 1720, 1740, 1760, 1780, 1800, 1820, 1840, 1860, 1880, 1900, 1920, 1940, 1960, 1980, 2000, 2020, 2040, 2060, 2080, 2100, 2120, 2140, 2160, 2180, 2200, 2220, 2240, 2260, 2280, 2300, 2320, 2340, 2360, 2380, 2400, 2420, 2440, 2460, 2480, 2500, 2520, 2540, 2560, 2580, 2600, 2620, 2640, 2660, 2680, 2700, 2720, 2740, 2760, 2780, 2800, 2820, 2840, 2860, 2880, 2900, 2920, 2940, 2960, 2980, 3000, 3020, 3040, 3060, 3080, 3100, 3120, 3140, 3160, 3180, 3200, 3220, 3240, 3260, 3280, 3300, 3320, 3340, 3360, 3380, 3400, 3420, 3440, 3460, 3480, 3500, 3520, 3540, 3560, 3580, 3600, 3620, 3640, 3660, 3680, 3700, 3720, 3740, 3760, 3780, 3800, 3820, 3840, 3860, 3880, 3900, 3920, 3940, 3960, 3980, 4000, 4020, 4040, 4060, 4080, 4100, 4120, 4140, 4160, 4180, 4200, 4220, 4240, 4260, 4280, 4300, 4320, 4340, 4360, 4380, 4400, 4420, 4440, 4460, 4480, 4500, 4520, 4540, 4560, 4580, 4600, 4620, 4640, 4660, 4680, 4700, 4720, 4740, 4760, 4780, 4800, 4820, 4840, 4860, 4880, 4900, 4920, 4940, 4960, 4980, 5000], 'val_mse': [1.9244989156723022, 1.2458821535110474, 1.2735384702682495, 1.2496461868286133, 1.3025283813476562, 1.2422900199890137, 1.2429847717285156, 1.2807830572128296, 1.243728518486023, 1.2581698894500732, 1.2894476652145386, 1.3171865940093994, 1.309818983078003, 1.2703248262405396, 1.2560492753982544, 1.3359525203704834, 1.2756283283233643, 1.345802903175354, 1.2424687147140503, 1.2630655765533447, 1.3638883829116821, 1.456079125404358, 1.3163524866104126, 1.2432711124420166, 1.245395541191101, 1.327486515045166, 1.2565211057662964, 1.241723656654358, 1.2412142753601074, 1.2483588457107544, 1.302962064743042, 1.2407902479171753, 1.2617332935333252, 1.2810640335083008, 1.2949702739715576, 1.2569059133529663, 1.2497152090072632, 1.2585334777832031, 1.2412798404693604, 1.292222499847412, 1.254791021347046, 1.2462165355682373, 1.2408578395843506, 1.4317188262939453, 1.2736667394638062, 1.2600094079971313, 1.3839056491851807, 1.2466223239898682, 1.3384230136871338, 1.3241102695465088, 1.3577940464019775, 1.3182308673858643, 1.3633418083190918, 1.2682079076766968, 1.2834140062332153, 1.2850799560546875, 1.3303475379943848, 1.309994101524353, 1.3104310035705566, 1.3988620042800903, 1.2607513666152954, 1.2768298387527466, 1.2643086910247803, 1.3206342458724976, 1.274906873703003, 1.3016700744628906, 1.3189772367477417, 1.2404710054397583, 1.2577743530273438, 1.3037841320037842, 1.2421021461486816, 1.289037823677063, 1.3990380764007568, 1.3207390308380127, 1.2882276773452759, 1.2815563678741455, 1.2908930778503418, 1.2584106922149658, 1.3690308332443237, 1.3599439859390259, 1.2689296007156372, 1.246419072151184, 1.2394866943359375, 1.2429193258285522, 1.2857410907745361, 1.2857578992843628, 1.2734819650650024, 1.256321668624878, 1.256881594657898, 1.304620385169983, 1.2948083877563477, 1.2997233867645264, 1.4255897998809814, 1.3518223762512207, 1.345304012298584, 1.2524404525756836, 1.3551223278045654, 1.2649770975112915, 1.2433042526245117, 1.2556425333023071, 1.2395188808441162, 1.3011677265167236, 1.3287380933761597, 1.3006808757781982, 1.274015188217163, 1.2513670921325684, 1.2462936639785767, 1.2460492849349976, 1.2433191537857056, 1.3445708751678467, 1.2714474201202393, 1.2700872421264648, 1.2865502834320068, 1.2406283617019653, 1.2813864946365356, 1.2502142190933228, 1.285030722618103, 1.3121633529663086, 1.2726131677627563, 1.3041719198226929, 1.2413169145584106, 1.2467169761657715, 1.2519659996032715, 1.3078521490097046, 1.2400294542312622, 1.2396893501281738, 1.2589343786239624, 1.2448443174362183, 1.2904540300369263, 1.2559760808944702, 1.3798742294311523, 1.2523468732833862, 1.2698163986206055, 1.2640019655227661, 1.248292088508606, 1.263397216796875, 1.3060489892959595, 1.2691433429718018, 1.2561438083648682, 1.2402241230010986, 1.2418739795684814, 1.2500925064086914, 1.241510033607483, 1.2971045970916748, 1.2409662008285522, 1.2451071739196777, 1.2519326210021973, 1.2494428157806396, 1.3400064706802368, 1.3946913480758667, 1.2671656608581543, 1.2807382345199585, 1.2538728713989258, 1.2426609992980957, 1.2481712102890015, 1.2471548318862915, 1.2731330394744873, 1.271548867225647, 1.2534130811691284, 1.2567037343978882, 1.2503107786178589, 1.2580633163452148, 1.2420798540115356, 1.256654143333435, 1.357450246810913, 1.2750580310821533, 1.2423758506774902, 1.2558369636535645, 1.2876882553100586, 1.32236909866333, 1.3703795671463013, 1.2476797103881836, 1.2519102096557617, 1.2846125364303589, 1.3746249675750732, 1.2879438400268555, 1.2744916677474976, 1.2599118947982788, 1.244228720664978, 1.269391655921936, 1.3049405813217163, 1.286638617515564, 1.2691417932510376, 1.3690592050552368, 1.266513705253601, 1.2610005140304565, 1.2441262006759644, 1.2423930168151855, 1.2440110445022583, 1.2797720432281494, 1.2759815454483032, 1.2729848623275757, 1.3499468564987183, 1.2493679523468018, 1.2487372159957886, 1.2824479341506958, 1.322152853012085, 1.4638601541519165, 1.5486409664154053, 1.342705488204956, 1.2602015733718872, 1.2432483434677124, 1.252174973487854, 1.247856616973877, 1.2919189929962158, 1.2503467798233032, 1.2500977516174316, 1.2575304508209229, 1.2446355819702148, 1.2526612281799316, 1.2501055002212524, 1.3230676651000977, 1.2502280473709106, 1.260131597518921, 1.278231143951416, 1.2747013568878174, 1.2445088624954224, 1.2445956468582153, 1.3288339376449585, 1.2478220462799072, 1.2523689270019531, 1.2521964311599731, 1.2448521852493286, 1.3673509359359741, 1.245143175125122, 1.2461236715316772, 1.2492406368255615, 1.2720575332641602, 1.2522121667861938, 1.246931552886963, 1.2561250925064087, 1.4432567358016968, 1.3539255857467651, 1.2493842840194702, 1.250340223312378, 1.290217638015747, 1.2542563676834106, 1.2529032230377197, 1.2610031366348267, 1.2708865404129028, 1.2544527053833008, 1.3829035758972168, 1.363190770149231, 1.375512719154358, 1.3250635862350464, 1.2507845163345337, 1.3887773752212524, 1.3059033155441284, 1.2524240016937256, 1.2661818265914917], 'val_mae': [1.1818541288375854, 0.8745206594467163, 0.8948422074317932, 0.8781969547271729, 0.9122332334518433, 0.8670273423194885, 0.8704745173454285, 0.8993391394615173, 0.8718462586402893, 0.884634792804718, 0.9044616222381592, 0.9216621518135071, 0.9170899987220764, 0.8928893804550171, 0.8831021785736084, 0.9328972697257996, 0.8962648510932922, 0.938683271408081, 0.8649799823760986, 0.8881410360336304, 0.9491496682167053, 0.996066689491272, 0.9214464426040649, 0.8718769550323486, 0.8626980781555176, 0.9282392859458923, 0.8834096193313599, 0.8696460127830505, 0.8648526668548584, 0.8771904706954956, 0.9131928086280823, 0.8649603724479675, 0.8602139949798584, 0.8997614979743958, 0.9082674980163574, 0.8836286067962646, 0.878211259841919, 0.8849160671234131, 0.8692021369934082, 0.9067118763923645, 0.8820542097091675, 0.8751354813575745, 0.8634328842163086, 0.9847297072410583, 0.8953654170036316, 0.8860087394714355, 0.9605650305747986, 0.8753905892372131, 0.9350577592849731, 0.9266422986984253, 0.946187436580658, 0.9230726361274719, 0.9492968916893005, 0.8916770815849304, 0.9012535214424133, 0.9022656083106995, 0.9302811622619629, 0.9179781079292297, 0.9182605743408203, 0.9683312177658081, 0.8860615491867065, 0.8970422744750977, 0.8887652158737183, 0.9245742559432983, 0.8957948684692383, 0.9126423597335815, 0.9235694408416748, 0.8637468814849854, 0.8836638331413269, 0.9141418933868408, 0.8698497414588928, 0.904970109462738, 0.9685915112495422, 0.9248480200767517, 0.9044954776763916, 0.900229811668396, 0.8609840273857117, 0.8842572569847107, 0.952545702457428, 0.9475210309028625, 0.892017126083374, 0.8741769790649414, 0.8640969395637512, 0.8706145882606506, 0.9029273986816406, 0.9029163122177124, 0.8949679136276245, 0.8823933005332947, 0.8828997611999512, 0.9149823188781738, 0.9087016582489014, 0.9118187427520752, 0.9821251034736633, 0.9429918527603149, 0.939230740070343, 0.8789765238761902, 0.9448435306549072, 0.8890320062637329, 0.8706408143043518, 0.8815827369689941, 0.8636237382888794, 0.9126870632171631, 0.9297114014625549, 0.9123495817184448, 0.8951030373573303, 0.8776710033416748, 0.8564837574958801, 0.856488823890686, 0.8700424432754517, 0.9387215375900269, 0.8933753967285156, 0.8923861384391785, 0.857430636882782, 0.8661594986915588, 0.8999648690223694, 0.8764968514442444, 0.9022430777549744, 0.919739305973053, 0.8552750945091248, 0.8601027727127075, 0.8584805727005005, 0.8555598258972168, 0.8778470754623413, 0.9169837236404419, 0.8637868165969849, 0.8615885972976685, 0.8836171627044678, 0.8707855939865112, 0.9056087732315063, 0.8810561299324036, 0.9581884741783142, 0.87766033411026, 0.8914515972137451, 0.8870826959609985, 0.8549284934997559, 0.8866080641746521, 0.9156278371810913, 0.853766679763794, 0.8809576630592346, 0.8626660704612732, 0.8662798404693604, 0.8753297924995422, 0.8655335903167725, 0.9097480177879333, 0.864413321018219, 0.8700820803642273, 0.8769052624702454, 0.8744105696678162, 0.935778796672821, 0.9658402800559998, 0.8889985084533691, 0.8986278772354126, 0.8530976176261902, 0.8662529587745667, 0.8543943762779236, 0.8547677993774414, 0.8930253386497498, 0.8530296087265015, 0.8776208758354187, 0.880392849445343, 0.8743451237678528, 0.8814205527305603, 0.863721489906311, 0.8801326751708984, 0.9453182816505432, 0.8939681053161621, 0.8636159896850586, 0.8791875243186951, 0.9027573466300964, 0.9249967336654663, 0.9523069262504578, 0.8707235455513, 0.875321626663208, 0.900501012802124, 0.9545555114746094, 0.9028130769729614, 0.8931597471237183, 0.8515978455543518, 0.8660725355148315, 0.8893136978149414, 0.9138813614845276, 0.9017637968063354, 0.8890833258628845, 0.9514610767364502, 0.8870446681976318, 0.8829815983772278, 0.8559002876281738, 0.862317681312561, 0.8651796579360962, 0.8966099619865417, 0.8937976360321045, 0.8915184736251831, 0.9407399296760559, 0.8717647790908813, 0.8709307312965393, 0.8520196080207825, 0.9241998195648193, 1.0015345811843872, 1.0409857034683228, 0.9364640116691589, 0.8815388679504395, 0.8599812388420105, 0.852696418762207, 0.8687053322792053, 0.9044753313064575, 0.8717226982116699, 0.8713715672492981, 0.8789514899253845, 0.8564444780349731, 0.8523788452148438, 0.8533031940460205, 0.9242794513702393, 0.8711183667182922, 0.8807762861251831, 0.8943672776222229, 0.8916893601417542, 0.8575844764709473, 0.8575479388237, 0.9276606440544128, 0.8672232627868652, 0.8729691505432129, 0.8527027368545532, 0.8591394424438477, 0.9495864510536194, 0.860124945640564, 0.8627456426620483, 0.8681325316429138, 0.8503745794296265, 0.852916955947876, 0.8558369874954224, 0.8759341239929199, 0.9905577301979065, 0.9419075846672058, 0.8677135109901428, 0.8689854145050049, 0.9018599390983582, 0.8732165694236755, 0.8529617190361023, 0.8796113133430481, 0.887362539768219, 0.8729705214500427, 0.9578675627708435, 0.9467418789863586, 0.953665554523468, 0.9241766929626465, 0.8677986860275269, 0.9609771370887756, 0.9114078283309937, 0.8693973422050476, 0.8829421401023865]}",5000,16.947734117507935,,1.3599474430084229,0.8432304859161377,"{'train': 1529, 'val': 327, 'test': 329}",c:\Users\ydreizin\OneDrive - NVIDIA Corporation\Documents\Technion\RateAhead\notebooks\artifacts\pretrained_finetune\checkpoints\finetune_head_only_budget5000_seed2.pt,low_budget,325000.0
ac5b101d77c0,lora,1.0,50,0,194665,15464,15464,1.1090558767318726,50,"{'global_step': [20, 40, 50], 'val_mse': [1.2056635618209839, 1.262839913368225, 1.1090558767318726], 'val_mae': [0.8890494704246521, 0.932672917842865, 0.7961028218269348]}",50,0.2341213226318359,,1.226937174797058,0.7758955955505371,"{'train': 1529, 'val': 327, 'test': 329}",c:\Users\ydreizin\OneDrive - NVIDIA Corporation\Documents\Technion\RateAhead\notebooks\artifacts\pretrained_finetune\checkpoints\finetune_lora_budget50_seed0.pt,low_budget,773200.0
b041e707746c,lora,1.0,50,1,194665,15464,15464,0.963349223136902,50,"{'global_step': [20, 40, 50], 'val_mse': [1.1522771120071411, 1.1578985452651978, 0.9633492231369019], 'val_mae': [0.862898588180542, 0.8835086226463318, 0.7746888399124146]}",50,0.335688829421997,,1.1213849782943726,0.7643202543258667,"{'train': 1529, 'val': 327, 'test': 329}",c:\Users\ydreizin\OneDrive - NVIDIA Corporation\Documents\Technion\RateAhead\notebooks\artifacts\pretrained_finetune\checkpoints\finetune_lora_budget50_seed1.pt,low_budget,773200.0
77dbd2ae58fc,lora,1.0,50,2,194665,15464,15464,0.9557287693023682,50,"{'global_step': [20, 40, 50], 'val_mse': [1.0968785285949707, 1.090463399887085, 0.9557287693023682], 'val_mae': [0.8258054852485657, 0.8462365865707397, 0.7669484615325928]}",50,0.5929491519927979,,1.1091161966323853,0.7530304789543152,"{'train': 1529, 'val': 327, 'test': 329}",c:\Users\ydreizin\OneDrive - NVIDIA Corporation\Documents\Technion\RateAhead\notebooks\artifacts\pretrained_finetune\checkpoints\finetune_lora_budget50_seed2.pt,low_budget,773200.0
c00bfe466a53,lora,1.0,100,0,194665,15464,15464,0.8416929244995117,100,"{'global_step': [20, 40, 60, 80, 100], 'val_mse': [1.2056635618209839, 1.262839913368225, 1.0149898529052734, 1.0059382915496826, 0.8416929244995117], 'val_mae': [0.8890494704246521, 0.932672917842865, 0.8134301900863647, 0.8059535622596741, 0.716434895992279]}",100,0.6175358295440674,,0.9934202432632446,0.6957923173904419,"{'train': 1529, 'val': 327, 'test': 329}",c:\Users\ydreizin\OneDrive - NVIDIA Corporation\Documents\Technion\RateAhead\notebooks\artifacts\pretrained_finetune\checkpoints\finetune_lora_budget100_seed0.pt,low_budget,1546400.0
269aed3ebb09,lora,1.0,100,1,194665,15464,15464,0.832589328289032,100,"{'global_step': [20, 40, 60, 80, 100], 'val_mse': [1.1522771120071411, 1.1578985452651978, 0.9047188758850098, 0.8763357996940613, 0.832589328289032], 'val_mae': [0.862898588180542, 0.8835086226463318, 0.7418152093887329, 0.7328148484230042, 0.698014497756958]}",100,0.5465242862701416,,0.9840741157531738,0.6746842265129089,"{'train': 1529, 'val': 327, 'test': 329}",c:\Users\ydreizin\OneDrive - NVIDIA Corporation\Documents\Technion\RateAhead\notebooks\artifacts\pretrained_finetune\checkpoints\finetune_lora_budget100_seed1.pt,low_budget,1546400.0
598018e4ce2b,lora,1.0,100,2,194665,15464,15464,0.8320921659469604,100,"{'global_step': [20, 40, 60, 80, 100], 'val_mse': [1.0968785285949707, 1.090463399887085, 0.9243051409721375, 0.8425306677818298, 0.8320921659469604], 'val_mae': [0.8258054852485657, 0.8462365865707397, 0.7524493932723999, 0.705680787563324, 0.7102190852165222]}",100,0.532696008682251,,0.9891157746315002,0.6907452344894409,"{'train': 1529, 'val': 327, 'test': 329}",c:\Users\ydreizin\OneDrive - NVIDIA Corporation\Documents\Technion\RateAhead\notebooks\artifacts\pretrained_finetune\checkpoints\finetune_lora_budget100_seed2.pt,low_budget,1546400.0
635412d06678,lora,1.0,200,0,194665,15464,15464,0.7692640423774719,200,"{'global_step': [20, 40, 60, 80, 100, 120, 140, 160, 180, 200], 'val_mse': [1.2056635618209839, 1.262839913368225, 1.0149898529052734, 1.0059382915496826, 0.8416929244995117, 0.8265854120254517, 0.8617817759513855, 0.783524751663208, 0.9429345726966858, 0.7692640423774719], 'val_mae': [0.8890494704246521, 0.932672917842865, 0.8134301900863647, 0.8059535622596741, 0.716434895992279, 0.7107671499252319, 0.7308402061462402, 0.6793885827064514, 0.7829740047454834, 0.67376708984375]}",200,1.030571460723877,,0.9289969801902772,0.6486462354660034,"{'train': 1529, 'val': 327, 'test': 329}",c:\Users\ydreizin\OneDrive - NVIDIA Corporation\Documents\Technion\RateAhead\notebooks\artifacts\pretrained_finetune\checkpoints\finetune_lora_budget200_seed0.pt,low_budget,3092800.0
0025a44c9ac9,lora,1.0,200,1,194665,15464,15464,0.832589328289032,100,"{'global_step': [20, 40, 60, 80, 100, 120, 140, 160, 180, 200], 'val_mse': [1.1522771120071411, 1.1578985452651978, 0.9047188758850098, 0.8763357996940613, 0.832589328289032, 0.8488028645515442, 1.301334261894226, 1.036576509475708, 0.845385730266571, 0.8801552057266235], 'val_mae': [0.862898588180542, 0.8835086226463318, 0.7418152093887329, 0.7328148484230042, 0.698014497756958, 0.7287777066230774, 0.9545928239822388, 0.8361369371414185, 0.7231202721595764, 0.7429469227790833]}",200,1.4043843746185305,,0.9840741157531738,0.6746842265129089,"{'train': 1529, 'val': 327, 'test': 329}",c:\Users\ydreizin\OneDrive - NVIDIA Corporation\Documents\Technion\RateAhead\notebooks\artifacts\pretrained_finetune\checkpoints\finetune_lora_budget200_seed1.pt,low_budget,3092800.0
3a4893820fff,lora,1.0,200,2,194665,15464,15464,0.8320921659469604,100,"{'global_step': [20, 40, 60, 80, 100, 120, 140, 160, 180, 200], 'val_mse': [1.0968785285949707, 1.090463399887085, 0.9243051409721375, 0.8425306677818298, 0.8320921659469604, 0.8472128510475159, 0.9530053734779358, 1.053107500076294, 0.9771229028701782, 0.925901472568512], 'val_mae': [0.8258054852485657, 0.8462365865707397, 0.7524493932723999, 0.705680787563324, 0.7102190852165222, 0.7264606356620789, 0.7893481850624084, 0.8451567888259888, 0.7996144890785217, 0.7692776322364807]}",200,1.563307762145996,,0.9891157746315002,0.6907452344894409,"{'train': 1529, 'val': 327, 'test': 329}",c:\Users\ydreizin\OneDrive - NVIDIA Corporation\Documents\Technion\RateAhead\notebooks\artifacts\pretrained_finetune\checkpoints\finetune_lora_budget200_seed2.pt,low_budget,3092800.0
e3b96cc45d9d,lora,1.0,500,0,194665,15464,15464,0.72221839427948,360,"{'global_step': [20, 40, 60, 80, 100, 120, 140, 160, 180, 200, 220, 240, 260, 280, 300, 320, 340, 360, 380, 400, 420, 440, 460, 480, 500], 'val_mse': [1.2056635618209839, 1.262839913368225, 1.0149898529052734, 1.0059382915496826, 0.8416929244995117, 0.8265854120254517, 0.8617817759513855, 0.783524751663208, 0.9429345726966858, 0.7692640423774719, 0.809878945350647, 0.7805619835853577, 0.8930484652519226, 0.8027200102806091, 0.8162954449653625, 0.7798604369163513, 0.7634661197662354, 0.72221839427948, 0.8340172171592712, 0.804614245891571, 0.7467177510261536, 0.7291938662528992, 0.7394374012947083, 0.8239328265190125, 0.7999081611633301], 'val_mae': [0.8890494704246521, 0.932672917842865, 0.8134301900863647, 0.8059535622596741, 0.716434895992279, 0.7107671499252319, 0.7308402061462402, 0.6793885827064514, 0.7829740047454834, 0.67376708984375, 0.6986929774284363, 0.6773970723152161, 0.7463857531547546, 0.698291003704071, 0.708482027053833, 0.677379310131073, 0.6689037084579468, 0.6357747912406921, 0.7162366509437561, 0.6965950131416321, 0.642154335975647, 0.6425726413726807, 0.6493028998374939, 0.7040525078773499, 0.692304253578186]}",500,3.0953285694122314,,0.8836561441421509,0.6289916038513184,"{'train': 1529, 'val': 327, 'test': 329}",c:\Users\ydreizin\OneDrive - NVIDIA Corporation\Documents\Technion\RateAhead\notebooks\artifacts\pretrained_finetune\checkpoints\finetune_lora_budget500_seed0.pt,low_budget,7732000.0
d98af8f84622,lora,1.0,500,1,194665,15464,15464,0.7191066741943359,500,"{'global_step': [20, 40, 60, 80, 100, 120, 140, 160, 180, 200, 220, 240, 260, 280, 300, 320, 340, 360, 380, 400, 420, 440, 460, 480, 500], 'val_mse': [1.1522771120071411, 1.1578985452651978, 0.9047188758850098, 0.8763357996940613, 0.832589328289032, 0.8488028645515442, 1.301334261894226, 1.036576509475708, 0.845385730266571, 0.8801552057266235, 0.7973688840866089, 0.868402898311615, 0.80071622133255, 0.7558130025863647, 0.7360690236091614, 0.7862472534179688, 0.7507674694061279, 0.7864960432052612, 0.7204412221908569, 0.7512319087982178, 0.9312191605567932, 0.7700762748718262, 0.7360919713973999, 0.8670951128005981, 0.7191066741943359], 'val_mae': [0.862898588180542, 0.8835086226463318, 0.7418152093887329, 0.7328148484230042, 0.698014497756958, 0.7287777066230774, 0.9545928239822388, 0.8361369371414185, 0.7231202721595764, 0.7429469227790833, 0.6951157450675964, 0.7411385178565979, 0.6990543603897095, 0.6649156212806702, 0.6451900005340576, 0.6864107847213745, 0.6484866738319397, 0.6546918749809265, 0.6342565417289734, 0.6440057754516602, 0.7780907154083252, 0.6707631349563599, 0.6439414024353027, 0.7340103983879089, 0.6257141828536987]}",500,2.8149831295013428,,0.9049376249313354,0.6339484453201294,"{'train': 1529, 'val': 327, 'test': 329}",c:\Users\ydreizin\OneDrive - NVIDIA Corporation\Documents\Technion\RateAhead\notebooks\artifacts\pretrained_finetune\checkpoints\finetune_lora_budget500_seed1.pt,low_budget,7732000.0
c4d938a2de2e,lora,1.0,500,2,194665,15464,15464,0.7224977016448975,500,"{'global_step': [20, 40, 60, 80, 100, 120, 140, 160, 180, 200, 220, 240, 260, 280, 300, 320, 340, 360, 380, 400, 420, 440, 460, 480, 500], 'val_mse': [1.0968785285949707, 1.090463399887085, 0.9243051409721375, 0.8425306677818298, 0.8320921659469604, 0.8472128510475159, 0.9530053734779358, 1.053107500076294, 0.9771229028701782, 0.925901472568512, 0.7880617380142212, 0.7506894469261169, 0.8149285316467285, 0.8265630006790161, 0.8033856153488159, 0.7644516825675964, 0.7704502940177917, 0.764991283416748, 0.7436124682426453, 0.8516806364059448, 0.8293076157569885, 0.823969841003418, 0.7364309430122375, 0.7914829254150391, 0.7224977016448975], 'val_mae': [0.8258054852485657, 0.8462365865707397, 0.7524493932723999, 0.705680787563324, 0.7102190852165222, 0.7264606356620789, 0.7893481850624084, 0.8451567888259888, 0.7996144890785217, 0.7692776322364807, 0.6636580228805542, 0.6556454300880432, 0.7069262862205505, 0.7146822214126587, 0.7016802430152893, 0.6725546717643738, 0.6762765049934387, 0.670528769493103, 0.6430624127388, 0.724896252155304, 0.7123430967330933, 0.7055246233940125, 0.6323968172073364, 0.6841486692428589, 0.6294682025909424]}",500,4.032154083251953,,0.8965162634849548,0.6255252957344055,"{'train': 1529, 'val': 327, 'test': 329}",c:\Users\ydreizin\OneDrive - NVIDIA Corporation\Documents\Technion\RateAhead\notebooks\artifacts\pretrained_finetune\checkpoints\finetune_lora_budget500_seed2.pt,low_budget,7732000.0
996d40f2b019,lora,1.0,1000,0,194665,15464,15464,0.6928433179855347,800,"{'global_step': [20, 40, 60, 80, 100, 120, 140, 160, 180, 200, 220, 240, 260, 280, 300, 320, 340, 360, 380, 400, 420, 440, 460, 480, 500, 520, 540, 560, 580, 600, 620, 640, 660, 680, 700, 720, 740, 760, 780, 800, 820, 840, 860, 880, 900, 920, 940, 960, 980, 1000], 'val_mse': [1.2056635618209839, 1.262839913368225, 1.0149898529052734, 1.0059382915496826, 0.8416929244995117, 0.8265854120254517, 0.8617817759513855, 0.783524751663208, 0.9429345726966858, 0.7692640423774719, 0.809878945350647, 0.7805619835853577, 0.8930484652519226, 0.8027200102806091, 0.8162954449653625, 0.7798604369163513, 0.7634661197662354, 0.72221839427948, 0.8340172171592712, 0.804614245891571, 0.7467177510261536, 0.7291938662528992, 0.7394374012947083, 0.8239328265190125, 0.7999081611633301, 0.7269793748855591, 0.7482402324676514, 0.758750319480896, 0.8451760411262512, 0.7226061224937439, 0.7575018405914307, 0.966979444026947, 0.8213796019554138, 0.7605134844779968, 0.7416132688522339, 0.7349379658699036, 0.8493983745574951, 0.7407881021499634, 0.9259074926376343, 0.6928433179855347, 0.7075430750846863, 0.7546420693397522, 0.7237082123756409, 0.9685317277908325, 0.7359098196029663, 0.8393884301185608, 0.7157121300697327, 1.1115888357162476, 0.7476106882095337, 0.8248286247253418], 'val_mae': [0.8890494704246521, 0.932672917842865, 0.8134301900863647, 0.8059535622596741, 0.716434895992279, 0.7107671499252319, 0.7308402061462402, 0.6793885827064514, 0.7829740047454834, 0.67376708984375, 0.6986929774284363, 0.6773970723152161, 0.7463857531547546, 0.698291003704071, 0.708482027053833, 0.677379310131073, 0.6689037084579468, 0.6357747912406921, 0.7162366509437561, 0.6965950131416321, 0.642154335975647, 0.6425726413726807, 0.6493028998374939, 0.7040525078773499, 0.692304253578186, 0.6371209621429443, 0.6602420806884766, 0.6473862528800964, 0.728005051612854, 0.6267898082733154, 0.6630542278289795, 0.7930043935775757, 0.7139073610305786, 0.6700015664100647, 0.6288824677467346, 0.650797426700592, 0.7231519222259521, 0.6515311598777771, 0.7760754823684692, 0.6117804050445557, 0.6228023767471313, 0.659206748008728, 0.6433011293411255, 0.7922635674476624, 0.6308097839355469, 0.7221418619155884, 0.6268368363380432, 0.8721832633018494, 0.6423650979995728, 0.7066884636878967]}",1000,6.944290399551392,,0.8740266561508179,0.6181451082229614,"{'train': 1529, 'val': 327, 'test': 329}",c:\Users\ydreizin\OneDrive - NVIDIA Corporation\Documents\Technion\RateAhead\notebooks\artifacts\pretrained_finetune\checkpoints\finetune_lora_budget1000_seed0.pt,low_budget,15464000.0
fee338ab0fa4,lora,1.0,1000,1,194665,15464,15464,0.715333104133606,780,"{'global_step': [20, 40, 60, 80, 100, 120, 140, 160, 180, 200, 220, 240, 260, 280, 300, 320, 340, 360, 380, 400, 420, 440, 460, 480, 500, 520, 540, 560, 580, 600, 620, 640, 660, 680, 700, 720, 740, 760, 780, 800, 820, 840, 860, 880, 900, 920, 940, 960, 980, 1000], 'val_mse': [1.1522771120071411, 1.1578985452651978, 0.9047188758850098, 0.8763357996940613, 0.832589328289032, 0.8488028645515442, 1.301334261894226, 1.036576509475708, 0.845385730266571, 0.8801552057266235, 0.7973688840866089, 0.868402898311615, 0.80071622133255, 0.7558130025863647, 0.7360690236091614, 0.7862472534179688, 0.7507674694061279, 0.7864960432052612, 0.7204412221908569, 0.7512319087982178, 0.9312191605567932, 0.7700762748718262, 0.7360919713973999, 0.8670951128005981, 0.7191066741943359, 0.8207080960273743, 0.7364813685417175, 0.9458446502685547, 0.7472421526908875, 0.7711136937141418, 0.7269550561904907, 0.7325687408447266, 0.754220187664032, 0.8429993987083435, 0.8206558227539062, 0.7479414939880371, 0.7221046090126038, 0.7416108846664429, 0.715333104133606, 0.8754082322120667, 0.794021487236023, 0.7591712474822998, 0.9326226115226746, 0.7246524691581726, 0.7387076020240784, 0.7381488084793091, 0.7308246493339539, 1.0214000940322876, 0.8468246459960938, 0.7383144497871399], 'val_mae': [0.862898588180542, 0.8835086226463318, 0.7418152093887329, 0.7328148484230042, 0.698014497756958, 0.7287777066230774, 0.9545928239822388, 0.8361369371414185, 0.7231202721595764, 0.7429469227790833, 0.6951157450675964, 0.7411385178565979, 0.6990543603897095, 0.6649156212806702, 0.6451900005340576, 0.6864107847213745, 0.6484866738319397, 0.6546918749809265, 0.6342565417289734, 0.6440057754516602, 0.7780907154083252, 0.6707631349563599, 0.6439414024353027, 0.7340103983879089, 0.6257141828536987, 0.7032073140144348, 0.6345150470733643, 0.7823179364204407, 0.643322765827179, 0.6686831712722778, 0.624708890914917, 0.6420372724533081, 0.6531826257705688, 0.7215883731842041, 0.7030832171440125, 0.657702624797821, 0.6382592916488647, 0.632151186466217, 0.6335145235061646, 0.7464070916175842, 0.692359209060669, 0.6690818667411804, 0.7684866786003113, 0.6241478323936462, 0.6363876461982727, 0.6460173726081848, 0.6386838555335999, 0.8238309025764465, 0.7236072421073914, 0.6288120150566101]}",1000,7.085138559341431,,0.9033693075180054,0.6370828151702881,"{'train': 1529, 'val': 327, 'test': 329}",c:\Users\ydreizin\OneDrive - NVIDIA Corporation\Documents\Technion\RateAhead\notebooks\artifacts\pretrained_finetune\checkpoints\finetune_lora_budget1000_seed1.pt,low_budget,15464000.0
373fc1eb29a6,lora,1.0,1000,2,194665,15464,15464,0.6949464678764343,960,"{'global_step': [20, 40, 60, 80, 100, 120, 140, 160, 180, 200, 220, 240, 260, 280, 300, 320, 340, 360, 380, 400, 420, 440, 460, 480, 500, 520, 540, 560, 580, 600, 620, 640, 660, 680, 700, 720, 740, 760, 780, 800, 820, 840, 860, 880, 900, 920, 940, 960, 980, 1000], 'val_mse': [1.0968785285949707, 1.090463399887085, 0.9243051409721375, 0.8425306677818298, 0.8320921659469604, 0.8472128510475159, 0.9530053734779358, 1.053107500076294, 0.9771229028701782, 0.925901472568512, 0.7880617380142212, 0.7506894469261169, 0.8149285316467285, 0.8265630006790161, 0.8033856153488159, 0.7644516825675964, 0.7704502940177917, 0.764991283416748, 0.7436124682426453, 0.8516806364059448, 0.8293076157569885, 0.823969841003418, 0.7364309430122375, 0.7914829254150391, 0.7224977016448975, 0.7458310127258301, 0.738987147808075, 0.7301952838897705, 0.7442783117294312, 0.7371858358383179, 0.7379127740859985, 0.7533512711524963, 0.9640015959739685, 0.7496961951255798, 0.779160737991333, 0.8094882965087891, 0.763599693775177, 1.3126853704452515, 0.7162330150604248, 0.7876346111297607, 0.7875120639801025, 0.729949414730072, 0.7015844583511353, 0.7569957375526428, 0.772976279258728, 0.9213062524795532, 0.9804638028144836, 0.6949464678764343, 0.7519955635070801, 0.7630881667137146], 'val_mae': [0.8258054852485657, 0.8462365865707397, 0.7524493932723999, 0.705680787563324, 0.7102190852165222, 0.7264606356620789, 0.7893481850624084, 0.8451567888259888, 0.7996144890785217, 0.7692776322364807, 0.6636580228805542, 0.6556454300880432, 0.7069262862205505, 0.7146822214126587, 0.7016802430152893, 0.6725546717643738, 0.6762765049934387, 0.670528769493103, 0.6430624127388, 0.724896252155304, 0.7123430967330933, 0.7055246233940125, 0.6323968172073364, 0.6841486692428589, 0.6294682025909424, 0.6532973647117615, 0.6493229866027832, 0.6435613632202148, 0.649772047996521, 0.6433056592941284, 0.6448198556900024, 0.6556322574615479, 0.7938676476478577, 0.6429563760757446, 0.6762953400611877, 0.6979212164878845, 0.6469900608062744, 0.9656623005867004, 0.6192737221717834, 0.679534375667572, 0.6827623844146729, 0.6435419917106628, 0.6179336905479431, 0.6582892537117004, 0.6694887280464172, 0.7655342221260071, 0.8108532428741455, 0.6117932796478271, 0.6379182934761047, 0.6537575721740723]}",1000,6.943048477172852,,0.8837970495223999,0.6219503879547119,"{'train': 1529, 'val': 327, 'test': 329}",c:\Users\ydreizin\OneDrive - NVIDIA Corporation\Documents\Technion\RateAhead\notebooks\artifacts\pretrained_finetune\checkpoints\finetune_lora_budget1000_seed2.pt,low_budget,15464000.0
3690df6963ab,lora,1.0,2000,0,194665,15464,15464,0.6928433179855347,800,"{'global_step': [20, 40, 60, 80, 100, 120, 140, 160, 180, 200, 220, 240, 260, 280, 300, 320, 340, 360, 380, 400, 420, 440, 460, 480, 500, 520, 540, 560, 580, 600, 620, 640, 660, 680, 700, 720, 740, 760, 780, 800, 820, 840, 860, 880, 900, 920, 940, 960, 980, 1000, 1020, 1040, 1060, 1080, 1100, 1120, 1140, 1160, 1180, 1200, 1220, 1240, 1260, 1280, 1300, 1320, 1340, 1360, 1380, 1400, 1420, 1440, 1460, 1480, 1500, 1520, 1540, 1560, 1580, 1600, 1620, 1640, 1660, 1680, 1700, 1720, 1740, 1760, 1780, 1800, 1820, 1840, 1860, 1880, 1900, 1920, 1940, 1960, 1980, 2000], 'val_mse': [1.2056635618209839, 1.262839913368225, 1.0149898529052734, 1.0059382915496826, 0.8416929244995117, 0.8265854120254517, 0.8617817759513855, 0.783524751663208, 0.9429345726966858, 0.7692640423774719, 0.809878945350647, 0.7805619835853577, 0.8930484652519226, 0.8027200102806091, 0.8162954449653625, 0.7798604369163513, 0.7634661197662354, 0.72221839427948, 0.8340172171592712, 0.804614245891571, 0.7467177510261536, 0.7291938662528992, 0.7394374012947083, 0.8239328265190125, 0.7999081611633301, 0.7269793748855591, 0.7482402324676514, 0.758750319480896, 0.8451760411262512, 0.7226061224937439, 0.7575018405914307, 0.966979444026947, 0.8213796019554138, 0.7605134844779968, 0.7416132688522339, 0.7349379658699036, 0.8493983745574951, 0.7407881021499634, 0.9259074926376343, 0.6928433179855347, 0.7075430750846863, 0.7546420693397522, 0.7237082123756409, 0.9685317277908325, 0.7359098196029663, 0.8393884301185608, 0.7157121300697327, 1.1115888357162476, 0.7476106882095337, 0.8248286247253418, 0.9616203904151917, 0.7907846570014954, 0.724795401096344, 0.7288589477539062, 0.7345256209373474, 0.7876076698303223, 0.7930456399917603, 0.7724078297615051, 0.770738422870636, 0.8047909736633301, 1.0066508054733276, 0.740347683429718, 1.0319972038269043, 0.7376881837844849, 0.861792802810669, 0.7823637127876282, 0.8408156633377075, 0.9346016049385071, 0.7472447156906128, 0.7610737085342407, 0.7205667495727539, 0.7376327514648438, 0.8713865876197815, 0.8278401494026184, 0.7300134897232056, 0.7745018601417542, 0.7498525381088257, 0.7655059099197388, 0.7557792663574219, 0.7243900299072266, 0.7341294884681702, 0.775136411190033, 0.7018672227859497, 0.8193953037261963, 0.7794343829154968, 0.721200168132782, 0.850117564201355, 0.7415897250175476, 0.7987080812454224, 0.8905715346336365, 0.7187647819519043, 0.8870723843574524, 0.7884290218353271, 0.780206024646759, 0.7008016705513, 0.7851752042770386, 0.7422261834144592, 0.7243678569793701, 1.137505292892456, 0.7395153045654297], 'val_mae': [0.8890494704246521, 0.932672917842865, 0.8134301900863647, 0.8059535622596741, 0.716434895992279, 0.7107671499252319, 0.7308402061462402, 0.6793885827064514, 0.7829740047454834, 0.67376708984375, 0.6986929774284363, 0.6773970723152161, 0.7463857531547546, 0.698291003704071, 0.708482027053833, 0.677379310131073, 0.6689037084579468, 0.6357747912406921, 0.7162366509437561, 0.6965950131416321, 0.642154335975647, 0.6425726413726807, 0.6493028998374939, 0.7040525078773499, 0.692304253578186, 0.6371209621429443, 0.6602420806884766, 0.6473862528800964, 0.728005051612854, 0.6267898082733154, 0.6630542278289795, 0.7930043935775757, 0.7139073610305786, 0.6700015664100647, 0.6288824677467346, 0.650797426700592, 0.7231519222259521, 0.6515311598777771, 0.7760754823684692, 0.6117804050445557, 0.6228023767471313, 0.659206748008728, 0.6433011293411255, 0.7922635674476624, 0.6308097839355469, 0.7221418619155884, 0.6268368363380432, 0.8721832633018494, 0.6423650979995728, 0.7066884636878967, 0.7341760396957397, 0.685859739780426, 0.6248368620872498, 0.6343377828598022, 0.6430204510688782, 0.6840419769287109, 0.6831845641136169, 0.6557580828666687, 0.67033851146698, 0.6976981163024902, 0.8143426179885864, 0.6365911960601807, 0.8199467658996582, 0.6331008076667786, 0.7108569741249084, 0.6753917336463928, 0.7130473256111145, 0.7706345319747925, 0.6379889845848083, 0.6588767766952515, 0.6214149594306946, 0.6397984027862549, 0.735030472278595, 0.6726266741752625, 0.6386482119560242, 0.671524167060852, 0.6458938121795654, 0.6484639048576355, 0.6577309966087341, 0.6224459409713745, 0.64750736951828, 0.6760594844818115, 0.6134870648384094, 0.7003275156021118, 0.6687033176422119, 0.6256332993507385, 0.7207008600234985, 0.6276236772537231, 0.6939986348152161, 0.7483729124069214, 0.6289486289024353, 0.7398144602775574, 0.6815306544303894, 0.6774540543556213, 0.620901882648468, 0.6830425262451172, 0.6503658890724182, 0.6393373608589172, 0.8736943006515503, 0.6464405059814453]}",2000,11.416704416275024,,0.8740266561508179,0.6181451082229614,"{'train': 1529, 'val': 327, 'test': 329}",c:\Users\ydreizin\OneDrive - NVIDIA Corporation\Documents\Technion\RateAhead\notebooks\artifacts\pretrained_finetune\checkpoints\finetune_lora_budget2000_seed0.pt,low_budget,30928000.0
b66aa6c34e4e,lora,1.0,2000,1,194665,15464,15464,0.6884617805480957,1960,"{'global_step': [20, 40, 60, 80, 100, 120, 140, 160, 180, 200, 220, 240, 260, 280, 300, 320, 340, 360, 380, 400, 420, 440, 460, 480, 500, 520, 540, 560, 580, 600, 620, 640, 660, 680, 700, 720, 740, 760, 780, 800, 820, 840, 860, 880, 900, 920, 940, 960, 980, 1000, 1020, 1040, 1060, 1080, 1100, 1120, 1140, 1160, 1180, 1200, 1220, 1240, 1260, 1280, 1300, 1320, 1340, 1360, 1380, 1400, 1420, 1440, 1460, 1480, 1500, 1520, 1540, 1560, 1580, 1600, 1620, 1640, 1660, 1680, 1700, 1720, 1740, 1760, 1780, 1800, 1820, 1840, 1860, 1880, 1900, 1920, 1940, 1960, 1980, 2000], 'val_mse': [1.1522771120071411, 1.1578985452651978, 0.9047188758850098, 0.8763357996940613, 0.832589328289032, 0.8488028645515442, 1.301334261894226, 1.036576509475708, 0.845385730266571, 0.8801552057266235, 0.7973688840866089, 0.868402898311615, 0.80071622133255, 0.7558130025863647, 0.7360690236091614, 0.7862472534179688, 0.7507674694061279, 0.7864960432052612, 0.7204412221908569, 0.7512319087982178, 0.9312191605567932, 0.7700762748718262, 0.7360919713973999, 0.8670951128005981, 0.7191066741943359, 0.8207080960273743, 0.7364813685417175, 0.9458446502685547, 0.7472421526908875, 0.7711136937141418, 0.7269550561904907, 0.7325687408447266, 0.754220187664032, 0.8429993987083435, 0.8206558227539062, 0.7479414939880371, 0.7221046090126038, 0.7416108846664429, 0.715333104133606, 0.8754082322120667, 0.794021487236023, 0.7591712474822998, 0.9326226115226746, 0.7246524691581726, 0.7387076020240784, 0.7381488084793091, 0.7308246493339539, 1.0214000940322876, 0.8468246459960938, 0.7383144497871399, 0.8529691100120544, 0.7062680125236511, 0.8169137835502625, 0.726728618144989, 0.7210174202919006, 0.734255850315094, 0.8796967267990112, 0.7244740128517151, 0.7136574983596802, 0.7351312041282654, 0.886885404586792, 0.7649573087692261, 0.8099546432495117, 0.7622315287590027, 0.840474009513855, 0.7742975950241089, 0.8348135948181152, 0.6972417831420898, 0.730718195438385, 0.7051624655723572, 0.8660591840744019, 0.7136136889457703, 0.7282423377037048, 0.8548145294189453, 0.7084476947784424, 0.7667720317840576, 0.7346857190132141, 0.7143948674201965, 0.7285123467445374, 0.737784743309021, 0.7809301614761353, 0.7050526738166809, 0.7361876964569092, 0.8504809737205505, 0.7244535684585571, 0.721910834312439, 0.8876606225967407, 0.7199986577033997, 0.6897395849227905, 0.8854466080665588, 0.7064850926399231, 0.7471840977668762, 0.7372283935546875, 0.7120392322540283, 0.9232519268989563, 0.7198958992958069, 0.7260792851448059, 0.6884617805480957, 0.7345960736274719, 1.1032586097717285], 'val_mae': [0.862898588180542, 0.8835086226463318, 0.7418152093887329, 0.7328148484230042, 0.698014497756958, 0.7287777066230774, 0.9545928239822388, 0.8361369371414185, 0.7231202721595764, 0.7429469227790833, 0.6951157450675964, 0.7411385178565979, 0.6990543603897095, 0.6649156212806702, 0.6451900005340576, 0.6864107847213745, 0.6484866738319397, 0.6546918749809265, 0.6342565417289734, 0.6440057754516602, 0.7780907154083252, 0.6707631349563599, 0.6439414024353027, 0.7340103983879089, 0.6257141828536987, 0.7032073140144348, 0.6345150470733643, 0.7823179364204407, 0.643322765827179, 0.6686831712722778, 0.624708890914917, 0.6420372724533081, 0.6531826257705688, 0.7215883731842041, 0.7030832171440125, 0.657702624797821, 0.6382592916488647, 0.632151186466217, 0.6335145235061646, 0.7464070916175842, 0.692359209060669, 0.6690818667411804, 0.7684866786003113, 0.6241478323936462, 0.6363876461982727, 0.6460173726081848, 0.6386838555335999, 0.8238309025764465, 0.7236072421073914, 0.6288120150566101, 0.7276814579963684, 0.6207855343818665, 0.7092737555503845, 0.6430931091308594, 0.6234473586082458, 0.6384037733078003, 0.7425754070281982, 0.6224225163459778, 0.6194531917572021, 0.6421993374824524, 0.6944674253463745, 0.6688356399536133, 0.6956634521484375, 0.6704898476600647, 0.7140154838562012, 0.6496943235397339, 0.7167778611183167, 0.6145082712173462, 0.6290745139122009, 0.626798152923584, 0.728813886642456, 0.6180198788642883, 0.6416824460029602, 0.727681040763855, 0.6267157793045044, 0.6681783199310303, 0.6450476050376892, 0.6189420223236084, 0.6366778016090393, 0.637160062789917, 0.6741077899932861, 0.6139704585075378, 0.640230119228363, 0.7164909243583679, 0.6240278482437134, 0.632219672203064, 0.7393589019775391, 0.6305118203163147, 0.6079114675521851, 0.7323573231697083, 0.6236121654510498, 0.6509367823600769, 0.644508957862854, 0.6161031723022461, 0.7693338394165039, 0.6280721426010132, 0.638902485370636, 0.6095598936080933, 0.6409003734588623, 0.8602182865142822]}",2000,12.167726755142212,,0.8831561803817749,0.6253305673599243,"{'train': 1529, 'val': 327, 'test': 329}",c:\Users\ydreizin\OneDrive - NVIDIA Corporation\Documents\Technion\RateAhead\notebooks\artifacts\pretrained_finetune\checkpoints\finetune_lora_budget2000_seed1.pt,low_budget,30928000.0
91727e122cd8,lora,1.0,2000,2,194665,15464,15464,0.6823651790618896,1940,"{'global_step': [20, 40, 60, 80, 100, 120, 140, 160, 180, 200, 220, 240, 260, 280, 300, 320, 340, 360, 380, 400, 420, 440, 460, 480, 500, 520, 540, 560, 580, 600, 620, 640, 660, 680, 700, 720, 740, 760, 780, 800, 820, 840, 860, 880, 900, 920, 940, 960, 980, 1000, 1020, 1040, 1060, 1080, 1100, 1120, 1140, 1160, 1180, 1200, 1220, 1240, 1260, 1280, 1300, 1320, 1340, 1360, 1380, 1400, 1420, 1440, 1460, 1480, 1500, 1520, 1540, 1560, 1580, 1600, 1620, 1640, 1660, 1680, 1700, 1720, 1740, 1760, 1780, 1800, 1820, 1840, 1860, 1880, 1900, 1920, 1940, 1960, 1980, 2000], 'val_mse': [1.0968785285949707, 1.090463399887085, 0.9243051409721375, 0.8425306677818298, 0.8320921659469604, 0.8472128510475159, 0.9530053734779358, 1.053107500076294, 0.9771229028701782, 0.925901472568512, 0.7880617380142212, 0.7506894469261169, 0.8149285316467285, 0.8265630006790161, 0.8033856153488159, 0.7644516825675964, 0.7704502940177917, 0.764991283416748, 0.7436124682426453, 0.8516806364059448, 0.8293076157569885, 0.823969841003418, 0.7364309430122375, 0.7914829254150391, 0.7224977016448975, 0.7458310127258301, 0.738987147808075, 0.7301952838897705, 0.7442783117294312, 0.7371858358383179, 0.7379127740859985, 0.7533512711524963, 0.9640015959739685, 0.7496961951255798, 0.779160737991333, 0.8094882965087891, 0.763599693775177, 1.3126853704452515, 0.7162330150604248, 0.7876346111297607, 0.7875120639801025, 0.729949414730072, 0.7015844583511353, 0.7569957375526428, 0.772976279258728, 0.9213062524795532, 0.9804638028144836, 0.6949464678764343, 0.7519955635070801, 0.7630881667137146, 0.8907498717308044, 0.7135741710662842, 0.7834615707397461, 0.718430757522583, 0.918418288230896, 0.7905812859535217, 0.765044629573822, 0.7213309407234192, 0.7490761876106262, 0.7157541513442993, 0.8086110353469849, 0.7016421556472778, 0.7373027205467224, 0.7781776785850525, 0.744583249092102, 1.2574238777160645, 0.772022008895874, 0.7257994413375854, 0.7142539620399475, 0.7803439497947693, 0.7425777912139893, 0.8153599500656128, 0.7547309994697571, 0.7403325438499451, 0.7632998824119568, 0.8678503036499023, 0.779263436794281, 0.7303366661071777, 0.7232323884963989, 0.7399875521659851, 0.7112525701522827, 0.7476702928543091, 0.7305864095687866, 0.7185648679733276, 0.7203062176704407, 0.7697123289108276, 0.8467633724212646, 0.7477269172668457, 0.7297984957695007, 0.7362159490585327, 0.8333372473716736, 0.7239217758178711, 0.8616766929626465, 0.8197550773620605, 0.7643281817436218, 1.1424403190612793, 0.6823651790618896, 1.0001949071884155, 0.7154941558837891, 0.7124152779579163], 'val_mae': [0.8258054852485657, 0.8462365865707397, 0.7524493932723999, 0.705680787563324, 0.7102190852165222, 0.7264606356620789, 0.7893481850624084, 0.8451567888259888, 0.7996144890785217, 0.7692776322364807, 0.6636580228805542, 0.6556454300880432, 0.7069262862205505, 0.7146822214126587, 0.7016802430152893, 0.6725546717643738, 0.6762765049934387, 0.670528769493103, 0.6430624127388, 0.724896252155304, 0.7123430967330933, 0.7055246233940125, 0.6323968172073364, 0.6841486692428589, 0.6294682025909424, 0.6532973647117615, 0.6493229866027832, 0.6435613632202148, 0.649772047996521, 0.6433056592941284, 0.6448198556900024, 0.6556322574615479, 0.7938676476478577, 0.6429563760757446, 0.6762953400611877, 0.6979212164878845, 0.6469900608062744, 0.9656623005867004, 0.6192737221717834, 0.679534375667572, 0.6827623844146729, 0.6435419917106628, 0.6179336905479431, 0.6582892537117004, 0.6694887280464172, 0.7655342221260071, 0.8108532428741455, 0.6117932796478271, 0.6379182934761047, 0.6537575721740723, 0.739578127861023, 0.6150733232498169, 0.6820595860481262, 0.6205213069915771, 0.7662707567214966, 0.6873496174812317, 0.6734676361083984, 0.6381886601448059, 0.6364076733589172, 0.633985698223114, 0.7034910917282104, 0.6202426552772522, 0.6509916186332703, 0.6759786605834961, 0.6353773474693298, 0.9480409622192383, 0.6808487772941589, 0.6463813185691833, 0.6344835758209229, 0.6834977865219116, 0.6513733863830566, 0.6866679787635803, 0.6615674495697021, 0.6503264307975769, 0.6703107357025146, 0.7366212606430054, 0.6742352843284607, 0.6383756995201111, 0.6203517317771912, 0.6314853429794312, 0.6210706830024719, 0.6512765884399414, 0.6420586705207825, 0.6312758326530457, 0.6294258236885071, 0.6508408188819885, 0.7206426858901978, 0.6484963893890381, 0.6237139701843262, 0.6331738829612732, 0.7147594094276428, 0.6308843493461609, 0.7328197956085205, 0.708065390586853, 0.6406324505805969, 0.887494683265686, 0.6067471504211426, 0.816067099571228, 0.6341862082481384, 0.6329258680343628]}",2000,12.877417087554932,,0.8806496262550354,0.6264228820800781,"{'train': 1529, 'val': 327, 'test': 329}",c:\Users\ydreizin\OneDrive - NVIDIA Corporation\Documents\Technion\RateAhead\notebooks\artifacts\pretrained_finetune\checkpoints\finetune_lora_budget2000_seed2.pt,low_budget,30928000.0
d046b114737c,lora,1.0,5000,0,194665,15464,15464,0.6928433179855347,800,"{'global_step': [20, 40, 60, 80, 100, 120, 140, 160, 180, 200, 220, 240, 260, 280, 300, 320, 340, 360, 380, 400, 420, 440, 460, 480, 500, 520, 540, 560, 580, 600, 620, 640, 660, 680, 700, 720, 740, 760, 780, 800, 820, 840, 860, 880, 900, 920, 940, 960, 980, 1000, 1020, 1040, 1060, 1080, 1100, 1120, 1140, 1160, 1180, 1200, 1220, 1240, 1260, 1280, 1300, 1320, 1340, 1360, 1380, 1400, 1420, 1440, 1460, 1480, 1500, 1520, 1540, 1560, 1580, 1600, 1620, 1640, 1660, 1680, 1700, 1720, 1740, 1760, 1780, 1800, 1820, 1840, 1860, 1880, 1900, 1920, 1940, 1960, 1980, 2000, 2020, 2040, 2060, 2080, 2100, 2120, 2140, 2160, 2180, 2200, 2220, 2240, 2260, 2280, 2300, 2320, 2340, 2360, 2380, 2400, 2420, 2440, 2460, 2480, 2500, 2520, 2540, 2560, 2580, 2600, 2620, 2640, 2660, 2680, 2700, 2720, 2740, 2760, 2780, 2800, 2820, 2840, 2860, 2880, 2900, 2920, 2940, 2960, 2980, 3000, 3020, 3040, 3060, 3080, 3100, 3120, 3140, 3160, 3180, 3200, 3220, 3240, 3260, 3280, 3300, 3320, 3340, 3360, 3380, 3400, 3420, 3440, 3460, 3480, 3500, 3520, 3540, 3560, 3580, 3600, 3620, 3640, 3660, 3680, 3700, 3720, 3740, 3760, 3780, 3800, 3820, 3840, 3860, 3880, 3900, 3920, 3940, 3960, 3980, 4000, 4020, 4040, 4060, 4080, 4100, 4120, 4140, 4160, 4180, 4200, 4220, 4240, 4260, 4280, 4300, 4320, 4340, 4360, 4380, 4400, 4420, 4440, 4460, 4480, 4500, 4520, 4540, 4560, 4580, 4600, 4620, 4640, 4660, 4680, 4700, 4720, 4740, 4760, 4780, 4800, 4820, 4840, 4860, 4880, 4900, 4920, 4940, 4960, 4980, 5000], 'val_mse': [1.2056635618209839, 1.262839913368225, 1.0149898529052734, 1.0059382915496826, 0.8416929244995117, 0.8265854120254517, 0.8617817759513855, 0.783524751663208, 0.9429345726966858, 0.7692640423774719, 0.809878945350647, 0.7805619835853577, 0.8930484652519226, 0.8027200102806091, 0.8162954449653625, 0.7798604369163513, 0.7634661197662354, 0.72221839427948, 0.8340172171592712, 0.804614245891571, 0.7467177510261536, 0.7291938662528992, 0.7394374012947083, 0.8239328265190125, 0.7999081611633301, 0.7269793748855591, 0.7482402324676514, 0.758750319480896, 0.8451760411262512, 0.7226061224937439, 0.7575018405914307, 0.966979444026947, 0.8213796019554138, 0.7605134844779968, 0.7416132688522339, 0.7349379658699036, 0.8493983745574951, 0.7407881021499634, 0.9259074926376343, 0.6928433179855347, 0.7075430750846863, 0.7546420693397522, 0.7237082123756409, 0.9685317277908325, 0.7359098196029663, 0.8393884301185608, 0.7157121300697327, 1.1115888357162476, 0.7476106882095337, 0.8248286247253418, 0.9616203904151917, 0.7907846570014954, 0.724795401096344, 0.7288589477539062, 0.7345256209373474, 0.7876076698303223, 0.7930456399917603, 0.7724078297615051, 0.770738422870636, 0.8047909736633301, 1.0066508054733276, 0.740347683429718, 1.0319972038269043, 0.7376881837844849, 0.861792802810669, 0.7823637127876282, 0.8408156633377075, 0.9346016049385071, 0.7472447156906128, 0.7610737085342407, 0.7205667495727539, 0.7376327514648438, 0.8713865876197815, 0.8278401494026184, 0.7300134897232056, 0.7745018601417542, 0.7498525381088257, 0.7655059099197388, 0.7557792663574219, 0.7243900299072266, 0.7341294884681702, 0.775136411190033, 0.7018672227859497, 0.8193953037261963, 0.7794343829154968, 0.721200168132782, 0.850117564201355, 0.7415897250175476, 0.7987080812454224, 0.8905715346336365, 0.7187647819519043, 0.8870723843574524, 0.7884290218353271, 0.780206024646759, 0.7008016705513, 0.7851752042770386, 0.7422261834144592, 0.7243678569793701, 1.137505292892456, 0.7395153045654297, 0.8307178616523743, 0.7998261451721191, 0.7289838194847107, 0.8672093152999878, 0.7863667011260986, 0.7547414302825928, 0.7625572681427002, 0.7031223773956299, 0.750173807144165, 0.7368905544281006, 0.9018783569335938, 1.0040924549102783, 0.7899590134620667, 0.7179431319236755, 0.8028257489204407, 0.8378346562385559, 0.7193759083747864, 0.7821133732795715, 0.7052382826805115, 0.8061491847038269, 0.7213195562362671, 0.7553065419197083, 0.730132520198822, 0.7478408217430115, 0.7959256172180176, 0.7486781477928162, 0.7440963387489319, 0.7003508806228638, 0.9830610752105713, 0.7476269006729126, 0.7540974020957947, 0.7371452450752258, 0.7469490766525269, 1.0654844045639038, 0.7204582691192627, 0.7353858947753906, 0.755436360836029, 0.984510064125061, 0.758644163608551, 0.7351213097572327, 0.859721302986145, 1.1799782514572144, 0.7466400861740112, 1.1758508682250977, 0.7761257886886597, 0.882176399230957, 0.7327232360839844, 0.7860568165779114, 0.8217034339904785, 1.010559320449829, 0.7372444272041321, 0.8549303412437439, 0.769511342048645, 0.780494213104248, 0.7625980377197266, 0.8436225056648254, 0.7858139276504517, 0.8338087201118469, 0.8095862865447998, 0.7321206331253052, 0.7531464099884033, 0.9889946579933167, 0.8543148040771484, 0.802706778049469, 0.7229459881782532, 0.764005720615387, 0.731393039226532, 0.7955940365791321, 0.7516705989837646, 0.7247809767723083, 0.7740550637245178, 0.9419654607772827, 0.7503336668014526, 0.7544565796852112, 0.7720438838005066, 0.8782120943069458, 0.884338915348053, 0.7286587953567505, 0.7875775694847107, 0.7654227018356323, 0.8601040840148926, 0.7402851581573486, 0.7788734436035156, 0.7857312560081482, 0.7928228974342346, 0.7741193175315857, 0.7504109144210815, 0.7706008553504944, 0.7450385093688965, 0.8786598443984985, 0.9631974101066589, 0.8053097128868103, 0.7234376668930054, 0.7815054059028625, 0.7581586241722107, 0.7736780047416687, 0.7741580009460449, 0.7461162805557251, 0.7354975342750549, 0.8312608599662781, 0.9637045860290527, 0.8310065269470215, 0.745198130607605, 0.7464066743850708, 0.792285680770874, 0.8360856175422668, 0.7916785478591919, 0.770776093006134, 0.8110447525978088, 0.7350189089775085, 0.8012901544570923, 0.8739767074584961, 0.771537721157074, 0.8397162556648254, 0.7878442406654358, 0.7881497740745544, 0.7308700680732727, 0.7937473654747009, 0.7746086716651917, 0.7439461350440979, 0.9177920818328857, 0.853049635887146, 0.9249721169471741, 0.7929480075836182, 0.7453653216362, 0.759980320930481, 0.7715938091278076, 1.1037832498550415, 0.7725539207458496, 0.781564474105835, 0.7776533365249634, 0.7776197195053101, 0.8778824806213379, 0.8204758167266846, 0.7416297197341919, 1.278766393661499, 0.9124037027359009, 0.8409274220466614, 0.7887408137321472, 0.8240925669670105, 0.8206853270530701, 0.9152960777282715, 0.7481458783149719, 0.7625617384910583, 0.8454961180686951, 0.7553151249885559, 0.849364697933197, 0.8578245043754578, 0.9693939685821533, 0.7958344221115112], 'val_mae': [0.8890494704246521, 0.932672917842865, 0.8134301900863647, 0.8059535622596741, 0.716434895992279, 0.7107671499252319, 0.7308402061462402, 0.6793885827064514, 0.7829740047454834, 0.67376708984375, 0.6986929774284363, 0.6773970723152161, 0.7463857531547546, 0.698291003704071, 0.708482027053833, 0.677379310131073, 0.6689037084579468, 0.6357747912406921, 0.7162366509437561, 0.6965950131416321, 0.642154335975647, 0.6425726413726807, 0.6493028998374939, 0.7040525078773499, 0.692304253578186, 0.6371209621429443, 0.6602420806884766, 0.6473862528800964, 0.728005051612854, 0.6267898082733154, 0.6630542278289795, 0.7930043935775757, 0.7139073610305786, 0.6700015664100647, 0.6288824677467346, 0.650797426700592, 0.7231519222259521, 0.6515311598777771, 0.7760754823684692, 0.6117804050445557, 0.6228023767471313, 0.659206748008728, 0.6433011293411255, 0.7922635674476624, 0.6308097839355469, 0.7221418619155884, 0.6268368363380432, 0.8721832633018494, 0.6423650979995728, 0.7066884636878967, 0.7341760396957397, 0.685859739780426, 0.6248368620872498, 0.6343377828598022, 0.6430204510688782, 0.6840419769287109, 0.6831845641136169, 0.6557580828666687, 0.67033851146698, 0.6976981163024902, 0.8143426179885864, 0.6365911960601807, 0.8199467658996582, 0.6331008076667786, 0.7108569741249084, 0.6753917336463928, 0.7130473256111145, 0.7706345319747925, 0.6379889845848083, 0.6588767766952515, 0.6214149594306946, 0.6397984027862549, 0.735030472278595, 0.6726266741752625, 0.6386482119560242, 0.671524167060852, 0.6458938121795654, 0.6484639048576355, 0.6577309966087341, 0.6224459409713745, 0.64750736951828, 0.6760594844818115, 0.6134870648384094, 0.7003275156021118, 0.6687033176422119, 0.6256332993507385, 0.7207008600234985, 0.6276236772537231, 0.6939986348152161, 0.7483729124069214, 0.6289486289024353, 0.7398144602775574, 0.6815306544303894, 0.6774540543556213, 0.620901882648468, 0.6830425262451172, 0.6503658890724182, 0.6393373608589172, 0.8736943006515503, 0.6464405059814453, 0.70436030626297, 0.6898790001869202, 0.6238157153129578, 0.7273852825164795, 0.676497220993042, 0.6614000797271729, 0.6625620126724243, 0.6236354112625122, 0.6591132283210754, 0.6340780258178711, 0.7483242154121399, 0.8101567625999451, 0.6810315847396851, 0.6321090459823608, 0.6956884860992432, 0.716581404209137, 0.6291331052780151, 0.6755203008651733, 0.6141798496246338, 0.6949103474617004, 0.6215163469314575, 0.656765878200531, 0.6340351700782776, 0.6470065712928772, 0.6892897486686707, 0.6355398893356323, 0.6465975642204285, 0.6151221990585327, 0.79979407787323, 0.6534339189529419, 0.6593660712242126, 0.6508409380912781, 0.6505667567253113, 0.8363560438156128, 0.6298495531082153, 0.6320274472236633, 0.6551753282546997, 0.8039371371269226, 0.6505976319313049, 0.6323140263557434, 0.7269595861434937, 0.9013761281967163, 0.6566952466964722, 0.8987321257591248, 0.6792858242988586, 0.7468540072441101, 0.6312949061393738, 0.6826376914978027, 0.6987142562866211, 0.806650698184967, 0.6492098569869995, 0.6993829607963562, 0.6736461520195007, 0.653574526309967, 0.6411432027816772, 0.7070991396903992, 0.6799324750900269, 0.7137390375137329, 0.6963353753089905, 0.6284753680229187, 0.6575291156768799, 0.8060070276260376, 0.7109220027923584, 0.6910446882247925, 0.6315353512763977, 0.6641396880149841, 0.6385124921798706, 0.6847404837608337, 0.6353869438171387, 0.6263043880462646, 0.6603420972824097, 0.7683994174003601, 0.6520436406135559, 0.6376852989196777, 0.6564406752586365, 0.7285284399986267, 0.7411035895347595, 0.6330012679100037, 0.6847578883171082, 0.6640974879264832, 0.7259809970855713, 0.6404768228530884, 0.6671338677406311, 0.6523112654685974, 0.6726701259613037, 0.6613098978996277, 0.6432622075080872, 0.6606287360191345, 0.6394640207290649, 0.6814619302749634, 0.7763647437095642, 0.683272123336792, 0.6252731084823608, 0.6547664999961853, 0.648046612739563, 0.6721584796905518, 0.6670138239860535, 0.647015392780304, 0.6334360241889954, 0.6763951778411865, 0.7819888591766357, 0.7039446830749512, 0.6356616020202637, 0.6411760449409485, 0.6778903007507324, 0.7001621127128601, 0.6801677346229553, 0.6564868688583374, 0.6866784691810608, 0.6349623799324036, 0.6879231333732605, 0.7338131070137024, 0.6649082899093628, 0.7131484150886536, 0.6842451095581055, 0.6820768117904663, 0.6381935477256775, 0.6877261996269226, 0.6676726937294006, 0.6474087834358215, 0.7472392320632935, 0.7153741121292114, 0.7536849975585938, 0.6851197481155396, 0.6525886654853821, 0.6465128660202026, 0.6537105441093445, 0.8556635975837708, 0.6651769876480103, 0.6643841862678528, 0.6559538841247559, 0.6505305171012878, 0.7324337959289551, 0.6983660459518433, 0.6379554867744446, 0.9451462030410767, 0.7503897547721863, 0.7062795758247375, 0.6687994599342346, 0.6639874577522278, 0.6933416724205017, 0.7518894076347351, 0.6342360973358154, 0.6473129987716675, 0.6663284301757812, 0.6478089690208435, 0.7064882516860962, 0.7113912105560303, 0.7859957814216614, 0.6784346103668213]}",5000,31.72696042060852,,0.8740266561508179,0.6181451082229614,"{'train': 1529, 'val': 327, 'test': 329}",c:\Users\ydreizin\OneDrive - NVIDIA Corporation\Documents\Technion\RateAhead\notebooks\artifacts\pretrained_finetune\checkpoints\finetune_lora_budget5000_seed0.pt,low_budget,77320000.0
afc54662b83f,lora,1.0,5000,1,194665,15464,15464,0.6884617805480957,1960,"{'global_step': [20, 40, 60, 80, 100, 120, 140, 160, 180, 200, 220, 240, 260, 280, 300, 320, 340, 360, 380, 400, 420, 440, 460, 480, 500, 520, 540, 560, 580, 600, 620, 640, 660, 680, 700, 720, 740, 760, 780, 800, 820, 840, 860, 880, 900, 920, 940, 960, 980, 1000, 1020, 1040, 1060, 1080, 1100, 1120, 1140, 1160, 1180, 1200, 1220, 1240, 1260, 1280, 1300, 1320, 1340, 1360, 1380, 1400, 1420, 1440, 1460, 1480, 1500, 1520, 1540, 1560, 1580, 1600, 1620, 1640, 1660, 1680, 1700, 1720, 1740, 1760, 1780, 1800, 1820, 1840, 1860, 1880, 1900, 1920, 1940, 1960, 1980, 2000, 2020, 2040, 2060, 2080, 2100, 2120, 2140, 2160, 2180, 2200, 2220, 2240, 2260, 2280, 2300, 2320, 2340, 2360, 2380, 2400, 2420, 2440, 2460, 2480, 2500, 2520, 2540, 2560, 2580, 2600, 2620, 2640, 2660, 2680, 2700, 2720, 2740, 2760, 2780, 2800, 2820, 2840, 2860, 2880, 2900, 2920, 2940, 2960, 2980, 3000, 3020, 3040, 3060, 3080, 3100, 3120, 3140, 3160, 3180, 3200, 3220, 3240, 3260, 3280, 3300, 3320, 3340, 3360, 3380, 3400, 3420, 3440, 3460, 3480, 3500, 3520, 3540, 3560, 3580, 3600, 3620, 3640, 3660, 3680, 3700, 3720, 3740, 3760, 3780, 3800, 3820, 3840, 3860, 3880, 3900, 3920, 3940, 3960, 3980, 4000, 4020, 4040, 4060, 4080, 4100, 4120, 4140, 4160, 4180, 4200, 4220, 4240, 4260, 4280, 4300, 4320, 4340, 4360, 4380, 4400, 4420, 4440, 4460, 4480, 4500, 4520, 4540, 4560, 4580, 4600, 4620, 4640, 4660, 4680, 4700, 4720, 4740, 4760, 4780, 4800, 4820, 4840, 4860, 4880, 4900, 4920, 4940, 4960, 4980, 5000], 'val_mse': [1.1522771120071411, 1.1578985452651978, 0.9047188758850098, 0.8763357996940613, 0.832589328289032, 0.8488028645515442, 1.301334261894226, 1.036576509475708, 0.845385730266571, 0.8801552057266235, 0.7973688840866089, 0.868402898311615, 0.80071622133255, 0.7558130025863647, 0.7360690236091614, 0.7862472534179688, 0.7507674694061279, 0.7864960432052612, 0.7204412221908569, 0.7512319087982178, 0.9312191605567932, 0.7700762748718262, 0.7360919713973999, 0.8670951128005981, 0.7191066741943359, 0.8207080960273743, 0.7364813685417175, 0.9458446502685547, 0.7472421526908875, 0.7711136937141418, 0.7269550561904907, 0.7325687408447266, 0.754220187664032, 0.8429993987083435, 0.8206558227539062, 0.7479414939880371, 0.7221046090126038, 0.7416108846664429, 0.715333104133606, 0.8754082322120667, 0.794021487236023, 0.7591712474822998, 0.9326226115226746, 0.7246524691581726, 0.7387076020240784, 0.7381488084793091, 0.7308246493339539, 1.0214000940322876, 0.8468246459960938, 0.7383144497871399, 0.8529691100120544, 0.7062680125236511, 0.8169137835502625, 0.726728618144989, 0.7210174202919006, 0.734255850315094, 0.8796967267990112, 0.7244740128517151, 0.7136574983596802, 0.7351312041282654, 0.886885404586792, 0.7649573087692261, 0.8099546432495117, 0.7622315287590027, 0.840474009513855, 0.7742975950241089, 0.8348135948181152, 0.6972417831420898, 0.730718195438385, 0.7051624655723572, 0.8660591840744019, 0.7136136889457703, 0.7282423377037048, 0.8548145294189453, 0.7084476947784424, 0.7667720317840576, 0.7346857190132141, 0.7143948674201965, 0.7285123467445374, 0.737784743309021, 0.7809301614761353, 0.7050526738166809, 0.7361876964569092, 0.8504809737205505, 0.7244535684585571, 0.721910834312439, 0.8876606225967407, 0.7199986577033997, 0.6897395849227905, 0.8854466080665588, 0.7064850926399231, 0.7471840977668762, 0.7372283935546875, 0.7120392322540283, 0.9232519268989563, 0.7198958992958069, 0.7260792851448059, 0.6884617805480957, 0.7345960736274719, 1.1032586097717285, 0.7138778567314148, 0.7164584398269653, 0.7615875601768494, 0.7508658170700073, 0.8006413578987122, 0.7217413783073425, 0.7975101470947266, 0.7000948190689087, 0.7393978238105774, 0.7277829051017761, 0.7548353672027588, 0.7068837285041809, 0.748720109462738, 0.7036609053611755, 0.9009877443313599, 0.8007596135139465, 0.6982678771018982, 0.6990897059440613, 0.7339265942573547, 0.7689540386199951, 0.7273948788642883, 0.7194540500640869, 0.7888545989990234, 0.7789974212646484, 0.7181598544120789, 0.7454626560211182, 0.8479347229003906, 0.7384577989578247, 0.7792234420776367, 0.730117917060852, 0.7270210385322571, 0.7262648344039917, 0.8327320218086243, 0.7449524402618408, 0.8011131882667542, 0.7732027769088745, 0.8967903256416321, 0.7255622148513794, 0.7359113097190857, 0.8555050492286682, 0.7157673239707947, 0.8577799797058105, 0.7524335384368896, 0.8084390163421631, 0.8142668604850769, 0.8266629576683044, 0.7798980474472046, 0.9924424886703491, 0.7337011694908142, 0.7754504680633545, 0.803432822227478, 0.7199297547340393, 0.7152910828590393, 0.742112398147583, 0.7814193964004517, 0.7031293511390686, 0.7487027049064636, 0.7635232210159302, 0.7336729764938354, 0.7130060791969299, 0.9073753356933594, 0.7443545460700989, 0.7349486947059631, 0.7268925309181213, 0.7287521362304688, 0.7360371947288513, 0.7178972959518433, 0.7234278321266174, 0.763911783695221, 0.7548667192459106, 0.994876503944397, 0.7470002770423889, 0.7906281352043152, 0.7089809775352478, 0.7473718523979187, 0.7455559968948364, 0.7795910239219666, 0.7229099273681641, 0.7146345973014832, 0.7214008569717407, 0.7621114253997803, 0.853468656539917, 0.7498922348022461, 0.9558418989181519, 0.928473711013794, 0.7070019841194153, 0.7511174082756042, 0.850365400314331, 0.8047657012939453, 0.7919155955314636, 0.7197189927101135, 0.7285692095756531, 0.7260722517967224, 0.971267819404602, 0.7859818935394287, 0.7471587657928467, 0.7352392077445984, 0.8374949097633362, 0.779282808303833, 0.7795878052711487, 0.7399739623069763, 0.8602433800697327, 0.7732748985290527, 0.7629672288894653, 0.7396190762519836, 0.7978388667106628, 0.7498595118522644, 0.7308238744735718, 0.8348907828330994, 0.8098650574684143, 0.7816307544708252, 0.8634605407714844, 0.7471499443054199, 0.7487866282463074, 0.7684313654899597, 0.7762809991836548, 0.7779187560081482, 0.833299994468689, 0.8268235921859741, 0.7653905749320984, 0.8535604476928711, 0.8905739784240723, 0.9795846939086914, 0.744003415107727, 0.9545525312423706, 0.7722517251968384, 0.9432883262634277, 0.9389961957931519, 0.7847265005111694, 0.7602677345275879, 0.7865331768989563, 0.7947948575019836, 0.7483287453651428, 0.8643286228179932, 0.7723127603530884, 0.7464317083358765, 0.7743868231773376, 0.7513653039932251, 0.7927507162094116, 0.7703484296798706, 0.821575403213501, 0.8070427775382996, 0.7670203447341919, 0.7508939504623413, 0.7348623275756836, 0.7470616698265076, 0.7462179660797119, 0.7610397338867188, 0.7435925602912903, 0.7738236784934998], 'val_mae': [0.862898588180542, 0.8835086226463318, 0.7418152093887329, 0.7328148484230042, 0.698014497756958, 0.7287777066230774, 0.9545928239822388, 0.8361369371414185, 0.7231202721595764, 0.7429469227790833, 0.6951157450675964, 0.7411385178565979, 0.6990543603897095, 0.6649156212806702, 0.6451900005340576, 0.6864107847213745, 0.6484866738319397, 0.6546918749809265, 0.6342565417289734, 0.6440057754516602, 0.7780907154083252, 0.6707631349563599, 0.6439414024353027, 0.7340103983879089, 0.6257141828536987, 0.7032073140144348, 0.6345150470733643, 0.7823179364204407, 0.643322765827179, 0.6686831712722778, 0.624708890914917, 0.6420372724533081, 0.6531826257705688, 0.7215883731842041, 0.7030832171440125, 0.657702624797821, 0.6382592916488647, 0.632151186466217, 0.6335145235061646, 0.7464070916175842, 0.692359209060669, 0.6690818667411804, 0.7684866786003113, 0.6241478323936462, 0.6363876461982727, 0.6460173726081848, 0.6386838555335999, 0.8238309025764465, 0.7236072421073914, 0.6288120150566101, 0.7276814579963684, 0.6207855343818665, 0.7092737555503845, 0.6430931091308594, 0.6234473586082458, 0.6384037733078003, 0.7425754070281982, 0.6224225163459778, 0.6194531917572021, 0.6421993374824524, 0.6944674253463745, 0.6688356399536133, 0.6956634521484375, 0.6704898476600647, 0.7140154838562012, 0.6496943235397339, 0.7167778611183167, 0.6145082712173462, 0.6290745139122009, 0.626798152923584, 0.728813886642456, 0.6180198788642883, 0.6416824460029602, 0.727681040763855, 0.6267157793045044, 0.6681783199310303, 0.6450476050376892, 0.6189420223236084, 0.6366778016090393, 0.637160062789917, 0.6741077899932861, 0.6139704585075378, 0.640230119228363, 0.7164909243583679, 0.6240278482437134, 0.632219672203064, 0.7393589019775391, 0.6305118203163147, 0.6079114675521851, 0.7323573231697083, 0.6236121654510498, 0.6509367823600769, 0.644508957862854, 0.6161031723022461, 0.7693338394165039, 0.6280721426010132, 0.638902485370636, 0.6095598936080933, 0.6409003734588623, 0.8602182865142822, 0.6181092858314514, 0.6181226968765259, 0.6450123190879822, 0.6483763456344604, 0.6763537526130676, 0.623796284198761, 0.6761384010314941, 0.6138028502464294, 0.648885190486908, 0.6364486813545227, 0.6620320677757263, 0.616506040096283, 0.6536788940429688, 0.6213141083717346, 0.7524803876876831, 0.6590703725814819, 0.6128996014595032, 0.6109862327575684, 0.6390608549118042, 0.6671182513237, 0.6264215111732483, 0.6212747097015381, 0.6784711480140686, 0.6425436735153198, 0.6288242340087891, 0.6528911590576172, 0.7207891941070557, 0.645459771156311, 0.6771929860115051, 0.6397663354873657, 0.6337103247642517, 0.62785404920578, 0.7014520168304443, 0.6368348598480225, 0.6912463903427124, 0.6659804582595825, 0.7466821670532227, 0.632799506187439, 0.63802170753479, 0.7199988961219788, 0.6208689212799072, 0.719773530960083, 0.6344700455665588, 0.6938983798027039, 0.6959479451179504, 0.6998462677001953, 0.6427891254425049, 0.8029145002365112, 0.6360443234443665, 0.6599208116531372, 0.6872993111610413, 0.6273155212402344, 0.6178027391433716, 0.6454193592071533, 0.6740948557853699, 0.6124482154846191, 0.6511911153793335, 0.6628668904304504, 0.638853907585144, 0.6193471550941467, 0.7515629529953003, 0.6379095315933228, 0.6327788233757019, 0.6368734836578369, 0.6347848176956177, 0.6265610456466675, 0.6294108033180237, 0.6204305291175842, 0.6595224142074585, 0.6432693004608154, 0.7929991483688354, 0.6545712351799011, 0.6823717355728149, 0.6162278652191162, 0.645435094833374, 0.6369434595108032, 0.6715150475502014, 0.6284158825874329, 0.6290138363838196, 0.6386623382568359, 0.6444603204727173, 0.7238321304321289, 0.6350042819976807, 0.7831628918647766, 0.771321713924408, 0.6220536231994629, 0.6345258951187134, 0.7210965156555176, 0.6906198859214783, 0.6770856380462646, 0.623934805393219, 0.6283506155014038, 0.6187415719032288, 0.7825309038162231, 0.6660863161087036, 0.6396281123161316, 0.63604336977005, 0.710296094417572, 0.6683874726295471, 0.6487792730331421, 0.6362862586975098, 0.7209764122962952, 0.6633127331733704, 0.6431129574775696, 0.6360262632369995, 0.6780872344970703, 0.6460249423980713, 0.6310886144638062, 0.6992984414100647, 0.6775065660476685, 0.6411522626876831, 0.7133265137672424, 0.6417674422264099, 0.6374698877334595, 0.642442524433136, 0.6573410034179688, 0.6517616510391235, 0.6917765736579895, 0.6579275131225586, 0.6514300107955933, 0.7141488194465637, 0.7392959594726562, 0.7243996262550354, 0.649003267288208, 0.7823509573936462, 0.6666083335876465, 0.7685532569885254, 0.770107090473175, 0.6653110980987549, 0.6454357504844666, 0.6729442477226257, 0.6528661847114563, 0.6388688087463379, 0.7223581671714783, 0.6400302052497864, 0.6514807939529419, 0.6599956154823303, 0.6350296139717102, 0.675521969795227, 0.6517109274864197, 0.6922018527984619, 0.66804438829422, 0.6607047915458679, 0.6491435766220093, 0.6309847831726074, 0.6365423202514648, 0.6429165005683899, 0.6488840579986572, 0.6304476261138916, 0.6603423953056335]}",5000,31.959051609039307,,0.8831561803817749,0.6253305673599243,"{'train': 1529, 'val': 327, 'test': 329}",c:\Users\ydreizin\OneDrive - NVIDIA Corporation\Documents\Technion\RateAhead\notebooks\artifacts\pretrained_finetune\checkpoints\finetune_lora_budget5000_seed1.pt,low_budget,77320000.0
9b9ad391582f,lora,1.0,5000,2,194665,15464,15464,0.6823651790618896,1940,"{'global_step': [20, 40, 60, 80, 100, 120, 140, 160, 180, 200, 220, 240, 260, 280, 300, 320, 340, 360, 380, 400, 420, 440, 460, 480, 500, 520, 540, 560, 580, 600, 620, 640, 660, 680, 700, 720, 740, 760, 780, 800, 820, 840, 860, 880, 900, 920, 940, 960, 980, 1000, 1020, 1040, 1060, 1080, 1100, 1120, 1140, 1160, 1180, 1200, 1220, 1240, 1260, 1280, 1300, 1320, 1340, 1360, 1380, 1400, 1420, 1440, 1460, 1480, 1500, 1520, 1540, 1560, 1580, 1600, 1620, 1640, 1660, 1680, 1700, 1720, 1740, 1760, 1780, 1800, 1820, 1840, 1860, 1880, 1900, 1920, 1940, 1960, 1980, 2000, 2020, 2040, 2060, 2080, 2100, 2120, 2140, 2160, 2180, 2200, 2220, 2240, 2260, 2280, 2300, 2320, 2340, 2360, 2380, 2400, 2420, 2440, 2460, 2480, 2500, 2520, 2540, 2560, 2580, 2600, 2620, 2640, 2660, 2680, 2700, 2720, 2740, 2760, 2780, 2800, 2820, 2840, 2860, 2880, 2900, 2920, 2940, 2960, 2980, 3000, 3020, 3040, 3060, 3080, 3100, 3120, 3140, 3160, 3180, 3200, 3220, 3240, 3260, 3280, 3300, 3320, 3340, 3360, 3380, 3400, 3420, 3440, 3460, 3480, 3500, 3520, 3540, 3560, 3580, 3600, 3620, 3640, 3660, 3680, 3700, 3720, 3740, 3760, 3780, 3800, 3820, 3840, 3860, 3880, 3900, 3920, 3940, 3960, 3980, 4000, 4020, 4040, 4060, 4080, 4100, 4120, 4140, 4160, 4180, 4200, 4220, 4240, 4260, 4280, 4300, 4320, 4340, 4360, 4380, 4400, 4420, 4440, 4460, 4480, 4500, 4520, 4540, 4560, 4580, 4600, 4620, 4640, 4660, 4680, 4700, 4720, 4740, 4760, 4780, 4800, 4820, 4840, 4860, 4880, 4900, 4920, 4940, 4960, 4980, 5000], 'val_mse': [1.0968785285949707, 1.090463399887085, 0.9243051409721375, 0.8425306677818298, 0.8320921659469604, 0.8472128510475159, 0.9530053734779358, 1.053107500076294, 0.9771229028701782, 0.925901472568512, 0.7880617380142212, 0.7506894469261169, 0.8149285316467285, 0.8265630006790161, 0.8033856153488159, 0.7644516825675964, 0.7704502940177917, 0.764991283416748, 0.7436124682426453, 0.8516806364059448, 0.8293076157569885, 0.823969841003418, 0.7364309430122375, 0.7914829254150391, 0.7224977016448975, 0.7458310127258301, 0.738987147808075, 0.7301952838897705, 0.7442783117294312, 0.7371858358383179, 0.7379127740859985, 0.7533512711524963, 0.9640015959739685, 0.7496961951255798, 0.779160737991333, 0.8094882965087891, 0.763599693775177, 1.3126853704452515, 0.7162330150604248, 0.7876346111297607, 0.7875120639801025, 0.729949414730072, 0.7015844583511353, 0.7569957375526428, 0.772976279258728, 0.9213062524795532, 0.9804638028144836, 0.6949464678764343, 0.7519955635070801, 0.7630881667137146, 0.8907498717308044, 0.7135741710662842, 0.7834615707397461, 0.718430757522583, 0.918418288230896, 0.7905812859535217, 0.765044629573822, 0.7213309407234192, 0.7490761876106262, 0.7157541513442993, 0.8086110353469849, 0.7016421556472778, 0.7373027205467224, 0.7781776785850525, 0.744583249092102, 1.2574238777160645, 0.772022008895874, 0.7257994413375854, 0.7142539620399475, 0.7803439497947693, 0.7425777912139893, 0.8153599500656128, 0.7547309994697571, 0.7403325438499451, 0.7632998824119568, 0.8678503036499023, 0.779263436794281, 0.7303366661071777, 0.7232323884963989, 0.7399875521659851, 0.7112525701522827, 0.7476702928543091, 0.7305864095687866, 0.7185648679733276, 0.7203062176704407, 0.7697123289108276, 0.8467633724212646, 0.7477269172668457, 0.7297984957695007, 0.7362159490585327, 0.8333372473716736, 0.7239217758178711, 0.8616766929626465, 0.8197550773620605, 0.7643281817436218, 1.1424403190612793, 0.6823651790618896, 1.0001949071884155, 0.7154941558837891, 0.7124152779579163, 0.7160166501998901, 0.8565888404846191, 0.7260199785232544, 0.7966907620429993, 0.7139255404472351, 0.7226186990737915, 0.7037102580070496, 0.7017937302589417, 0.7667394280433655, 0.7377349138259888, 0.7894123792648315, 0.7156714797019958, 0.9133188128471375, 0.7892510294914246, 1.025857925415039, 0.7043764591217041, 0.7350477576255798, 0.7635067701339722, 0.6950723528862, 0.7667294144630432, 0.7527990937232971, 0.8328943252563477, 0.7553523182868958, 0.7464197874069214, 0.8249399065971375, 0.7448327541351318, 0.7502956986427307, 0.6948753595352173, 0.7295204401016235, 0.749750554561615, 0.7344912886619568, 0.8142792582511902, 0.7451656460762024, 0.7150446176528931, 0.7150347232818604, 0.8679304718971252, 0.8875303864479065, 0.7572157979011536, 0.7030567526817322, 0.9943702816963196, 0.7163191437721252, 0.7650201320648193, 0.7197982668876648, 0.7517092227935791, 0.7631900906562805, 0.8120377659797668, 0.7512421607971191, 0.7248923182487488, 0.7611737251281738, 0.8687366247177124, 0.8315475583076477, 0.7523882389068604, 0.7335993647575378, 0.7284964323043823, 0.7161167860031128, 0.7725470662117004, 0.7159320712089539, 0.9408847689628601, 0.725216269493103, 0.934313952922821, 0.746488094329834, 0.7251970767974854, 0.7503213286399841, 0.7277304530143738, 0.7294387221336365, 0.7645890712738037, 0.8534609079360962, 0.7349746823310852, 0.7517592310905457, 1.0411224365234375, 0.7741350531578064, 0.7797044515609741, 0.8085188865661621, 0.7123384475708008, 0.7877086997032166, 0.8074674010276794, 0.7264466881752014, 0.7099541425704956, 1.0034446716308594, 0.9096613526344299, 0.7815423011779785, 0.8497511148452759, 0.7476704716682434, 0.7417412400245667, 0.9279378056526184, 0.7795277237892151, 0.7338429689407349, 0.7142919301986694, 0.9178265333175659, 0.7323716878890991, 0.9519528150558472, 0.8436440825462341, 0.7328449487686157, 0.7690039873123169, 0.7609308958053589, 0.7620941400527954, 0.7115809917449951, 0.9390238523483276, 0.7636286616325378, 0.7479907274246216, 0.7322208285331726, 0.7780025005340576, 0.7712178230285645, 0.839128315448761, 0.7494961023330688, 0.728212296962738, 0.9436435699462891, 0.7674862742424011, 0.7891352772712708, 0.8309112191200256, 0.760573148727417, 0.7831523418426514, 0.8326911330223083, 0.8493185043334961, 0.7523162961006165, 0.7651137709617615, 0.8086168169975281, 0.7927799224853516, 0.8546573519706726, 0.8029158711433411, 0.8083827495574951, 0.7824638485908508, 0.7753990292549133, 0.7726239562034607, 0.798300564289093, 0.7358803153038025, 0.7406856417655945, 0.7968071699142456, 0.7341935634613037, 0.9237692356109619, 0.7528755068778992, 0.9079403877258301, 1.0401315689086914, 0.8085566759109497, 0.7390472888946533, 0.8603649139404297, 0.7827447056770325, 0.8365800380706787, 0.746481716632843, 0.8473770022392273, 0.7456807494163513, 0.7289801836013794, 0.7681098580360413, 0.7297487258911133, 0.7801074385643005, 0.8884451985359192, 0.7358781695365906, 0.9569966197013855, 0.7366999983787537, 1.3438743352890015], 'val_mae': [0.8258054852485657, 0.8462365865707397, 0.7524493932723999, 0.705680787563324, 0.7102190852165222, 0.7264606356620789, 0.7893481850624084, 0.8451567888259888, 0.7996144890785217, 0.7692776322364807, 0.6636580228805542, 0.6556454300880432, 0.7069262862205505, 0.7146822214126587, 0.7016802430152893, 0.6725546717643738, 0.6762765049934387, 0.670528769493103, 0.6430624127388, 0.724896252155304, 0.7123430967330933, 0.7055246233940125, 0.6323968172073364, 0.6841486692428589, 0.6294682025909424, 0.6532973647117615, 0.6493229866027832, 0.6435613632202148, 0.649772047996521, 0.6433056592941284, 0.6448198556900024, 0.6556322574615479, 0.7938676476478577, 0.6429563760757446, 0.6762953400611877, 0.6979212164878845, 0.6469900608062744, 0.9656623005867004, 0.6192737221717834, 0.679534375667572, 0.6827623844146729, 0.6435419917106628, 0.6179336905479431, 0.6582892537117004, 0.6694887280464172, 0.7655342221260071, 0.8108532428741455, 0.6117932796478271, 0.6379182934761047, 0.6537575721740723, 0.739578127861023, 0.6150733232498169, 0.6820595860481262, 0.6205213069915771, 0.7662707567214966, 0.6873496174812317, 0.6734676361083984, 0.6381886601448059, 0.6364076733589172, 0.633985698223114, 0.7034910917282104, 0.6202426552772522, 0.6509916186332703, 0.6759786605834961, 0.6353773474693298, 0.9480409622192383, 0.6808487772941589, 0.6463813185691833, 0.6344835758209229, 0.6834977865219116, 0.6513733863830566, 0.6866679787635803, 0.6615674495697021, 0.6503264307975769, 0.6703107357025146, 0.7366212606430054, 0.6742352843284607, 0.6383756995201111, 0.6203517317771912, 0.6314853429794312, 0.6210706830024719, 0.6512765884399414, 0.6420586705207825, 0.6312758326530457, 0.6294258236885071, 0.6508408188819885, 0.7206426858901978, 0.6484963893890381, 0.6237139701843262, 0.6331738829612732, 0.7147594094276428, 0.6308843493461609, 0.7328197956085205, 0.708065390586853, 0.6406324505805969, 0.887494683265686, 0.6067471504211426, 0.816067099571228, 0.6341862082481384, 0.6329258680343628, 0.6289844512939453, 0.7344814538955688, 0.6479175090789795, 0.688202440738678, 0.6366283893585205, 0.6361933946609497, 0.6203179955482483, 0.6228398084640503, 0.6701285243034363, 0.6492114663124084, 0.6834292411804199, 0.621842622756958, 0.7077981233596802, 0.6862677931785583, 0.8313049077987671, 0.6201096177101135, 0.6523557901382446, 0.6504461765289307, 0.6071826815605164, 0.6705633997917175, 0.6295751929283142, 0.7092776298522949, 0.6323671936988831, 0.6551881432533264, 0.7096723914146423, 0.6319698095321655, 0.6624864935874939, 0.6136712431907654, 0.6459894180297852, 0.6402822136878967, 0.6380264163017273, 0.7007534503936768, 0.6522427797317505, 0.6298677921295166, 0.6297927498817444, 0.7155939340591431, 0.7173920273780823, 0.6311260461807251, 0.6093757748603821, 0.7972161769866943, 0.6301552057266235, 0.6658949255943298, 0.6305583119392395, 0.65406334400177, 0.6617470979690552, 0.6753977537155151, 0.6573313474655151, 0.6355070471763611, 0.6561257839202881, 0.7279581427574158, 0.6827473640441895, 0.6544545292854309, 0.6276119351387024, 0.6312419772148132, 0.6246456503868103, 0.6666452288627625, 0.6252104640007019, 0.7407926917076111, 0.6412166953086853, 0.7769709825515747, 0.637938916683197, 0.6315323710441589, 0.6535589694976807, 0.6237292885780334, 0.622252881526947, 0.6537824869155884, 0.7171755433082581, 0.6232981085777283, 0.6417368650436401, 0.8300994038581848, 0.659772515296936, 0.6711888909339905, 0.6959109306335449, 0.6189806461334229, 0.6757761836051941, 0.6852335929870605, 0.6283969879150391, 0.6159868836402893, 0.800974428653717, 0.7575094699859619, 0.6729318499565125, 0.70175701379776, 0.6365137696266174, 0.641121506690979, 0.7663585543632507, 0.6750277280807495, 0.6266549229621887, 0.6156874895095825, 0.7662057876586914, 0.6215844750404358, 0.7609670758247375, 0.7137059569358826, 0.6324113607406616, 0.6541050672531128, 0.6578528881072998, 0.64095139503479, 0.619992196559906, 0.7740045189857483, 0.6565706729888916, 0.6465100646018982, 0.627364456653595, 0.6679406762123108, 0.6568252444267273, 0.6949804425239563, 0.6424163579940796, 0.6255384087562561, 0.7714371681213379, 0.6573773622512817, 0.674792468547821, 0.672674834728241, 0.6489486694335938, 0.6631006002426147, 0.7023588418960571, 0.7123870849609375, 0.6529667377471924, 0.6519305109977722, 0.6833178400993347, 0.666806697845459, 0.7201008796691895, 0.6578813195228577, 0.6824920177459717, 0.669929027557373, 0.6652081608772278, 0.645591139793396, 0.6748626232147217, 0.6310362815856934, 0.625446081161499, 0.6571877002716064, 0.6310340762138367, 0.7588473558425903, 0.6363382339477539, 0.7380924224853516, 0.8134752511978149, 0.6533510088920593, 0.6319028735160828, 0.7144070863723755, 0.6617066264152527, 0.7031710743904114, 0.6389064192771912, 0.7062250971794128, 0.6418703198432922, 0.6312233209609985, 0.6377365589141846, 0.6292408108711243, 0.6669771671295166, 0.7409389019012451, 0.6351259350776672, 0.7787795662879944, 0.6292622089385986, 0.9703767895698547]}",5000,32.52650189399719,,0.8806496262550354,0.6264228820800781,"{'train': 1529, 'val': 327, 'test': 329}",c:\Users\ydreizin\OneDrive - NVIDIA Corporation\Documents\Technion\RateAhead\notebooks\artifacts\pretrained_finetune\checkpoints\finetune_lora_budget5000_seed2.pt,low_budget,77320000.0
0420330b065e,dora,1.0,50,0,187894,8693,8693,1.015872836112976,50,"{'global_step': [20, 40, 50], 'val_mse': [1.4350074529647827, 1.0714900493621826, 1.015872836112976], 'val_mae': [1.0044381618499756, 0.8270065784454346, 0.7984879612922668]}",50,0.3636584281921386,,1.1681218147277832,0.7877404093742371,"{'train': 1529, 'val': 327, 'test': 329}",c:\Users\ydreizin\OneDrive - NVIDIA Corporation\Documents\Technion\RateAhead\notebooks\artifacts\pretrained_finetune\checkpoints\finetune_dora_budget50_seed0.pt,low_budget,434650.0
d79a6634f36b,dora,1.0,50,1,187894,8693,8693,1.054200530052185,40,"{'global_step': [20, 40, 50], 'val_mse': [1.5759953260421753, 1.054200530052185, 1.0865899324417114], 'val_mae': [1.0619710683822632, 0.8115079402923584, 0.8442912697792053]}",50,0.4958162307739258,,1.200432300567627,0.7981485724449158,"{'train': 1529, 'val': 327, 'test': 329}",c:\Users\ydreizin\OneDrive - NVIDIA Corporation\Documents\Technion\RateAhead\notebooks\artifacts\pretrained_finetune\checkpoints\finetune_dora_budget50_seed1.pt,low_budget,434650.0
9e5bc65e1f5d,dora,1.0,50,2,187894,8693,8693,1.0869951248168943,40,"{'global_step': [20, 40, 50], 'val_mse': [1.2213722467422485, 1.0869951248168945, 1.1011075973510742], 'val_mae': [0.9001996517181396, 0.8350569605827332, 0.8526827692985535]}",50,0.4324512481689453,,1.23613440990448,0.8247193694114685,"{'train': 1529, 'val': 327, 'test': 329}",c:\Users\ydreizin\OneDrive - NVIDIA Corporation\Documents\Technion\RateAhead\notebooks\artifacts\pretrained_finetune\checkpoints\finetune_dora_budget50_seed2.pt,low_budget,434650.0
6e0fbfd524a8,dora,1.0,100,0,187894,8693,8693,0.9362877011299132,100,"{'global_step': [20, 40, 60, 80, 100], 'val_mse': [1.4350074529647827, 1.0714900493621826, 0.9580551981925964, 0.9649641513824463, 0.9362877011299133], 'val_mae': [1.0044381618499756, 0.8270065784454346, 0.757212221622467, 0.7833287119865417, 0.7711880207061768]}",100,1.0425548553466797,,1.0972497463226318,0.7610199451446533,"{'train': 1529, 'val': 327, 'test': 329}",c:\Users\ydreizin\OneDrive - NVIDIA Corporation\Documents\Technion\RateAhead\notebooks\artifacts\pretrained_finetune\checkpoints\finetune_dora_budget100_seed0.pt,low_budget,869300.0
69ff3db20ec9,dora,1.0,100,1,187894,8693,8693,0.8647959232330322,100,"{'global_step': [20, 40, 60, 80, 100], 'val_mse': [1.5759953260421753, 1.054200530052185, 1.0108387470245361, 0.9002094864845276, 0.8647959232330322], 'val_mae': [1.0619710683822632, 0.8115079402923584, 0.8043033480644226, 0.7419494986534119, 0.7240055799484253]}",100,0.9437038898468018,,1.029272437095642,0.7197186350822449,"{'train': 1529, 'val': 327, 'test': 329}",c:\Users\ydreizin\OneDrive - NVIDIA Corporation\Documents\Technion\RateAhead\notebooks\artifacts\pretrained_finetune\checkpoints\finetune_dora_budget100_seed1.pt,low_budget,869300.0
c30218dcddd3,dora,1.0,100,2,187894,8693,8693,0.8480601906776428,100,"{'global_step': [20, 40, 60, 80, 100], 'val_mse': [1.2213722467422485, 1.0869951248168945, 0.9559382200241089, 1.1197956800460815, 0.8480601906776428], 'val_mae': [0.9001996517181396, 0.8350569605827332, 0.756399929523468, 0.8694855570793152, 0.7124629616737366]}",100,0.986072301864624,,1.013623595237732,0.7040166854858398,"{'train': 1529, 'val': 327, 'test': 329}",c:\Users\ydreizin\OneDrive - NVIDIA Corporation\Documents\Technion\RateAhead\notebooks\artifacts\pretrained_finetune\checkpoints\finetune_dora_budget100_seed2.pt,low_budget,869300.0
78c185a09a7b,dora,1.0,200,0,187894,8693,8693,0.8114898204803467,160,"{'global_step': [20, 40, 60, 80, 100, 120, 140, 160, 180, 200], 'val_mse': [1.4350074529647827, 1.0714900493621826, 0.9580551981925964, 0.9649641513824463, 0.9362877011299133, 0.8342514038085938, 0.8319030404090881, 0.8114898204803467, 0.8829726576805115, 0.8364930748939514], 'val_mae': [1.0044381618499756, 0.8270065784454346, 0.757212221622467, 0.7833287119865417, 0.7711880207061768, 0.7038534283638, 0.7025021314620972, 0.6955664753913879, 0.7443076968193054, 0.7168048620223999]}",200,1.687187910079956,,0.9675956964492798,0.6820098161697388,"{'train': 1529, 'val': 327, 'test': 329}",c:\Users\ydreizin\OneDrive - NVIDIA Corporation\Documents\Technion\RateAhead\notebooks\artifacts\pretrained_finetune\checkpoints\finetune_dora_budget200_seed0.pt,low_budget,1738600.0
3d18a842236d,dora,1.0,200,1,187894,8693,8693,0.7857563495635986,180,"{'global_step': [20, 40, 60, 80, 100, 120, 140, 160, 180, 200], 'val_mse': [1.5759953260421753, 1.054200530052185, 1.0108387470245361, 0.9002094864845276, 0.8647959232330322, 0.8424461483955383, 0.8329830169677734, 0.8285353779792786, 0.7857563495635986, 0.8124740719795227], 'val_mae': [1.0619710683822632, 0.8115079402923584, 0.8043033480644226, 0.7419494986534119, 0.7240055799484253, 0.7034420967102051, 0.6849340796470642, 0.7104274034500122, 0.6766613125801086, 0.7039211392402649]}",200,1.8546502590179443,,0.9585948586463928,0.6668881773948669,"{'train': 1529, 'val': 327, 'test': 329}",c:\Users\ydreizin\OneDrive - NVIDIA Corporation\Documents\Technion\RateAhead\notebooks\artifacts\pretrained_finetune\checkpoints\finetune_dora_budget200_seed1.pt,low_budget,1738600.0
049e26d81dfe,dora,1.0,200,2,187894,8693,8693,0.80162513256073,140,"{'global_step': [20, 40, 60, 80, 100, 120, 140, 160, 180, 200], 'val_mse': [1.2213722467422485, 1.0869951248168945, 0.9559382200241089, 1.1197956800460815, 0.8480601906776428, 0.8103739619255066, 0.80162513256073, 0.9231366515159607, 0.838131844997406, 0.8253342509269714], 'val_mae': [0.9001996517181396, 0.8350569605827332, 0.756399929523468, 0.8694855570793152, 0.7124629616737366, 0.6833414435386658, 0.6844197511672974, 0.7735632061958313, 0.7177823185920715, 0.7135949730873108]}",200,1.7026221752166748,,0.9655407667160034,0.6770859360694885,"{'train': 1529, 'val': 327, 'test': 329}",c:\Users\ydreizin\OneDrive - NVIDIA Corporation\Documents\Technion\RateAhead\notebooks\artifacts\pretrained_finetune\checkpoints\finetune_dora_budget200_seed2.pt,low_budget,1738600.0
a0342a927485,dora,1.0,500,0,187894,8693,8693,0.7348735332489014,480,"{'global_step': [20, 40, 60, 80, 100, 120, 140, 160, 180, 200, 220, 240, 260, 280, 300, 320, 340, 360, 380, 400, 420, 440, 460, 480, 500], 'val_mse': [1.4350074529647827, 1.0714900493621826, 0.9580551981925964, 0.9649641513824463, 0.9362877011299133, 0.8342514038085938, 0.8319030404090881, 0.8114898204803467, 0.8829726576805115, 0.8364930748939514, 0.8744505643844604, 0.8805555105209351, 0.8631418943405151, 0.7770406007766724, 0.7538737058639526, 0.7389945387840271, 0.781198263168335, 0.7643511891365051, 0.7549482583999634, 0.8395602107048035, 0.7442879676818848, 0.7820717096328735, 0.958113431930542, 0.7348735332489014, 0.7425807118415833], 'val_mae': [1.0044381618499756, 0.8270065784454346, 0.757212221622467, 0.7833287119865417, 0.7711880207061768, 0.7038534283638, 0.7025021314620972, 0.6955664753913879, 0.7443076968193054, 0.7168048620223999, 0.7429701089859009, 0.7444489598274231, 0.7357409000396729, 0.6766954064369202, 0.6637873649597168, 0.6412625312805176, 0.674745500087738, 0.65892493724823, 0.6594209671020508, 0.7190729975700378, 0.6524332165718079, 0.6799746155738831, 0.7955751419067383, 0.6418977379798889, 0.641223132610321]}",500,4.741971969604492,,0.919548511505127,0.6437135934829712,"{'train': 1529, 'val': 327, 'test': 329}",c:\Users\ydreizin\OneDrive - NVIDIA Corporation\Documents\Technion\RateAhead\notebooks\artifacts\pretrained_finetune\checkpoints\finetune_dora_budget500_seed0.pt,low_budget,4346500.0
d8c12e117ab0,dora,1.0,500,1,187894,8693,8693,0.7195114493370056,500,"{'global_step': [20, 40, 60, 80, 100, 120, 140, 160, 180, 200, 220, 240, 260, 280, 300, 320, 340, 360, 380, 400, 420, 440, 460, 480, 500], 'val_mse': [1.5759953260421753, 1.054200530052185, 1.0108387470245361, 0.9002094864845276, 0.8647959232330322, 0.8424461483955383, 0.8329830169677734, 0.8285353779792786, 0.7857563495635986, 0.8124740719795227, 0.7975518107414246, 0.7941197156906128, 0.8049811720848083, 0.8011294603347778, 0.7422195076942444, 0.847335696220398, 0.8436368107795715, 0.8143758773803711, 0.7781070470809937, 0.752158522605896, 0.7365682721138, 0.7755038738250732, 0.8497614860534668, 0.8244630694389343, 0.7195114493370056], 'val_mae': [1.0619710683822632, 0.8115079402923584, 0.8043033480644226, 0.7419494986534119, 0.7240055799484253, 0.7034420967102051, 0.6849340796470642, 0.7104274034500122, 0.6766613125801086, 0.7039211392402649, 0.678240180015564, 0.6900837421417236, 0.7028099298477173, 0.6964804530143738, 0.6550266146659851, 0.7237655520439148, 0.7230892181396484, 0.704264760017395, 0.6762233972549438, 0.663250744342804, 0.6436131596565247, 0.6841605305671692, 0.7257569432258606, 0.7121561765670776, 0.6326013207435608]}",500,4.377016067504883,,0.9044876098632812,0.6298809051513672,"{'train': 1529, 'val': 327, 'test': 329}",c:\Users\ydreizin\OneDrive - NVIDIA Corporation\Documents\Technion\RateAhead\notebooks\artifacts\pretrained_finetune\checkpoints\finetune_dora_budget500_seed1.pt,low_budget,4346500.0
06413f5470d9,dora,1.0,500,2,187894,8693,8693,0.731723964214325,420,"{'global_step': [20, 40, 60, 80, 100, 120, 140, 160, 180, 200, 220, 240, 260, 280, 300, 320, 340, 360, 380, 400, 420, 440, 460, 480, 500], 'val_mse': [1.2213722467422485, 1.0869951248168945, 0.9559382200241089, 1.1197956800460815, 0.8480601906776428, 0.8103739619255066, 0.80162513256073, 0.9231366515159607, 0.838131844997406, 0.8253342509269714, 0.7897569537162781, 0.7817364931106567, 0.8094898462295532, 0.8485499620437622, 0.8773778676986694, 1.026410460472107, 0.7962111830711365, 0.768466055393219, 0.7540441751480103, 0.7584345936775208, 0.731723964214325, 0.7785652875900269, 0.7636374235153198, 0.734563410282135, 0.7545926570892334], 'val_mae': [0.9001996517181396, 0.8350569605827332, 0.756399929523468, 0.8694855570793152, 0.7124629616737366, 0.6833414435386658, 0.6844197511672974, 0.7735632061958313, 0.7177823185920715, 0.7135949730873108, 0.686159610748291, 0.6845384240150452, 0.7071297764778137, 0.7316945195198059, 0.7469577789306641, 0.824921190738678, 0.68895423412323, 0.6549129486083984, 0.6488521695137024, 0.6667391657829285, 0.638752818107605, 0.6771346926689148, 0.668838620185852, 0.6317765116691589, 0.6654289364814758]}",500,5.346713304519653,,0.9052860736846924,0.6404629945755005,"{'train': 1529, 'val': 327, 'test': 329}",c:\Users\ydreizin\OneDrive - NVIDIA Corporation\Documents\Technion\RateAhead\notebooks\artifacts\pretrained_finetune\checkpoints\finetune_dora_budget500_seed2.pt,low_budget,4346500.0
ec3b96e0ea08,dora,1.0,1000,0,187894,8693,8693,0.7325567007064819,520,"{'global_step': [20, 40, 60, 80, 100, 120, 140, 160, 180, 200, 220, 240, 260, 280, 300, 320, 340, 360, 380, 400, 420, 440, 460, 480, 500, 520, 540, 560, 580, 600, 620, 640, 660, 680, 700, 720, 740, 760, 780, 800, 820, 840, 860, 880, 900, 920, 940, 960, 980, 1000], 'val_mse': [1.4350074529647827, 1.0714900493621826, 0.9580551981925964, 0.9649641513824463, 0.9362877011299133, 0.8342514038085938, 0.8319030404090881, 0.8114898204803467, 0.8829726576805115, 0.8364930748939514, 0.8744505643844604, 0.8805555105209351, 0.8631418943405151, 0.7770406007766724, 0.7538737058639526, 0.7389945387840271, 0.781198263168335, 0.7643511891365051, 0.7549482583999634, 0.8395602107048035, 0.7442879676818848, 0.7820717096328735, 0.958113431930542, 0.7348735332489014, 0.7425807118415833, 0.7325567007064819, 0.7336073517799377, 0.7627890110015869, 0.7931529879570007, 0.8136021494865417, 0.8364282846450806, 0.737833559513092, 0.8327971696853638, 0.7376233339309692, 0.7396464347839355, 0.8091527819633484, 0.7502440214157104, 0.7562669515609741, 0.7810173630714417, 0.762998640537262, 0.8489726781845093, 0.787828803062439, 0.8443670868873596, 0.7570206522941589, 0.7331714034080505, 0.7594289183616638, 0.8521018028259277, 0.7371546626091003, 0.7702429294586182, 0.7726936936378479], 'val_mae': [1.0044381618499756, 0.8270065784454346, 0.757212221622467, 0.7833287119865417, 0.7711880207061768, 0.7038534283638, 0.7025021314620972, 0.6955664753913879, 0.7443076968193054, 0.7168048620223999, 0.7429701089859009, 0.7444489598274231, 0.7357409000396729, 0.6766954064369202, 0.6637873649597168, 0.6412625312805176, 0.674745500087738, 0.65892493724823, 0.6594209671020508, 0.7190729975700378, 0.6524332165718079, 0.6799746155738831, 0.7955751419067383, 0.6418977379798889, 0.641223132610321, 0.6467865705490112, 0.6362165808677673, 0.6391075849533081, 0.6864523887634277, 0.6984575986862183, 0.7068430781364441, 0.6450498104095459, 0.7145196199417114, 0.6383448839187622, 0.6364465355873108, 0.6698371767997742, 0.6366021633148193, 0.6621257662773132, 0.6789678931236267, 0.6619683504104614, 0.7258819341659546, 0.6839698553085327, 0.71501225233078, 0.6623120307922363, 0.6305004358291626, 0.6677131056785583, 0.7278280258178711, 0.6503480672836304, 0.6726711392402649, 0.6778545379638672]}",1000,9.487005472183228,,0.9114307761192322,0.651267945766449,"{'train': 1529, 'val': 327, 'test': 329}",c:\Users\ydreizin\OneDrive - NVIDIA Corporation\Documents\Technion\RateAhead\notebooks\artifacts\pretrained_finetune\checkpoints\finetune_dora_budget1000_seed0.pt,low_budget,8693000.0
beabb7809864,dora,1.0,1000,1,187894,8693,8693,0.7080159783363342,760,"{'global_step': [20, 40, 60, 80, 100, 120, 140, 160, 180, 200, 220, 240, 260, 280, 300, 320, 340, 360, 380, 400, 420, 440, 460, 480, 500, 520, 540, 560, 580, 600, 620, 640, 660, 680, 700, 720, 740, 760, 780, 800, 820, 840, 860, 880, 900, 920, 940, 960, 980, 1000], 'val_mse': [1.5759953260421753, 1.054200530052185, 1.0108387470245361, 0.9002094864845276, 0.8647959232330322, 0.8424461483955383, 0.8329830169677734, 0.8285353779792786, 0.7857563495635986, 0.8124740719795227, 0.7975518107414246, 0.7941197156906128, 0.8049811720848083, 0.8011294603347778, 0.7422195076942444, 0.847335696220398, 0.8436368107795715, 0.8143758773803711, 0.7781070470809937, 0.752158522605896, 0.7365682721138, 0.7755038738250732, 0.8497614860534668, 0.8244630694389343, 0.7195114493370056, 0.7223705053329468, 0.7245393991470337, 0.7328790426254272, 0.7242926955223083, 0.7781744003295898, 0.7293186783790588, 0.7210193872451782, 0.7293035984039307, 0.9970003366470337, 0.7235485911369324, 0.7257757186889648, 0.7081605195999146, 0.7080159783363342, 0.7327127456665039, 0.7320924997329712, 0.8754415512084961, 0.743076503276825, 0.7361689805984497, 0.7756756544113159, 0.7295651435852051, 0.7485065460205078, 0.7635549306869507, 0.7277896404266357, 0.7740988731384277, 0.7163841128349304], 'val_mae': [1.0619710683822632, 0.8115079402923584, 0.8043033480644226, 0.7419494986534119, 0.7240055799484253, 0.7034420967102051, 0.6849340796470642, 0.7104274034500122, 0.6766613125801086, 0.7039211392402649, 0.678240180015564, 0.6900837421417236, 0.7028099298477173, 0.6964804530143738, 0.6550266146659851, 0.7237655520439148, 0.7230892181396484, 0.704264760017395, 0.6762233972549438, 0.663250744342804, 0.6436131596565247, 0.6841605305671692, 0.7257569432258606, 0.7121561765670776, 0.6326013207435608, 0.6419011354446411, 0.6436851024627686, 0.6471377015113831, 0.6310310959815979, 0.6550837755203247, 0.6375000476837158, 0.6321998238563538, 0.6405572295188904, 0.8094724416732788, 0.6370341181755066, 0.636826753616333, 0.6177076101303101, 0.6215661764144897, 0.6446516513824463, 0.6356039047241211, 0.7492002844810486, 0.6555765867233276, 0.6515918970108032, 0.6769430637359619, 0.6287444829940796, 0.6595709919929504, 0.6686612963676453, 0.6381415724754333, 0.6787010431289673, 0.6232491731643677]}",1000,8.26062297821045,,0.9027912020683287,0.6296666264533997,"{'train': 1529, 'val': 327, 'test': 329}",c:\Users\ydreizin\OneDrive - NVIDIA Corporation\Documents\Technion\RateAhead\notebooks\artifacts\pretrained_finetune\checkpoints\finetune_dora_budget1000_seed1.pt,low_budget,8693000.0
885feb265986,dora,1.0,1000,2,187894,8693,8693,0.7189803123474121,880,"{'global_step': [20, 40, 60, 80, 100, 120, 140, 160, 180, 200, 220, 240, 260, 280, 300, 320, 340, 360, 380, 400, 420, 440, 460, 480, 500, 520, 540, 560, 580, 600, 620, 640, 660, 680, 700, 720, 740, 760, 780, 800, 820, 840, 860, 880, 900, 920, 940, 960, 980, 1000], 'val_mse': [1.2213722467422485, 1.0869951248168945, 0.9559382200241089, 1.1197956800460815, 0.8480601906776428, 0.8103739619255066, 0.80162513256073, 0.9231366515159607, 0.838131844997406, 0.8253342509269714, 0.7897569537162781, 0.7817364931106567, 0.8094898462295532, 0.8485499620437622, 0.8773778676986694, 1.026410460472107, 0.7962111830711365, 0.768466055393219, 0.7540441751480103, 0.7584345936775208, 0.731723964214325, 0.7785652875900269, 0.7636374235153198, 0.734563410282135, 0.7545926570892334, 0.7507293820381165, 0.7586587071418762, 0.7535384297370911, 0.754274845123291, 0.7666335105895996, 0.8647069931030273, 0.7784110307693481, 0.7940115928649902, 0.7567829489707947, 0.8724268078804016, 0.7897903323173523, 0.7619673013687134, 0.7256287932395935, 0.7655143141746521, 0.723898708820343, 0.7553948163986206, 0.750796377658844, 0.8143043518066406, 0.7189803123474121, 0.7653990387916565, 0.7403725981712341, 1.0299888849258423, 0.7949525117874146, 0.7677189111709595, 0.7864857912063599], 'val_mae': [0.9001996517181396, 0.8350569605827332, 0.756399929523468, 0.8694855570793152, 0.7124629616737366, 0.6833414435386658, 0.6844197511672974, 0.7735632061958313, 0.7177823185920715, 0.7135949730873108, 0.686159610748291, 0.6845384240150452, 0.7071297764778137, 0.7316945195198059, 0.7469577789306641, 0.824921190738678, 0.68895423412323, 0.6549129486083984, 0.6488521695137024, 0.6667391657829285, 0.638752818107605, 0.6771346926689148, 0.668838620185852, 0.6317765116691589, 0.6654289364814758, 0.6612432599067688, 0.6636756062507629, 0.6615394353866577, 0.6634954214096069, 0.6712907552719116, 0.7335325479507446, 0.6773203015327454, 0.6853784322738647, 0.656011164188385, 0.7349653840065002, 0.6815930008888245, 0.646209180355072, 0.6353688836097717, 0.6412496566772461, 0.625322163105011, 0.6593759655952454, 0.6527087688446045, 0.6986950635910034, 0.6259977221488953, 0.6375881433486938, 0.6419966220855713, 0.8198476433753967, 0.6824003458023071, 0.6642549633979797, 0.678174614906311]}",1000,9.719694137573242,,0.8881030678749084,0.6209518313407898,"{'train': 1529, 'val': 327, 'test': 329}",c:\Users\ydreizin\OneDrive - NVIDIA Corporation\Documents\Technion\RateAhead\notebooks\artifacts\pretrained_finetune\checkpoints\finetune_dora_budget1000_seed2.pt,low_budget,8693000.0
1a25875a7ec3,dora,1.0,2000,0,187894,8693,8693,0.7165315747261047,1580,"{'global_step': [20, 40, 60, 80, 100, 120, 140, 160, 180, 200, 220, 240, 260, 280, 300, 320, 340, 360, 380, 400, 420, 440, 460, 480, 500, 520, 540, 560, 580, 600, 620, 640, 660, 680, 700, 720, 740, 760, 780, 800, 820, 840, 860, 880, 900, 920, 940, 960, 980, 1000, 1020, 1040, 1060, 1080, 1100, 1120, 1140, 1160, 1180, 1200, 1220, 1240, 1260, 1280, 1300, 1320, 1340, 1360, 1380, 1400, 1420, 1440, 1460, 1480, 1500, 1520, 1540, 1560, 1580, 1600, 1620, 1640, 1660, 1680, 1700, 1720, 1740, 1760, 1780, 1800, 1820, 1840, 1860, 1880, 1900, 1920, 1940, 1960, 1980, 2000], 'val_mse': [1.4350074529647827, 1.0714900493621826, 0.9580551981925964, 0.9649641513824463, 0.9362877011299133, 0.8342514038085938, 0.8319030404090881, 0.8114898204803467, 0.8829726576805115, 0.8364930748939514, 0.8744505643844604, 0.8805555105209351, 0.8631418943405151, 0.7770406007766724, 0.7538737058639526, 0.7389945387840271, 0.781198263168335, 0.7643511891365051, 0.7549482583999634, 0.8395602107048035, 0.7442879676818848, 0.7820717096328735, 0.958113431930542, 0.7348735332489014, 0.7425807118415833, 0.7325567007064819, 0.7336073517799377, 0.7627890110015869, 0.7931529879570007, 0.8136021494865417, 0.8364282846450806, 0.737833559513092, 0.8327971696853638, 0.7376233339309692, 0.7396464347839355, 0.8091527819633484, 0.7502440214157104, 0.7562669515609741, 0.7810173630714417, 0.762998640537262, 0.8489726781845093, 0.787828803062439, 0.8443670868873596, 0.7570206522941589, 0.7331714034080505, 0.7594289183616638, 0.8521018028259277, 0.7371546626091003, 0.7702429294586182, 0.7726936936378479, 0.775242805480957, 0.7592610716819763, 0.7332145571708679, 0.7957964539527893, 0.7333436608314514, 0.7493628859519958, 0.8704570531845093, 0.7343224883079529, 0.8261324167251587, 0.7295427322387695, 0.8447950482368469, 0.800265908241272, 0.7602847814559937, 0.7226565480232239, 0.7371383309364319, 0.735148549079895, 0.788409411907196, 0.768664538860321, 0.7519538402557373, 0.9595444202423096, 0.7312070727348328, 0.7381795644760132, 0.7619303464889526, 0.7347347736358643, 0.828593373298645, 0.848831057548523, 0.7309362292289734, 0.9108638763427734, 0.7165315747261047, 0.7900710701942444, 0.7633770704269409, 0.7458857297897339, 0.9604237675666809, 0.7599083781242371, 0.8337696194648743, 0.761058509349823, 0.7315987348556519, 0.7309183478355408, 0.7252511978149414, 0.7500656843185425, 0.7922307252883911, 0.7722191214561462, 0.8213551640510559, 0.7480950355529785, 0.7865241169929504, 0.7913623452186584, 0.7321563363075256, 0.7308352589607239, 0.898654043674469, 0.8321478366851807], 'val_mae': [1.0044381618499756, 0.8270065784454346, 0.757212221622467, 0.7833287119865417, 0.7711880207061768, 0.7038534283638, 0.7025021314620972, 0.6955664753913879, 0.7443076968193054, 0.7168048620223999, 0.7429701089859009, 0.7444489598274231, 0.7357409000396729, 0.6766954064369202, 0.6637873649597168, 0.6412625312805176, 0.674745500087738, 0.65892493724823, 0.6594209671020508, 0.7190729975700378, 0.6524332165718079, 0.6799746155738831, 0.7955751419067383, 0.6418977379798889, 0.641223132610321, 0.6467865705490112, 0.6362165808677673, 0.6391075849533081, 0.6864523887634277, 0.6984575986862183, 0.7068430781364441, 0.6450498104095459, 0.7145196199417114, 0.6383448839187622, 0.6364465355873108, 0.6698371767997742, 0.6366021633148193, 0.6621257662773132, 0.6789678931236267, 0.6619683504104614, 0.7258819341659546, 0.6839698553085327, 0.71501225233078, 0.6623120307922363, 0.6305004358291626, 0.6677131056785583, 0.7278280258178711, 0.6503480672836304, 0.6726711392402649, 0.6778545379638672, 0.6794136166572571, 0.6675906181335449, 0.648811399936676, 0.6868094801902771, 0.6349756121635437, 0.658553957939148, 0.6964022517204285, 0.6416309475898743, 0.7185829281806946, 0.6428093314170837, 0.729297935962677, 0.7015613317489624, 0.6723849773406982, 0.6427095532417297, 0.6492905616760254, 0.6395368576049805, 0.6852024793624878, 0.6701507568359375, 0.6522805094718933, 0.7821755409240723, 0.6394443511962891, 0.6421235203742981, 0.6459585428237915, 0.634318470954895, 0.7054389715194702, 0.7281091213226318, 0.6386302709579468, 0.7340773344039917, 0.623324453830719, 0.6834288239479065, 0.6649938821792603, 0.6523863077163696, 0.7410080432891846, 0.6647881865501404, 0.7175062298774719, 0.6413249373435974, 0.6242672801017761, 0.6285741925239563, 0.6256637573242188, 0.6563090085983276, 0.6650810241699219, 0.6707013249397278, 0.7063934206962585, 0.6497102975845337, 0.6817967295646667, 0.6888914108276367, 0.635470986366272, 0.6346309781074524, 0.738985538482666, 0.7063677906990051]}",2000,17.50252866744995,,0.9240280389785768,0.651029646396637,"{'train': 1529, 'val': 327, 'test': 329}",c:\Users\ydreizin\OneDrive - NVIDIA Corporation\Documents\Technion\RateAhead\notebooks\artifacts\pretrained_finetune\checkpoints\finetune_dora_budget2000_seed0.pt,low_budget,17386000.0
7ad51799b3db,dora,1.0,2000,1,187894,8693,8693,0.7007662057876587,1500,"{'global_step': [20, 40, 60, 80, 100, 120, 140, 160, 180, 200, 220, 240, 260, 280, 300, 320, 340, 360, 380, 400, 420, 440, 460, 480, 500, 520, 540, 560, 580, 600, 620, 640, 660, 680, 700, 720, 740, 760, 780, 800, 820, 840, 860, 880, 900, 920, 940, 960, 980, 1000, 1020, 1040, 1060, 1080, 1100, 1120, 1140, 1160, 1180, 1200, 1220, 1240, 1260, 1280, 1300, 1320, 1340, 1360, 1380, 1400, 1420, 1440, 1460, 1480, 1500, 1520, 1540, 1560, 1580, 1600, 1620, 1640, 1660, 1680, 1700, 1720, 1740, 1760, 1780, 1800, 1820, 1840, 1860, 1880, 1900, 1920, 1940, 1960, 1980, 2000], 'val_mse': [1.5759953260421753, 1.054200530052185, 1.0108387470245361, 0.9002094864845276, 0.8647959232330322, 0.8424461483955383, 0.8329830169677734, 0.8285353779792786, 0.7857563495635986, 0.8124740719795227, 0.7975518107414246, 0.7941197156906128, 0.8049811720848083, 0.8011294603347778, 0.7422195076942444, 0.847335696220398, 0.8436368107795715, 0.8143758773803711, 0.7781070470809937, 0.752158522605896, 0.7365682721138, 0.7755038738250732, 0.8497614860534668, 0.8244630694389343, 0.7195114493370056, 0.7223705053329468, 0.7245393991470337, 0.7328790426254272, 0.7242926955223083, 0.7781744003295898, 0.7293186783790588, 0.7210193872451782, 0.7293035984039307, 0.9970003366470337, 0.7235485911369324, 0.7257757186889648, 0.7081605195999146, 0.7080159783363342, 0.7327127456665039, 0.7320924997329712, 0.8754415512084961, 0.743076503276825, 0.7361689805984497, 0.7756756544113159, 0.7295651435852051, 0.7485065460205078, 0.7635549306869507, 0.7277896404266357, 0.7740988731384277, 0.7163841128349304, 0.7382670640945435, 0.7696983218193054, 0.8048582673072815, 0.7361973524093628, 0.9547055959701538, 0.7584425210952759, 0.7493354082107544, 0.7183718085289001, 0.7783045768737793, 0.7991356253623962, 0.7203604578971863, 0.7454903721809387, 0.732096254825592, 0.7284702658653259, 1.022275686264038, 0.712052047252655, 0.7318479418754578, 0.7457919120788574, 0.8451969027519226, 0.7317741513252258, 0.9834498763084412, 0.7063198089599609, 0.7517160177230835, 0.7661215662956238, 0.7007662057876587, 0.7362307906150818, 0.7399564981460571, 0.766909658908844, 0.7541988492012024, 0.7776219248771667, 0.7079919576644897, 0.7173932790756226, 0.7468166351318359, 0.7574238777160645, 0.7651818990707397, 0.7345921993255615, 0.7482309937477112, 0.7079246044158936, 0.7451247572898865, 0.7243852019309998, 0.8256573677062988, 0.7476235032081604, 0.738131582736969, 0.8311351537704468, 0.7693802714347839, 0.8804237246513367, 0.7826005220413208, 0.7754503488540649, 0.7172154188156128, 0.7766886949539185], 'val_mae': [1.0619710683822632, 0.8115079402923584, 0.8043033480644226, 0.7419494986534119, 0.7240055799484253, 0.7034420967102051, 0.6849340796470642, 0.7104274034500122, 0.6766613125801086, 0.7039211392402649, 0.678240180015564, 0.6900837421417236, 0.7028099298477173, 0.6964804530143738, 0.6550266146659851, 0.7237655520439148, 0.7230892181396484, 0.704264760017395, 0.6762233972549438, 0.663250744342804, 0.6436131596565247, 0.6841605305671692, 0.7257569432258606, 0.7121561765670776, 0.6326013207435608, 0.6419011354446411, 0.6436851024627686, 0.6471377015113831, 0.6310310959815979, 0.6550837755203247, 0.6375000476837158, 0.6321998238563538, 0.6405572295188904, 0.8094724416732788, 0.6370341181755066, 0.636826753616333, 0.6177076101303101, 0.6215661764144897, 0.6446516513824463, 0.6356039047241211, 0.7492002844810486, 0.6555765867233276, 0.6515918970108032, 0.6769430637359619, 0.6287444829940796, 0.6595709919929504, 0.6686612963676453, 0.6381415724754333, 0.6787010431289673, 0.6232491731643677, 0.6557717323303223, 0.680910050868988, 0.7031078934669495, 0.6523574590682983, 0.78830486536026, 0.658877432346344, 0.6622249484062195, 0.6269155144691467, 0.648555338382721, 0.6988644599914551, 0.6395040154457092, 0.6292386651039124, 0.652768611907959, 0.6515790820121765, 0.8267292976379395, 0.6315311193466187, 0.6433569192886353, 0.6389192938804626, 0.7280285358428955, 0.6492151021957397, 0.797913134098053, 0.6198662519454956, 0.6424878835678101, 0.6797552704811096, 0.6237634420394897, 0.6548205018043518, 0.6590362191200256, 0.6749932765960693, 0.6450299620628357, 0.6871815919876099, 0.6297864317893982, 0.635466992855072, 0.6623568534851074, 0.6376839280128479, 0.6471015214920044, 0.6481360793113708, 0.6618359684944153, 0.6184917092323303, 0.6548981070518494, 0.6422561407089233, 0.6724883317947388, 0.6666831374168396, 0.6596093773841858, 0.6855699419975281, 0.6841163039207458, 0.747090220451355, 0.6854016184806824, 0.6885930895805359, 0.646209180355072, 0.6733613014221191]}",2000,19.15081524848938,,0.8919966220855713,0.6312200427055359,"{'train': 1529, 'val': 327, 'test': 329}",c:\Users\ydreizin\OneDrive - NVIDIA Corporation\Documents\Technion\RateAhead\notebooks\artifacts\pretrained_finetune\checkpoints\finetune_dora_budget2000_seed1.pt,low_budget,17386000.0
4ec23c8ede48,dora,1.0,2000,2,187894,8693,8693,0.7121719121932983,1500,"{'global_step': [20, 40, 60, 80, 100, 120, 140, 160, 180, 200, 220, 240, 260, 280, 300, 320, 340, 360, 380, 400, 420, 440, 460, 480, 500, 520, 540, 560, 580, 600, 620, 640, 660, 680, 700, 720, 740, 760, 780, 800, 820, 840, 860, 880, 900, 920, 940, 960, 980, 1000, 1020, 1040, 1060, 1080, 1100, 1120, 1140, 1160, 1180, 1200, 1220, 1240, 1260, 1280, 1300, 1320, 1340, 1360, 1380, 1400, 1420, 1440, 1460, 1480, 1500, 1520, 1540, 1560, 1580, 1600, 1620, 1640, 1660, 1680, 1700, 1720, 1740, 1760, 1780, 1800, 1820, 1840, 1860, 1880, 1900, 1920, 1940, 1960, 1980, 2000], 'val_mse': [1.2213722467422485, 1.0869951248168945, 0.9559382200241089, 1.1197956800460815, 0.8480601906776428, 0.8103739619255066, 0.80162513256073, 0.9231366515159607, 0.838131844997406, 0.8253342509269714, 0.7897569537162781, 0.7817364931106567, 0.8094898462295532, 0.8485499620437622, 0.8773778676986694, 1.026410460472107, 0.7962111830711365, 0.768466055393219, 0.7540441751480103, 0.7584345936775208, 0.731723964214325, 0.7785652875900269, 0.7636374235153198, 0.734563410282135, 0.7545926570892334, 0.7507293820381165, 0.7586587071418762, 0.7535384297370911, 0.754274845123291, 0.7666335105895996, 0.8647069931030273, 0.7784110307693481, 0.7940115928649902, 0.7567829489707947, 0.8724268078804016, 0.7897903323173523, 0.7619673013687134, 0.7256287932395935, 0.7655143141746521, 0.723898708820343, 0.7553948163986206, 0.750796377658844, 0.8143043518066406, 0.7189803123474121, 0.7653990387916565, 0.7403725981712341, 1.0299888849258423, 0.7949525117874146, 0.7677189111709595, 0.7864857912063599, 0.8852204084396362, 0.7530588507652283, 0.929721474647522, 0.7881205677986145, 0.7491493225097656, 0.807662844657898, 0.8825108408927917, 0.7920265197753906, 0.7514261603355408, 0.7493212819099426, 0.7309056520462036, 0.7951652407646179, 0.9362229108810425, 0.7359134554862976, 0.7386450171470642, 0.8556041717529297, 1.1244795322418213, 0.8247103095054626, 0.7407873272895813, 0.7542909979820251, 0.8069392442703247, 0.7291533946990967, 0.7832483053207397, 0.9755800366401672, 0.7121719121932983, 0.7893112897872925, 0.7419185638427734, 0.7401201725006104, 0.7394210696220398, 0.720264196395874, 0.7767205238342285, 0.7845399379730225, 0.7183675765991211, 0.7274224162101746, 0.7441781759262085, 0.770436704158783, 0.79986172914505, 0.7523749470710754, 0.7309561967849731, 0.7157090902328491, 0.7548580169677734, 0.7642946243286133, 0.7213118672370911, 1.0390067100524902, 0.7122612595558167, 0.7917349934577942, 0.7388595342636108, 0.9297549724578857, 0.7127218842506409, 0.7395343780517578], 'val_mae': [0.9001996517181396, 0.8350569605827332, 0.756399929523468, 0.8694855570793152, 0.7124629616737366, 0.6833414435386658, 0.6844197511672974, 0.7735632061958313, 0.7177823185920715, 0.7135949730873108, 0.686159610748291, 0.6845384240150452, 0.7071297764778137, 0.7316945195198059, 0.7469577789306641, 0.824921190738678, 0.68895423412323, 0.6549129486083984, 0.6488521695137024, 0.6667391657829285, 0.638752818107605, 0.6771346926689148, 0.668838620185852, 0.6317765116691589, 0.6654289364814758, 0.6612432599067688, 0.6636756062507629, 0.6615394353866577, 0.6634954214096069, 0.6712907552719116, 0.7335325479507446, 0.6773203015327454, 0.6853784322738647, 0.656011164188385, 0.7349653840065002, 0.6815930008888245, 0.646209180355072, 0.6353688836097717, 0.6412496566772461, 0.625322163105011, 0.6593759655952454, 0.6527087688446045, 0.6986950635910034, 0.6259977221488953, 0.6375881433486938, 0.6419966220855713, 0.8198476433753967, 0.6824003458023071, 0.6642549633979797, 0.678174614906311, 0.7371144890785217, 0.6511431932449341, 0.7626296877861023, 0.6781615018844604, 0.6390472650527954, 0.6916969418525696, 0.7378066182136536, 0.6789283752441406, 0.6443430781364441, 0.6472368240356445, 0.6348726749420166, 0.68464195728302, 0.7176051139831543, 0.6366643905639648, 0.6482166051864624, 0.730190098285675, 0.8791200518608093, 0.706160306930542, 0.6412686705589294, 0.6625982522964478, 0.6953670978546143, 0.6278887391090393, 0.6821370124816895, 0.7964891791343689, 0.620185911655426, 0.6829612255096436, 0.6360765099525452, 0.6404781937599182, 0.6531587839126587, 0.6279082894325256, 0.6748437881469727, 0.6795713305473328, 0.6289740800857544, 0.6348778605461121, 0.6481889486312866, 0.6597931981086731, 0.6936061382293701, 0.6549967527389526, 0.6410385370254517, 0.624750554561615, 0.6605927348136902, 0.6691209673881531, 0.631310224533081, 0.8178079128265381, 0.6176568865776062, 0.6850587725639343, 0.647771418094635, 0.7722319960594177, 0.6267759203910828, 0.6497995257377625]}",2000,19.231049299240112,,0.894361138343811,0.6354973316192627,"{'train': 1529, 'val': 327, 'test': 329}",c:\Users\ydreizin\OneDrive - NVIDIA Corporation\Documents\Technion\RateAhead\notebooks\artifacts\pretrained_finetune\checkpoints\finetune_dora_budget2000_seed2.pt,low_budget,17386000.0
b7e8bc66266d,dora,1.0,5000,0,187894,8693,8693,0.7079070806503296,4160,"{'global_step': [20, 40, 60, 80, 100, 120, 140, 160, 180, 200, 220, 240, 260, 280, 300, 320, 340, 360, 380, 400, 420, 440, 460, 480, 500, 520, 540, 560, 580, 600, 620, 640, 660, 680, 700, 720, 740, 760, 780, 800, 820, 840, 860, 880, 900, 920, 940, 960, 980, 1000, 1020, 1040, 1060, 1080, 1100, 1120, 1140, 1160, 1180, 1200, 1220, 1240, 1260, 1280, 1300, 1320, 1340, 1360, 1380, 1400, 1420, 1440, 1460, 1480, 1500, 1520, 1540, 1560, 1580, 1600, 1620, 1640, 1660, 1680, 1700, 1720, 1740, 1760, 1780, 1800, 1820, 1840, 1860, 1880, 1900, 1920, 1940, 1960, 1980, 2000, 2020, 2040, 2060, 2080, 2100, 2120, 2140, 2160, 2180, 2200, 2220, 2240, 2260, 2280, 2300, 2320, 2340, 2360, 2380, 2400, 2420, 2440, 2460, 2480, 2500, 2520, 2540, 2560, 2580, 2600, 2620, 2640, 2660, 2680, 2700, 2720, 2740, 2760, 2780, 2800, 2820, 2840, 2860, 2880, 2900, 2920, 2940, 2960, 2980, 3000, 3020, 3040, 3060, 3080, 3100, 3120, 3140, 3160, 3180, 3200, 3220, 3240, 3260, 3280, 3300, 3320, 3340, 3360, 3380, 3400, 3420, 3440, 3460, 3480, 3500, 3520, 3540, 3560, 3580, 3600, 3620, 3640, 3660, 3680, 3700, 3720, 3740, 3760, 3780, 3800, 3820, 3840, 3860, 3880, 3900, 3920, 3940, 3960, 3980, 4000, 4020, 4040, 4060, 4080, 4100, 4120, 4140, 4160, 4180, 4200, 4220, 4240, 4260, 4280, 4300, 4320, 4340, 4360, 4380, 4400, 4420, 4440, 4460, 4480, 4500, 4520, 4540, 4560, 4580, 4600, 4620, 4640, 4660, 4680, 4700, 4720, 4740, 4760, 4780, 4800, 4820, 4840, 4860, 4880, 4900, 4920, 4940, 4960, 4980, 5000], 'val_mse': [1.4350074529647827, 1.0714900493621826, 0.9580551981925964, 0.9649641513824463, 0.9362877011299133, 0.8342514038085938, 0.8319030404090881, 0.8114898204803467, 0.8829726576805115, 0.8364930748939514, 0.8744505643844604, 0.8805555105209351, 0.8631418943405151, 0.7770406007766724, 0.7538737058639526, 0.7389945387840271, 0.781198263168335, 0.7643511891365051, 0.7549482583999634, 0.8395602107048035, 0.7442879676818848, 0.7820717096328735, 0.958113431930542, 0.7348735332489014, 0.7425807118415833, 0.7325567007064819, 0.7336073517799377, 0.7627890110015869, 0.7931529879570007, 0.8136021494865417, 0.8364282846450806, 0.737833559513092, 0.8327971696853638, 0.7376233339309692, 0.7396464347839355, 0.8091527819633484, 0.7502440214157104, 0.7562669515609741, 0.7810173630714417, 0.762998640537262, 0.8489726781845093, 0.787828803062439, 0.8443670868873596, 0.7570206522941589, 0.7331714034080505, 0.7594289183616638, 0.8521018028259277, 0.7371546626091003, 0.7702429294586182, 0.7726936936378479, 0.775242805480957, 0.7592610716819763, 0.7332145571708679, 0.7957964539527893, 0.7333436608314514, 0.7493628859519958, 0.8704570531845093, 0.7343224883079529, 0.8261324167251587, 0.7295427322387695, 0.8447950482368469, 0.800265908241272, 0.7602847814559937, 0.7226565480232239, 0.7371383309364319, 0.735148549079895, 0.788409411907196, 0.768664538860321, 0.7519538402557373, 0.9595444202423096, 0.7312070727348328, 0.7381795644760132, 0.7619303464889526, 0.7347347736358643, 0.828593373298645, 0.848831057548523, 0.7309362292289734, 0.9108638763427734, 0.7165315747261047, 0.7900710701942444, 0.7633770704269409, 0.7458857297897339, 0.9604237675666809, 0.7599083781242371, 0.8337696194648743, 0.761058509349823, 0.7315987348556519, 0.7309183478355408, 0.7252511978149414, 0.7500656843185425, 0.7922307252883911, 0.7722191214561462, 0.8213551640510559, 0.7480950355529785, 0.7865241169929504, 0.7913623452186584, 0.7321563363075256, 0.7308352589607239, 0.898654043674469, 0.8321478366851807, 0.7499181032180786, 0.7371119260787964, 0.7316333055496216, 0.7458310723304749, 0.731681764125824, 0.8931137919425964, 0.7637801766395569, 0.7369521260261536, 0.8051488995552063, 0.7677329778671265, 0.7818356156349182, 0.712734043598175, 0.9137393236160278, 1.0072048902511597, 0.7422443628311157, 0.8753059506416321, 0.7357045412063599, 0.8982555270195007, 0.7333275079727173, 0.7869023680686951, 0.7838797569274902, 0.8884072303771973, 0.7285167574882507, 1.0381464958190918, 0.834908664226532, 0.7395116090774536, 0.8425105214118958, 0.74977707862854, 0.7187038064002991, 0.8199982643127441, 0.7753578424453735, 0.7138260006904602, 0.7625888586044312, 0.7449526190757751, 0.812538743019104, 0.7319405674934387, 0.7218031883239746, 0.7478043437004089, 0.7222937941551208, 0.8058838248252869, 0.7742285132408142, 0.7523574829101562, 0.730414092540741, 0.763739824295044, 0.8700965642929077, 0.7890222668647766, 0.7614678144454956, 0.8324390649795532, 0.7218590974807739, 0.7903099060058594, 0.8212965130805969, 0.7462589144706726, 0.8661425113677979, 0.7312367558479309, 0.8006829023361206, 0.7672433853149414, 0.775485098361969, 0.8178610801696777, 0.7965914607048035, 0.7457684278488159, 0.7239421606063843, 1.1495760679244995, 0.8208450078964233, 0.7458359599113464, 0.7090996503829956, 0.7139021158218384, 0.7723836898803711, 0.7954373955726624, 0.7317471504211426, 0.9279846549034119, 0.7178744673728943, 0.7671789526939392, 0.7415973544120789, 0.8581581115722656, 0.8172157406806946, 0.843187689781189, 0.7398445010185242, 0.8584828972816467, 1.0174371004104614, 0.8063252568244934, 0.732872724533081, 0.7261484265327454, 0.7366721630096436, 0.7408049702644348, 0.7565698027610779, 0.9082801938056946, 0.7803444266319275, 0.8041408061981201, 0.7654722332954407, 0.7924711108207703, 0.873183012008667, 0.7636242508888245, 0.7846584320068359, 0.714174211025238, 0.7333073616027832, 0.7180649638175964, 0.7736415266990662, 0.7206159234046936, 1.1522382497787476, 0.7395245432853699, 0.7466311454772949, 0.7543063163757324, 0.7821326851844788, 0.8243353366851807, 1.020329236984253, 0.860791027545929, 0.7383385896682739, 0.7079070806503296, 0.7359257340431213, 0.7456307411193848, 0.7242153882980347, 0.719481885433197, 0.7648267149925232, 0.8486405611038208, 0.7758219242095947, 0.7152461409568787, 0.944673478603363, 0.7611114382743835, 0.7244960069656372, 0.7669762969017029, 0.7639902234077454, 0.8671777248382568, 0.7886978983879089, 0.7524365782737732, 0.7195250988006592, 0.8374574780464172, 0.7440751791000366, 0.7257570624351501, 0.7328190803527832, 0.9807649850845337, 0.7163744568824768, 0.7640447020530701, 0.7499109506607056, 0.8721385598182678, 0.7310798764228821, 0.7683916687965393, 0.8224564790725708, 0.780381977558136, 0.7343316674232483, 0.7389099597930908, 0.7425545454025269, 0.7194223403930664, 0.7186838388442993, 0.7256031632423401, 0.7318514585494995, 0.7495251297950745, 0.7122811675071716, 0.792434811592102, 0.7586666345596313, 0.7339990139007568], 'val_mae': [1.0044381618499756, 0.8270065784454346, 0.757212221622467, 0.7833287119865417, 0.7711880207061768, 0.7038534283638, 0.7025021314620972, 0.6955664753913879, 0.7443076968193054, 0.7168048620223999, 0.7429701089859009, 0.7444489598274231, 0.7357409000396729, 0.6766954064369202, 0.6637873649597168, 0.6412625312805176, 0.674745500087738, 0.65892493724823, 0.6594209671020508, 0.7190729975700378, 0.6524332165718079, 0.6799746155738831, 0.7955751419067383, 0.6418977379798889, 0.641223132610321, 0.6467865705490112, 0.6362165808677673, 0.6391075849533081, 0.6864523887634277, 0.6984575986862183, 0.7068430781364441, 0.6450498104095459, 0.7145196199417114, 0.6383448839187622, 0.6364465355873108, 0.6698371767997742, 0.6366021633148193, 0.6621257662773132, 0.6789678931236267, 0.6619683504104614, 0.7258819341659546, 0.6839698553085327, 0.71501225233078, 0.6623120307922363, 0.6305004358291626, 0.6677131056785583, 0.7278280258178711, 0.6503480672836304, 0.6726711392402649, 0.6778545379638672, 0.6794136166572571, 0.6675906181335449, 0.648811399936676, 0.6868094801902771, 0.6349756121635437, 0.658553957939148, 0.6964022517204285, 0.6416309475898743, 0.7185829281806946, 0.6428093314170837, 0.729297935962677, 0.7015613317489624, 0.6723849773406982, 0.6427095532417297, 0.6492905616760254, 0.6395368576049805, 0.6852024793624878, 0.6701507568359375, 0.6522805094718933, 0.7821755409240723, 0.6394443511962891, 0.6421235203742981, 0.6459585428237915, 0.634318470954895, 0.7054389715194702, 0.7281091213226318, 0.6386302709579468, 0.7340773344039917, 0.623324453830719, 0.6834288239479065, 0.6649938821792603, 0.6523863077163696, 0.7410080432891846, 0.6647881865501404, 0.7175062298774719, 0.6413249373435974, 0.6242672801017761, 0.6285741925239563, 0.6256637573242188, 0.6563090085983276, 0.6650810241699219, 0.6707013249397278, 0.7063934206962585, 0.6497102975845337, 0.6817967295646667, 0.6888914108276367, 0.635470986366272, 0.6346309781074524, 0.738985538482666, 0.7063677906990051, 0.6556933522224426, 0.6406722068786621, 0.6390861868858337, 0.6471063494682312, 0.6345998048782349, 0.7381255626678467, 0.6369229555130005, 0.6319268345832825, 0.693422794342041, 0.6637976169586182, 0.6671919226646423, 0.6225897669792175, 0.7595164775848389, 0.817225456237793, 0.6360012292861938, 0.7408695220947266, 0.6412794589996338, 0.7496798634529114, 0.6425313353538513, 0.6794906854629517, 0.6790931224822998, 0.7450023889541626, 0.621156632900238, 0.8235326409339905, 0.7119805216789246, 0.6311624646186829, 0.7121376991271973, 0.6463289856910706, 0.6254177093505859, 0.7002195119857788, 0.6721330285072327, 0.6170935034751892, 0.6417298913002014, 0.642657995223999, 0.6953282952308655, 0.6349685788154602, 0.625413179397583, 0.649934709072113, 0.6243383884429932, 0.6845995187759399, 0.6666847467422485, 0.647053599357605, 0.6329129338264465, 0.6473670601844788, 0.7193941473960876, 0.6730587482452393, 0.6527110934257507, 0.6987826228141785, 0.6186124086380005, 0.6748122572898865, 0.6649249196052551, 0.6384925246238708, 0.7235085964202881, 0.622773289680481, 0.6854653358459473, 0.6605030298233032, 0.666836678981781, 0.6944592595100403, 0.6838349103927612, 0.6403059363365173, 0.6324132084846497, 0.885745108127594, 0.7061214447021484, 0.6539314389228821, 0.6210476756095886, 0.6243913769721985, 0.6691023111343384, 0.6844218373298645, 0.6284386515617371, 0.764878511428833, 0.6221916675567627, 0.6641794443130493, 0.6313524842262268, 0.7260732054710388, 0.7002377510070801, 0.7171596884727478, 0.6394419074058533, 0.7122509479522705, 0.8181506991386414, 0.6886802911758423, 0.6244373917579651, 0.632219672203064, 0.6394752860069275, 0.6318522095680237, 0.6307647228240967, 0.7504004836082458, 0.6687990427017212, 0.6846070885658264, 0.6454406976699829, 0.6531726121902466, 0.73423832654953, 0.661456286907196, 0.6725956797599792, 0.6194552779197693, 0.6301003694534302, 0.6254830360412598, 0.6693791151046753, 0.6246187686920166, 0.8887807130813599, 0.6441850066184998, 0.6547769904136658, 0.656206488609314, 0.6756117939949036, 0.6687742471694946, 0.8209977149963379, 0.7259125113487244, 0.6397746205329895, 0.6191655397415161, 0.6400260329246521, 0.6469143033027649, 0.6273303627967834, 0.6224130988121033, 0.6553505063056946, 0.714496910572052, 0.6492413878440857, 0.6230498552322388, 0.7193039059638977, 0.6518033742904663, 0.6279147267341614, 0.6405441164970398, 0.6541486382484436, 0.7198057770729065, 0.6759302020072937, 0.6435166597366333, 0.6243744492530823, 0.7069188952445984, 0.6310463547706604, 0.6233051419258118, 0.6310503482818604, 0.7878755927085876, 0.6223849058151245, 0.6457165479660034, 0.6498944759368896, 0.7310473918914795, 0.6230652928352356, 0.65007084608078, 0.6975633502006531, 0.6644589304924011, 0.6298518776893616, 0.6333488821983337, 0.643104076385498, 0.6230008006095886, 0.6176149845123291, 0.628760576248169, 0.6366584897041321, 0.647745668888092, 0.6182569265365601, 0.6464039087295532, 0.6496323347091675, 0.6340675950050354]}",5000,42.97191667556763,,0.8911476135253906,0.6190310120582581,"{'train': 1529, 'val': 327, 'test': 329}",c:\Users\ydreizin\OneDrive - NVIDIA Corporation\Documents\Technion\RateAhead\notebooks\artifacts\pretrained_finetune\checkpoints\finetune_dora_budget5000_seed0.pt,low_budget,43465000.0
c6ab45c77dc9,dora,1.0,5000,1,187894,8693,8693,0.6839383840560913,4380,"{'global_step': [20, 40, 60, 80, 100, 120, 140, 160, 180, 200, 220, 240, 260, 280, 300, 320, 340, 360, 380, 400, 420, 440, 460, 480, 500, 520, 540, 560, 580, 600, 620, 640, 660, 680, 700, 720, 740, 760, 780, 800, 820, 840, 860, 880, 900, 920, 940, 960, 980, 1000, 1020, 1040, 1060, 1080, 1100, 1120, 1140, 1160, 1180, 1200, 1220, 1240, 1260, 1280, 1300, 1320, 1340, 1360, 1380, 1400, 1420, 1440, 1460, 1480, 1500, 1520, 1540, 1560, 1580, 1600, 1620, 1640, 1660, 1680, 1700, 1720, 1740, 1760, 1780, 1800, 1820, 1840, 1860, 1880, 1900, 1920, 1940, 1960, 1980, 2000, 2020, 2040, 2060, 2080, 2100, 2120, 2140, 2160, 2180, 2200, 2220, 2240, 2260, 2280, 2300, 2320, 2340, 2360, 2380, 2400, 2420, 2440, 2460, 2480, 2500, 2520, 2540, 2560, 2580, 2600, 2620, 2640, 2660, 2680, 2700, 2720, 2740, 2760, 2780, 2800, 2820, 2840, 2860, 2880, 2900, 2920, 2940, 2960, 2980, 3000, 3020, 3040, 3060, 3080, 3100, 3120, 3140, 3160, 3180, 3200, 3220, 3240, 3260, 3280, 3300, 3320, 3340, 3360, 3380, 3400, 3420, 3440, 3460, 3480, 3500, 3520, 3540, 3560, 3580, 3600, 3620, 3640, 3660, 3680, 3700, 3720, 3740, 3760, 3780, 3800, 3820, 3840, 3860, 3880, 3900, 3920, 3940, 3960, 3980, 4000, 4020, 4040, 4060, 4080, 4100, 4120, 4140, 4160, 4180, 4200, 4220, 4240, 4260, 4280, 4300, 4320, 4340, 4360, 4380, 4400, 4420, 4440, 4460, 4480, 4500, 4520, 4540, 4560, 4580, 4600, 4620, 4640, 4660, 4680, 4700, 4720, 4740, 4760, 4780, 4800, 4820, 4840, 4860, 4880, 4900, 4920, 4940, 4960, 4980, 5000], 'val_mse': [1.5759953260421753, 1.054200530052185, 1.0108387470245361, 0.9002094864845276, 0.8647959232330322, 0.8424461483955383, 0.8329830169677734, 0.8285353779792786, 0.7857563495635986, 0.8124740719795227, 0.7975518107414246, 0.7941197156906128, 0.8049811720848083, 0.8011294603347778, 0.7422195076942444, 0.847335696220398, 0.8436368107795715, 0.8143758773803711, 0.7781070470809937, 0.752158522605896, 0.7365682721138, 0.7755038738250732, 0.8497614860534668, 0.8244630694389343, 0.7195114493370056, 0.7223705053329468, 0.7245393991470337, 0.7328790426254272, 0.7242926955223083, 0.7781744003295898, 0.7293186783790588, 0.7210193872451782, 0.7293035984039307, 0.9970003366470337, 0.7235485911369324, 0.7257757186889648, 0.7081605195999146, 0.7080159783363342, 0.7327127456665039, 0.7320924997329712, 0.8754415512084961, 0.743076503276825, 0.7361689805984497, 0.7756756544113159, 0.7295651435852051, 0.7485065460205078, 0.7635549306869507, 0.7277896404266357, 0.7740988731384277, 0.7163841128349304, 0.7382670640945435, 0.7696983218193054, 0.8048582673072815, 0.7361973524093628, 0.9547055959701538, 0.7584425210952759, 0.7493354082107544, 0.7183718085289001, 0.7783045768737793, 0.7991356253623962, 0.7203604578971863, 0.7454903721809387, 0.732096254825592, 0.7284702658653259, 1.022275686264038, 0.712052047252655, 0.7318479418754578, 0.7457919120788574, 0.8451969027519226, 0.7317741513252258, 0.9834498763084412, 0.7063198089599609, 0.7517160177230835, 0.7661215662956238, 0.7007662057876587, 0.7362307906150818, 0.7399564981460571, 0.766909658908844, 0.7541988492012024, 0.7776219248771667, 0.7079919576644897, 0.7173932790756226, 0.7468166351318359, 0.7574238777160645, 0.7651818990707397, 0.7345921993255615, 0.7482309937477112, 0.7079246044158936, 0.7451247572898865, 0.7243852019309998, 0.8256573677062988, 0.7476235032081604, 0.738131582736969, 0.8311351537704468, 0.7693802714347839, 0.8804237246513367, 0.7826005220413208, 0.7754503488540649, 0.7172154188156128, 0.7766886949539185, 0.7064487934112549, 0.7431749701499939, 0.7052748799324036, 0.9563547372817993, 0.8741077184677124, 0.707475483417511, 0.7150120735168457, 0.7330495119094849, 0.8425257802009583, 0.710457444190979, 0.7695964574813843, 0.7552544474601746, 0.815966784954071, 0.7375069856643677, 0.7306168675422668, 0.7190015912055969, 0.8254098892211914, 0.7222993969917297, 0.7267962098121643, 0.7154026627540588, 0.9512625932693481, 0.7996267080307007, 0.7538489699363708, 0.7086198925971985, 0.7454091906547546, 0.8091917634010315, 0.8107588291168213, 0.7318311333656311, 0.7184935212135315, 0.8957957029342651, 0.7100293636322021, 0.71015465259552, 0.8725595474243164, 0.8931904435157776, 0.7219933867454529, 0.6987574696540833, 0.7803850769996643, 0.7301730513572693, 0.7361739277839661, 0.8690139651298523, 0.8210236430168152, 0.7877746224403381, 0.7660188674926758, 0.7923247218132019, 0.835335910320282, 0.8065794706344604, 0.7731609344482422, 0.8571875095367432, 0.7399327158927917, 0.7221543192863464, 0.7341616153717041, 0.7154914140701294, 0.9059963226318359, 0.7849328517913818, 0.7258847951889038, 0.7193827629089355, 0.696527361869812, 0.7982217073440552, 0.7569987773895264, 0.7937115430831909, 0.8564439415931702, 0.7135090827941895, 0.7556793689727783, 0.7022275328636169, 0.7035548686981201, 0.7086975574493408, 0.7536745667457581, 0.7035725712776184, 0.7136043310165405, 0.8983585238456726, 0.8446447849273682, 0.7331593632698059, 0.6938143372535706, 0.6873404383659363, 0.8319118022918701, 0.7297301292419434, 0.7198880910873413, 0.6885162591934204, 0.7142509818077087, 0.7099666595458984, 0.7543582916259766, 0.8507266640663147, 0.7720280289649963, 0.966107189655304, 0.8867197632789612, 0.7212024927139282, 0.7427335381507874, 0.8581877946853638, 0.7416286468505859, 0.689580500125885, 0.7006577849388123, 0.7028632164001465, 0.7262860536575317, 0.7166365385055542, 0.7277087569236755, 0.7271428108215332, 0.716915488243103, 0.7158300876617432, 0.7360756993293762, 0.7107378840446472, 0.7300624847412109, 0.6949533224105835, 0.7685951590538025, 0.7899648547172546, 0.716128408908844, 0.7639623880386353, 0.6969996094703674, 0.8001651763916016, 0.8920091390609741, 0.7186446189880371, 0.7399111390113831, 0.6935251951217651, 0.8919021487236023, 0.7267225980758667, 0.8209422826766968, 0.7693366408348083, 0.8032106161117554, 0.9143322110176086, 0.6839383840560913, 0.740231454372406, 0.7149518728256226, 0.7030222415924072, 0.7340344786643982, 0.8033222556114197, 0.7640528678894043, 0.7023100852966309, 0.9312140345573425, 0.7799386978149414, 0.8100239038467407, 0.8309652805328369, 0.809585690498352, 0.7490663528442383, 0.7057170271873474, 0.7123908400535583, 0.764170229434967, 0.7124093174934387, 0.7838430404663086, 0.8367065787315369, 0.6976075768470764, 0.8205351829528809, 0.8301584720611572, 0.8154521584510803, 0.7435429692268372, 0.698439359664917, 0.7214332818984985, 0.7266154885292053, 0.8149750828742981, 0.7865697741508484, 0.7071356773376465, 0.7472542524337769], 'val_mae': [1.0619710683822632, 0.8115079402923584, 0.8043033480644226, 0.7419494986534119, 0.7240055799484253, 0.7034420967102051, 0.6849340796470642, 0.7104274034500122, 0.6766613125801086, 0.7039211392402649, 0.678240180015564, 0.6900837421417236, 0.7028099298477173, 0.6964804530143738, 0.6550266146659851, 0.7237655520439148, 0.7230892181396484, 0.704264760017395, 0.6762233972549438, 0.663250744342804, 0.6436131596565247, 0.6841605305671692, 0.7257569432258606, 0.7121561765670776, 0.6326013207435608, 0.6419011354446411, 0.6436851024627686, 0.6471377015113831, 0.6310310959815979, 0.6550837755203247, 0.6375000476837158, 0.6321998238563538, 0.6405572295188904, 0.8094724416732788, 0.6370341181755066, 0.636826753616333, 0.6177076101303101, 0.6215661764144897, 0.6446516513824463, 0.6356039047241211, 0.7492002844810486, 0.6555765867233276, 0.6515918970108032, 0.6769430637359619, 0.6287444829940796, 0.6595709919929504, 0.6686612963676453, 0.6381415724754333, 0.6787010431289673, 0.6232491731643677, 0.6557717323303223, 0.680910050868988, 0.7031078934669495, 0.6523574590682983, 0.78830486536026, 0.658877432346344, 0.6622249484062195, 0.6269155144691467, 0.648555338382721, 0.6988644599914551, 0.6395040154457092, 0.6292386651039124, 0.652768611907959, 0.6515790820121765, 0.8267292976379395, 0.6315311193466187, 0.6433569192886353, 0.6389192938804626, 0.7280285358428955, 0.6492151021957397, 0.797913134098053, 0.6198662519454956, 0.6424878835678101, 0.6797552704811096, 0.6237634420394897, 0.6548205018043518, 0.6590362191200256, 0.6749932765960693, 0.6450299620628357, 0.6871815919876099, 0.6297864317893982, 0.635466992855072, 0.6623568534851074, 0.6376839280128479, 0.6471015214920044, 0.6481360793113708, 0.6618359684944153, 0.6184917092323303, 0.6548981070518494, 0.6422561407089233, 0.6724883317947388, 0.6666831374168396, 0.6596093773841858, 0.6855699419975281, 0.6841163039207458, 0.747090220451355, 0.6854016184806824, 0.6885930895805359, 0.646209180355072, 0.6733613014221191, 0.6269309520721436, 0.6600510478019714, 0.6299318075180054, 0.7871037721633911, 0.747435986995697, 0.6326783895492554, 0.6367785930633545, 0.6473758816719055, 0.7222998142242432, 0.6291235089302063, 0.6751751899719238, 0.6397297382354736, 0.7055439352989197, 0.6518328189849854, 0.6317222118377686, 0.6379035711288452, 0.7110527753829956, 0.6316699385643005, 0.6391358971595764, 0.628274142742157, 0.7835837006568909, 0.6890676617622375, 0.6611166596412659, 0.6291100978851318, 0.6415120959281921, 0.6625910401344299, 0.699776828289032, 0.6503171324729919, 0.6324328780174255, 0.7554778456687927, 0.6218680739402771, 0.6279050707817078, 0.743810772895813, 0.7540224194526672, 0.6383805871009827, 0.6204921007156372, 0.6830943822860718, 0.6414930820465088, 0.6466647982597351, 0.7328158617019653, 0.6655871868133545, 0.68060702085495, 0.6680004000663757, 0.686367392539978, 0.7129865884780884, 0.6972070336341858, 0.649732232093811, 0.7225598692893982, 0.6251204609870911, 0.6267122626304626, 0.644424319267273, 0.6208745837211609, 0.7283341884613037, 0.6830688118934631, 0.6398655772209167, 0.6203039288520813, 0.6102269291877747, 0.6873370409011841, 0.6562902927398682, 0.6800956726074219, 0.7296111583709717, 0.6230040192604065, 0.6578237414360046, 0.6178174018859863, 0.6207026243209839, 0.6268057227134705, 0.660179615020752, 0.6178240776062012, 0.627457857131958, 0.750175416469574, 0.7240819334983826, 0.6494442820549011, 0.6176709532737732, 0.6148583889007568, 0.7106263041496277, 0.6464022397994995, 0.6293577551841736, 0.6060262322425842, 0.6336933374404907, 0.6310645937919617, 0.640454113483429, 0.7225255966186523, 0.6359466910362244, 0.797792375087738, 0.7524170875549316, 0.6182820796966553, 0.6548445820808411, 0.728843092918396, 0.6538186073303223, 0.6044120192527771, 0.6142685413360596, 0.6166582703590393, 0.6278979182243347, 0.6287503838539124, 0.6240168809890747, 0.6265486478805542, 0.6249416470527649, 0.6283752918243408, 0.6300715208053589, 0.6278151273727417, 0.6415073275566101, 0.6144481301307678, 0.6696452498435974, 0.6870242953300476, 0.6293484568595886, 0.6685014367103577, 0.6217514872550964, 0.6946312189102173, 0.749967634677887, 0.6243866682052612, 0.6447349190711975, 0.618078887462616, 0.7519099116325378, 0.6420196294784546, 0.7066614031791687, 0.675399661064148, 0.7016007900238037, 0.7628676295280457, 0.6106430888175964, 0.6276763081550598, 0.6189011931419373, 0.6294751763343811, 0.6253491044044495, 0.7030424475669861, 0.6737573146820068, 0.6173052191734314, 0.7693551778793335, 0.6806624531745911, 0.6727755069732666, 0.7120481729507446, 0.697780430316925, 0.6597990989685059, 0.6214905977249146, 0.6281192302703857, 0.6676250100135803, 0.6304516792297363, 0.6813050508499146, 0.6753543019294739, 0.6081677675247192, 0.7071600556373596, 0.7112984657287598, 0.6892558336257935, 0.6457812786102295, 0.6218913793563843, 0.642219603061676, 0.6400750875473022, 0.6996438503265381, 0.6817408800125122, 0.6164472699165344, 0.6465277075767517]}",5000,45.70934557914734,,0.8937272429466248,0.6260713338851929,"{'train': 1529, 'val': 327, 'test': 329}",c:\Users\ydreizin\OneDrive - NVIDIA Corporation\Documents\Technion\RateAhead\notebooks\artifacts\pretrained_finetune\checkpoints\finetune_dora_budget5000_seed1.pt,low_budget,43465000.0
28237b5ebed6,dora,1.0,5000,2,187894,8693,8693,0.7035073637962341,4900,"{'global_step': [20, 40, 60, 80, 100, 120, 140, 160, 180, 200, 220, 240, 260, 280, 300, 320, 340, 360, 380, 400, 420, 440, 460, 480, 500, 520, 540, 560, 580, 600, 620, 640, 660, 680, 700, 720, 740, 760, 780, 800, 820, 840, 860, 880, 900, 920, 940, 960, 980, 1000, 1020, 1040, 1060, 1080, 1100, 1120, 1140, 1160, 1180, 1200, 1220, 1240, 1260, 1280, 1300, 1320, 1340, 1360, 1380, 1400, 1420, 1440, 1460, 1480, 1500, 1520, 1540, 1560, 1580, 1600, 1620, 1640, 1660, 1680, 1700, 1720, 1740, 1760, 1780, 1800, 1820, 1840, 1860, 1880, 1900, 1920, 1940, 1960, 1980, 2000, 2020, 2040, 2060, 2080, 2100, 2120, 2140, 2160, 2180, 2200, 2220, 2240, 2260, 2280, 2300, 2320, 2340, 2360, 2380, 2400, 2420, 2440, 2460, 2480, 2500, 2520, 2540, 2560, 2580, 2600, 2620, 2640, 2660, 2680, 2700, 2720, 2740, 2760, 2780, 2800, 2820, 2840, 2860, 2880, 2900, 2920, 2940, 2960, 2980, 3000, 3020, 3040, 3060, 3080, 3100, 3120, 3140, 3160, 3180, 3200, 3220, 3240, 3260, 3280, 3300, 3320, 3340, 3360, 3380, 3400, 3420, 3440, 3460, 3480, 3500, 3520, 3540, 3560, 3580, 3600, 3620, 3640, 3660, 3680, 3700, 3720, 3740, 3760, 3780, 3800, 3820, 3840, 3860, 3880, 3900, 3920, 3940, 3960, 3980, 4000, 4020, 4040, 4060, 4080, 4100, 4120, 4140, 4160, 4180, 4200, 4220, 4240, 4260, 4280, 4300, 4320, 4340, 4360, 4380, 4400, 4420, 4440, 4460, 4480, 4500, 4520, 4540, 4560, 4580, 4600, 4620, 4640, 4660, 4680, 4700, 4720, 4740, 4760, 4780, 4800, 4820, 4840, 4860, 4880, 4900, 4920, 4940, 4960, 4980, 5000], 'val_mse': [1.2213722467422485, 1.0869951248168945, 0.9559382200241089, 1.1197956800460815, 0.8480601906776428, 0.8103739619255066, 0.80162513256073, 0.9231366515159607, 0.838131844997406, 0.8253342509269714, 0.7897569537162781, 0.7817364931106567, 0.8094898462295532, 0.8485499620437622, 0.8773778676986694, 1.026410460472107, 0.7962111830711365, 0.768466055393219, 0.7540441751480103, 0.7584345936775208, 0.731723964214325, 0.7785652875900269, 0.7636374235153198, 0.734563410282135, 0.7545926570892334, 0.7507293820381165, 0.7586587071418762, 0.7535384297370911, 0.754274845123291, 0.7666335105895996, 0.8647069931030273, 0.7784110307693481, 0.7940115928649902, 0.7567829489707947, 0.8724268078804016, 0.7897903323173523, 0.7619673013687134, 0.7256287932395935, 0.7655143141746521, 0.723898708820343, 0.7553948163986206, 0.750796377658844, 0.8143043518066406, 0.7189803123474121, 0.7653990387916565, 0.7403725981712341, 1.0299888849258423, 0.7949525117874146, 0.7677189111709595, 0.7864857912063599, 0.8852204084396362, 0.7530588507652283, 0.929721474647522, 0.7881205677986145, 0.7491493225097656, 0.807662844657898, 0.8825108408927917, 0.7920265197753906, 0.7514261603355408, 0.7493212819099426, 0.7309056520462036, 0.7951652407646179, 0.9362229108810425, 0.7359134554862976, 0.7386450171470642, 0.8556041717529297, 1.1244795322418213, 0.8247103095054626, 0.7407873272895813, 0.7542909979820251, 0.8069392442703247, 0.7291533946990967, 0.7832483053207397, 0.9755800366401672, 0.7121719121932983, 0.7893112897872925, 0.7419185638427734, 0.7401201725006104, 0.7394210696220398, 0.720264196395874, 0.7767205238342285, 0.7845399379730225, 0.7183675765991211, 0.7274224162101746, 0.7441781759262085, 0.770436704158783, 0.79986172914505, 0.7523749470710754, 0.7309561967849731, 0.7157090902328491, 0.7548580169677734, 0.7642946243286133, 0.7213118672370911, 1.0390067100524902, 0.7122612595558167, 0.7917349934577942, 0.7388595342636108, 0.9297549724578857, 0.7127218842506409, 0.7395343780517578, 0.7455489635467529, 0.7069928646087646, 0.8139758706092834, 0.9478846788406372, 0.7485536336898804, 0.758195161819458, 0.9335948824882507, 0.717819333076477, 0.8015834093093872, 0.7495943307876587, 0.7370108962059021, 0.7378264665603638, 0.7070468068122864, 0.7211142778396606, 0.8005428314208984, 0.8567622303962708, 0.7585564255714417, 0.8148173689842224, 0.7127256989479065, 0.7509961724281311, 0.7943389415740967, 0.7341868281364441, 0.757725179195404, 1.0551015138626099, 0.7686751484870911, 0.8102688789367676, 0.7369922399520874, 0.8076379299163818, 0.7240590453147888, 0.793621301651001, 0.7109009027481079, 0.9695485830307007, 0.7830955982208252, 0.8072402477264404, 0.7452001571655273, 0.7469266057014465, 0.765965461730957, 0.8346824645996094, 0.7447729706764221, 1.0701340436935425, 0.8187173008918762, 0.7113831043243408, 0.825393795967102, 0.8121593594551086, 0.7523173093795776, 0.7969121336936951, 0.7367629408836365, 0.754190981388092, 0.7788698673248291, 0.7419241070747375, 0.7366592288017273, 0.8167687058448792, 0.7466534972190857, 0.7494814991950989, 0.7484533190727234, 0.7610082626342773, 0.725918710231781, 0.8439484238624573, 0.7152507305145264, 0.7226077914237976, 0.7527257204055786, 0.7661716341972351, 0.7389925718307495, 0.9546738266944885, 0.8455178737640381, 0.8359127044677734, 0.7257755994796753, 0.7642103433609009, 0.7178728580474854, 0.860690712928772, 0.7473474144935608, 0.7808383703231812, 0.7233394980430603, 0.8335675001144409, 0.7038079500198364, 0.7376514673233032, 0.8274555802345276, 0.7288114428520203, 0.8121534585952759, 0.7782198786735535, 1.269248604774475, 0.7330554723739624, 0.799475908279419, 0.7108185291290283, 0.7532827854156494, 0.7186852097511292, 0.7192286849021912, 0.7944654822349548, 0.7541443109512329, 0.7245903611183167, 0.7330520153045654, 0.7348674535751343, 0.7105372548103333, 0.7672500014305115, 0.7231192588806152, 0.7642134428024292, 0.726714015007019, 0.7190142869949341, 0.8627810478210449, 0.9353055357933044, 0.7493274211883545, 0.719955325126648, 0.7722316384315491, 0.7107123732566833, 0.716416597366333, 0.7217221260070801, 0.9390894174575806, 0.7176185250282288, 0.9202595949172974, 0.8330739736557007, 0.713756799697876, 0.7891831994056702, 0.782325267791748, 0.8232603073120117, 0.754789412021637, 0.7150072455406189, 0.762762725353241, 0.7137232422828674, 0.8147751688957214, 0.7660251259803772, 0.762129008769989, 0.7422522902488708, 0.7504623532295227, 0.7272435426712036, 0.7233353853225708, 0.8503774404525757, 0.7868800759315491, 0.7807372212409973, 0.7553702592849731, 0.815834641456604, 0.7968058586120605, 0.7365145683288574, 0.7302390933036804, 0.7529305815696716, 0.751850426197052, 0.7684019804000854, 0.9436566233634949, 0.7716063261032104, 0.7216428518295288, 0.7057958245277405, 0.7330493330955505, 0.7976346015930176, 0.7320016622543335, 0.7092282772064209, 0.7035073637962341, 0.7383108139038086, 0.7373790144920349, 0.7315497398376465, 0.7224730849266052, 0.7859106063842773], 'val_mae': [0.9001996517181396, 0.8350569605827332, 0.756399929523468, 0.8694855570793152, 0.7124629616737366, 0.6833414435386658, 0.6844197511672974, 0.7735632061958313, 0.7177823185920715, 0.7135949730873108, 0.686159610748291, 0.6845384240150452, 0.7071297764778137, 0.7316945195198059, 0.7469577789306641, 0.824921190738678, 0.68895423412323, 0.6549129486083984, 0.6488521695137024, 0.6667391657829285, 0.638752818107605, 0.6771346926689148, 0.668838620185852, 0.6317765116691589, 0.6654289364814758, 0.6612432599067688, 0.6636756062507629, 0.6615394353866577, 0.6634954214096069, 0.6712907552719116, 0.7335325479507446, 0.6773203015327454, 0.6853784322738647, 0.656011164188385, 0.7349653840065002, 0.6815930008888245, 0.646209180355072, 0.6353688836097717, 0.6412496566772461, 0.625322163105011, 0.6593759655952454, 0.6527087688446045, 0.6986950635910034, 0.6259977221488953, 0.6375881433486938, 0.6419966220855713, 0.8198476433753967, 0.6824003458023071, 0.6642549633979797, 0.678174614906311, 0.7371144890785217, 0.6511431932449341, 0.7626296877861023, 0.6781615018844604, 0.6390472650527954, 0.6916969418525696, 0.7378066182136536, 0.6789283752441406, 0.6443430781364441, 0.6472368240356445, 0.6348726749420166, 0.68464195728302, 0.7176051139831543, 0.6366643905639648, 0.6482166051864624, 0.730190098285675, 0.8791200518608093, 0.706160306930542, 0.6412686705589294, 0.6625982522964478, 0.6953670978546143, 0.6278887391090393, 0.6821370124816895, 0.7964891791343689, 0.620185911655426, 0.6829612255096436, 0.6360765099525452, 0.6404781937599182, 0.6531587839126587, 0.6279082894325256, 0.6748437881469727, 0.6795713305473328, 0.6289740800857544, 0.6348778605461121, 0.6481889486312866, 0.6597931981086731, 0.6936061382293701, 0.6549967527389526, 0.6410385370254517, 0.624750554561615, 0.6605927348136902, 0.6691209673881531, 0.631310224533081, 0.8178079128265381, 0.6176568865776062, 0.6850587725639343, 0.647771418094635, 0.7722319960594177, 0.6267759203910828, 0.6497995257377625, 0.6494839787483215, 0.624995231628418, 0.6939077377319336, 0.7834680676460266, 0.6402226090431213, 0.6610901951789856, 0.7753067016601562, 0.6336110234260559, 0.6945798397064209, 0.6312088966369629, 0.6368828415870667, 0.6449831128120422, 0.620578408241272, 0.6368432641029358, 0.6938279867172241, 0.7230943441390991, 0.6617255210876465, 0.6991185545921326, 0.622823178768158, 0.652506411075592, 0.6848631501197815, 0.630765974521637, 0.6513112187385559, 0.8330071568489075, 0.6629179120063782, 0.6871862411499023, 0.638031542301178, 0.6940274238586426, 0.632083535194397, 0.680936336517334, 0.6196256279945374, 0.7882338762283325, 0.6713159084320068, 0.6950076222419739, 0.6525626182556152, 0.6529967188835144, 0.6655000448226929, 0.7143417000770569, 0.6499860882759094, 0.8364173769950867, 0.7026275992393494, 0.6230997443199158, 0.7070335745811462, 0.691693127155304, 0.6516788005828857, 0.6807321906089783, 0.6338655352592468, 0.65776127576828, 0.672805905342102, 0.635075032711029, 0.6411795020103455, 0.7001872658729553, 0.6538041830062866, 0.6571047902107239, 0.6428462862968445, 0.6667178273200989, 0.6304259896278381, 0.6838554739952087, 0.6235225796699524, 0.6210447549819946, 0.6531217694282532, 0.6591500639915466, 0.6334575414657593, 0.7880702614784241, 0.7209874987602234, 0.710606038570404, 0.6287065744400024, 0.6626520156860352, 0.6204640865325928, 0.7241140007972717, 0.6498205065727234, 0.6519774198532104, 0.629000186920166, 0.7010490298271179, 0.6160647869110107, 0.6374444961547852, 0.7076302170753479, 0.6285583972930908, 0.6952466368675232, 0.6768562197685242, 0.9429110288619995, 0.633047878742218, 0.6903940439224243, 0.6240725517272949, 0.6576076149940491, 0.6261292695999146, 0.6215100288391113, 0.68950355052948, 0.6584933400154114, 0.6361346244812012, 0.6421207189559937, 0.640740692615509, 0.6170949935913086, 0.6642824411392212, 0.6280103921890259, 0.6548864841461182, 0.6252573728561401, 0.6256508827209473, 0.7264854311943054, 0.7707781791687012, 0.6548664569854736, 0.629011332988739, 0.6677321195602417, 0.6209511160850525, 0.622971773147583, 0.6383901834487915, 0.780918300151825, 0.636742115020752, 0.7580980062484741, 0.7117274403572083, 0.6190580129623413, 0.6842830777168274, 0.6769782304763794, 0.7066757678985596, 0.6520564556121826, 0.6248230934143066, 0.6675645709037781, 0.6327728033065796, 0.7012820243835449, 0.6696059703826904, 0.654081404209137, 0.6511884331703186, 0.6510212421417236, 0.6284007430076599, 0.6323480010032654, 0.7192967534065247, 0.6561595797538757, 0.6446729898452759, 0.6459306478500366, 0.6964921951293945, 0.6847985982894897, 0.6391839385032654, 0.6319125294685364, 0.6575208306312561, 0.6537320017814636, 0.6697528958320618, 0.7369294762611389, 0.6762872338294983, 0.6406015753746033, 0.624468982219696, 0.6524242758750916, 0.698046088218689, 0.6428393125534058, 0.6253049969673157, 0.6248220801353455, 0.6523007750511169, 0.6540454626083374, 0.6367295980453491, 0.629841148853302, 0.684593677520752]}",5000,47.41427659988403,,0.8913090825080872,0.6226900219917297,"{'train': 1529, 'val': 327, 'test': 329}",c:\Users\ydreizin\OneDrive - NVIDIA Corporation\Documents\Technion\RateAhead\notebooks\artifacts\pretrained_finetune\checkpoints\finetune_dora_budget5000_seed2.pt,low_budget,43465000.0
